source_type,source_path,revision,sha256,bytes,rows,timestamp_min,timestamp_max,status
INDEX,index/NIFTY.parquet,0f4800e43e6f96cec0794369d78eb4d3c4211ef5,613864738250107807354c17c7092986960220ac3062b830c65cc5f9ec16fcf7,8383208,486050,2021-05-24T09:07:00+05:30,2026-07-02T15:30:00+05:30,PASS
OPTION_EXPIRY,options/NIFTY/2021-05-27.parquet,0f4800e43e6f96cec0794369d78eb4d3c4211ef5,46aef7e94628ea3c180e4deb4998a19fab2d1082fce0529cc5ba6bca7313e26e,3624537,333365,2021-05-07T09:15:00+05:30,2021-05-27T15:30:00+05:30,PASS
OPTION_EXPIRY,options/NIFTY/2021-12-09.parquet,0f4800e43e6f96cec0794369d78eb4d3c4211ef5,b052768bb573a639dec2cd1a0128d40464c117e0a9628fd83757e06607b081a5,3814843,486666,2021-11-29T09:15:00+05:30,2021-12-09T15:30:00+05:30,PASS
OPTION_EXPIRY,options/NIFTY/2022-06-16.parquet,0f4800e43e6f96cec0794369d78eb4d3c4211ef5,f30098c49e0ce1ecf556d281e6c355bc42cecb9715dec80d40587f08735354f3,4222066,564292,2022-06-06T09:15:00+05:30,2022-06-16T15:30:00+05:30,PASS
OPTION_EXPIRY,options/NIFTY/2022-12-15.parquet,0f4800e43e6f96cec0794369d78eb4d3c4211ef5,b1cf4f5f3ac6516ea38d90bbc6311e8294941be2aac849b0de327b733b554f94,3270930,461574,2022-12-05T09:15:00+05:30,2022-12-15T15:30:00+05:30,PASS
OPTION_EXPIRY,options/NIFTY/2023-06-22.parquet,0f4800e43e6f96cec0794369d78eb4d3c4211ef5,435935f842611d7a943bddf200f38dde1575a7b789741e797976d53ea604c2e6,3028151,467481,2023-06-12T09:15:00+05:30,2023-06-22T15:30:00+05:30,PASS
OPTION_EXPIRY,options/NIFTY/2023-12-28.parquet,0f4800e43e6f96cec0794369d78eb4d3c4211ef5,afc826198ed386459f5f38ad5daa984b6a55093ffdf4d16e1c40489159fd87fd,4700893,442771,2023-10-30T09:15:00+05:30,2023-12-28T15:30:00+05:30,PASS
OPTION_EXPIRY,options/NIFTY/2024-01-04.parquet,0f4800e43e6f96cec0794369d78eb4d3c4211ef5,c7e4da3130309c2695b134e3027e3ba40767f7b99359c0f9fe78fc0bc37f5dbf,5139509,650030,2023-11-24T09:15:00+05:30,2024-01-04T15:30:00+05:30,PASS
OPTION_EXPIRY,options/NIFTY/2024-05-30.parquet,0f4800e43e6f96cec0794369d78eb4d3c4211ef5,7aa0b68ff53f2384cf8940036faa3243cf48733477bc4406eb18e94973283cb3,3366274,328082,2024-05-21T09:15:00+05:30,2024-05-30T15:30:00+05:30,PASS
OPTION_EXPIRY,options/NIFTY/2024-10-17.parquet,0f4800e43e6f96cec0794369d78eb4d3c4211ef5,4afde72d45f8a83da1a1a066b8528d9fb7b530b5960f7f57f89a4c5440f1267e,3644864,344736,2024-10-07T09:15:00+05:30,2024-10-17T15:30:00+05:30,PASS
OPTION_EXPIRY,options/NIFTY/2025-03-13.parquet,0f4800e43e6f96cec0794369d78eb4d3c4211ef5,8118362cc9e58b646ac98cdd7eaf59675b995ba907a07cba8819b477fcc84f61,3485905,341673,2025-03-03T09:15:00+05:30,2025-03-13T15:30:00+05:30,PASS
OPTION_EXPIRY,options/NIFTY/2025-07-31.parquet,0f4800e43e6f96cec0794369d78eb4d3c4211ef5,64572ceb2a40e1cb45b7b688e6041e724ae034521ed82cfbd05d6b1a1c24941f,3811657,370959,2025-07-21T09:15:00+05:30,2025-07-31T15:30:00+05:30,PASS
OPTION_EXPIRY,options/NIFTY/2025-12-30.parquet,0f4800e43e6f96cec0794369d78eb4d3c4211ef5,5ed78461988ce2d90d56aa54afa032a72c7889cbfed73d8f7d8b2239ff580541,2746622,274703,2025-10-31T09:15:00+05:30,2025-12-30T15:30:00+05:30,PASS
