expiry,entry_ts,exit_ts,direction,side,x_call,x_put,x_selected,spot_entry,atm,k15,k16,k17,p15_raw,p16_raw,p17_raw,lot_size,target_rupees,gross_points,gross_rupees,cost_rupees,net_rupees,net_points,mfe_rupees,mae_rupees,exit_reason,target_reached,slippage_ticks,brokerage_per_order,target_fraction
2021-06-10,2021-06-04 10:00:00+05:30,2021-06-10 15:20:00+05:30,BULLISH,PUT,1.3500000000000005,4.749999999999999,4.749999999999999,15718.5,15700,14950.0,14900.0,14850.0,5.95,5.5,5.2,75,356.24999999999994,4.000000000000001,300.00000000000006,72.06056699999999,227.93943300000007,3.0391924400000008,318.75000000000006,-48.74999999999983,EXPIRY,False,2.0,10.0,1.0
2021-07-01,2021-06-25 10:00:00+05:30,2021-07-01 15:20:00+05:30,BULLISH,PUT,1.4500000000000002,3.5,3.5,15788.05,15800,15050.0,15000.0,14950.0,4.9,4.5,3.9,75,262.5,2.9,217.5,71.79486975,145.70513025,1.94273507,217.5,-71.24999999999989,EXPIRY,False,2.0,10.0,1.0
2021-07-08,2021-07-02 10:00:00+05:30,2021-07-08 15:13:00+05:30,BULLISH,PUT,1.5499999999999998,2.0,2.0,15670.75,15650,14900.0,14850.0,14800.0,2.7,2.45,2.25,75,150.0,1.1499999999999997,86.24999999999997,71.366532225,14.883467774999971,0.1984462369999996,105.0,-41.25000000000006,EXPIRY,False,2.0,10.0,1.0
2021-08-05,2021-07-30 10:00:00+05:30,2021-08-05 15:09:00+05:30,BULLISH,PUT,1.4,3.2,3.2,15819.2,15800,15050.0,15000.0,14950.0,4.1,3.8,3.5,50,160.0,2.6000000000000005,130.00000000000003,71.3715094,58.628490600000035,1.1725698120000008,130.00000000000003,-44.99999999999999,EXPIRY,False,2.0,10.0,1.0
2021-08-12,2021-08-06 10:00:00+05:30,2021-08-12 15:21:00+05:30,BULLISH,PUT,1.1999999999999997,4.3999999999999995,4.3999999999999995,16318.0,16300,15550.0,15500.0,15450.0,6.2,5.6,5.0,50,219.99999999999997,3.8,190.0,71.637403,118.362597,2.36725194,192.49999999999997,-37.49999999999996,EXPIRY,False,2.0,10.0,1.0
2021-09-09,2021-09-03 10:00:00+05:30,2021-09-09 15:28:00+05:30,BULLISH,PUT,1.2499999999999996,5.299999999999999,5.299999999999999,17291.45,17300,16550.0,16500.0,16450.0,6.9,6.4,5.8,50,264.99999999999994,4.65,232.50000000000003,71.75799165,160.74200835000005,3.214840167000001,242.50000000000003,-59.99999999999992,EXPIRY,False,2.0,10.0,1.0
2021-10-07,2021-10-01 10:00:00+05:30,2021-10-07 15:01:00+05:30,BULLISH,PUT,3.0,7.199999999999999,7.199999999999999,17485.25,17500,16750.0,16700.0,16650.0,13.45,11.25,9.4,50,359.99999999999994,6.600000000000003,330.00000000000017,72.4783046,257.52169540000017,5.150433908000004,330.00000000000017,-57.499999999999844,EXPIRY,False,2.0,10.0,1.0
2021-11-18,2021-11-12 10:00:00+05:30,2021-11-18 15:25:00+05:30,BULLISH,PUT,1.9500000000000002,3.3499999999999996,3.3499999999999996,17980.25,18000,17250.0,17200.0,17150.0,4.45,4.0,3.8,50,167.49999999999997,2.6999999999999997,135.0,71.4143375,63.5856625,1.27171325,142.49999999999997,-52.49999999999994,EXPIRY,False,2.0,10.0,1.0
2021-12-02,2021-11-26 10:00:00+05:30,2021-12-02 15:29:00+05:30,BULLISH,PUT,3.4499999999999993,3.8999999999999986,3.8999999999999986,17222.4,17200,16450.0,16400.0,16350.0,8.05,6.5,5.45,50,194.99999999999994,3.25,162.5,71.77850725,90.72149275,1.814429855,165.00000000000003,-2914.999999999999,EXPIRY,False,2.0,10.0,1.0
2021-12-09,2021-12-03 10:00:00+05:30,2021-12-09 15:29:00+05:30,BULLISH,PUT,1.65,10.4,10.4,17374.5,17350,16600.0,16550.0,16500.0,14.85,13.3,11.95,50,520.0,9.8,490.00000000000006,72.7969152,417.20308480000006,8.344061696,490.0000000000001,-437.50000000000045,EXPIRY,False,2.0,10.0,1.0
2021-12-16,2021-12-10 10:00:00+05:30,2021-12-16 15:25:00+05:30,BULLISH,PUT,1.9000000000000004,6.5,6.5,17468.8,17450,16700.0,16650.0,16600.0,10.05,8.85,7.7,50,325.0,5.8999999999999995,295.0,72.1187937,222.8812063,4.457624126,297.5,-44.99999999999997,EXPIRY,False,2.0,10.0,1.0
2021-12-23,2021-12-17 10:00:00+05:30,2021-12-23 15:21:00+05:30,BULLISH,PUT,3.3,5.649999999999999,5.649999999999999,17087.3,17100,16350.0,16300.0,16250.0,9.8,8.25,7.2,50,282.49999999999994,5.05,252.5,72.04413905000001,180.45586095,3.609117219,257.5,-4162.499999999999,EXPIRY,False,2.0,10.0,1.0
2022-01-06,2021-12-31 10:00:00+05:30,2022-01-06 15:26:00+05:30,BULLISH,PUT,1.4499999999999997,5.9,5.9,17346.0,17350,16600.0,16550.0,16500.0,9.15,8.05,7.0,50,295.0,5.300000000000001,265.00000000000006,71.99962710000001,193.00037290000006,3.860007458000001,267.50000000000006,-54.99999999999989,EXPIRY,False,2.0,10.0,1.0
2022-01-13,2022-01-07 10:00:00+05:30,2022-01-13 15:28:00+05:30,BULLISH,PUT,1.3999999999999995,6.050000000000001,6.050000000000001,17885.05,17900,17150.0,17100.0,17050.0,9.2,8.05,7.2,50,302.50000000000006,5.450000000000002,272.5000000000001,72.01334185,200.4866581500001,4.009733163000002,277.50000000000017,-367.50000000000006,EXPIRY,False,2.0,10.0,1.0
2022-01-20,2022-01-14 10:00:00+05:30,2022-01-20 15:25:00+05:30,BULLISH,PUT,1.4500000000000002,5.1,5.1,18194.35,18200,17450.0,17400.0,17350.0,7.4,6.65,5.85,50,254.99999999999997,4.5,225.0,71.7902109,153.2097891,3.064195782,232.50000000000003,-37.499999999999915,EXPIRY,False,2.0,10.0,1.0
2022-02-03,2022-01-28 10:00:00+05:30,2022-02-03 15:29:00+05:30,BULLISH,PUT,18.200000000000003,27.500000000000007,27.500000000000007,17341.2,17350,16600.0,16550.0,16500.0,41.15,36.25,32.4,50,1375.0000000000005,26.849999999999994,1342.4999999999998,76.25443045,1266.2455695499998,25.324911390999997,1347.4999999999998,-1309.9999999999998,EXPIRY,False,2.0,10.0,1.0
2022-02-10,2022-02-04 10:00:00+05:30,2022-02-10 15:25:00+05:30,BULLISH,PUT,1.7999999999999998,8.650000000000002,8.650000000000002,17576.0,17600,16850.0,16800.0,16750.0,14.7,12.5,10.85,50,432.5000000000001,8.05,402.50000000000006,72.67671925,329.82328075000004,6.5964656150000005,402.50000000000006,-1370.0,EXPIRY,False,2.0,10.0,1.0
2022-02-17,2022-02-11 10:00:00+05:30,2022-02-17 15:29:00+05:30,BULLISH,PUT,2.6499999999999995,9.700000000000003,9.700000000000003,17338.8,17350,16600.0,16550.0,16500.0,15.75,13.65,11.8,50,485.0000000000001,9.100000000000001,455.00000000000006,72.8370301,382.16296990000006,7.643259398000001,455.00000000000006,-3999.9999999999986,EXPIRY,False,2.0,10.0,1.0
2022-03-03,2022-02-24 10:00:00+05:30,2022-03-03 15:25:00+05:30,BULLISH,PUT,38.85000000000001,74.35000000000001,74.35000000000001,16503.7,16500,15750.0,15700.0,15650.0,97.45,88.95,82.85,50,3717.5000000000005,73.75,3687.5,84.27394755,3603.2260524499998,72.06452104899999,3687.5,-5867.5,EXPIRY,False,2.0,10.0,1.0
2022-03-10,2022-03-04 10:00:00+05:30,2022-03-10 15:29:00+05:30,BULLISH,PUT,12.449999999999996,43.55,43.55,16267.85,16250,15500.0,15450.0,15400.0,60.5,54.75,49.3,50,2177.5,42.89999999999999,2144.9999999999995,79.0080607,2065.9919392999996,41.31983878599999,2147.5,-3802.499999999999,EXPIRY,False,2.0,10.0,1.0
2022-03-17,2022-03-11 10:00:00+05:30,2022-03-17 15:26:00+05:30,BULLISH,PUT,8.200000000000003,37.099999999999994,37.099999999999994,16671.55,16650,15900.0,15850.0,15800.0,51.0,46.4,41.7,50,1854.9999999999998,36.449999999999996,1822.4999999999998,77.74309665,1744.7569033499997,34.89513806699999,1827.4999999999998,-580.0000000000001,EXPIRY,False,2.0,10.0,1.0
2022-03-24,2022-03-17 10:00:00+05:30,2022-03-24 15:27:00+05:30,BULLISH,PUT,3.299999999999999,28.200000000000003,28.200000000000003,17240.25,17250,16500.0,16450.0,16400.0,39.45,35.65,32.0,50,1410.0000000000002,27.599999999999994,1379.9999999999998,76.1392682,1303.8607317999997,26.077214635999994,1382.4999999999995,-117.50000000000078,EXPIRY,False,2.0,10.0,1.0
2022-04-07,2022-04-01 10:00:00+05:30,2022-04-07 15:24:00+05:30,BULLISH,PUT,1.1999999999999997,8.650000000000002,8.650000000000002,17536.5,17550,16800.0,16750.0,16700.0,13.95,12.05,10.55,50,432.5000000000001,8.050000000000002,402.5000000000001,72.60781825000001,329.8921817500001,6.597843635000001,402.5000000000002,-74.99999999999973,EXPIRY,False,2.0,10.0,1.0
2022-04-21,2022-04-13 10:00:00+05:30,2022-04-21 15:29:00+05:30,BULLISH,PUT,2.8,2.8499999999999996,2.8499999999999996,17599.65,17600,16850.0,16800.0,16750.0,4.75,4.1,3.5,50,142.49999999999997,2.25,112.5,71.40994045000001,41.09005954999999,0.8218011909999998,112.5,-2569.999999999999,EXPIRY,False,2.0,10.0,1.0
2022-05-05,2022-04-28 10:00:00+05:30,2022-05-05 15:28:00+05:30,BULLISH,PUT,4.299999999999999,9.400000000000002,9.400000000000002,17111.8,17100,16350.0,16300.0,16250.0,16.05,13.8,11.65,50,470.0000000000001,8.799999999999999,439.99999999999994,72.8463478,367.15365219999995,7.343073043999999,439.99999999999994,-110.00000000000006,EXPIRY,False,2.0,10.0,1.0
2022-05-12,2022-05-06 10:00:00+05:30,2022-05-12 09:19:00+05:30,BULLISH,PUT,4.449999999999999,14.8,14.8,16428.35,16450,15700.0,15650.0,15600.0,25.2,21.5,18.5,50,740.0,14.8,740.0,74.5157274,665.4842725999999,13.309685451999998,740.0,-322.5000000000005,TARGET,True,2.0,10.0,1.0
2022-05-19,2022-05-13 10:00:00+05:30,2022-05-19 15:29:00+05:30,BULLISH,PUT,3.6999999999999993,13.850000000000001,13.850000000000001,15928.8,15950,15200.0,15150.0,15100.0,23.6,20.15,17.3,50,692.5000000000001,13.249999999999996,662.4999999999998,73.81055125,588.6894487499998,11.773788974999995,662.4999999999998,-317.5000000000006,EXPIRY,False,2.0,10.0,1.0
2022-06-02,2022-05-27 10:00:00+05:30,2022-06-02 15:25:00+05:30,BULLISH,PUT,2.1999999999999993,11.200000000000003,11.200000000000003,16300.8,16300,15550.0,15500.0,15450.0,19.0,16.3,13.9,50,560.0000000000001,10.6,530.0,73.2268146,456.7731854,9.135463708,530.0,-130.00000000000026,EXPIRY,False,2.0,10.0,1.0
2022-06-09,2022-06-03 10:00:00+05:30,2022-06-09 09:18:00+05:30,BULLISH,PUT,1.3999999999999995,7.950000000000001,7.950000000000001,16781.65,16800,16050.0,16000.0,15950.0,13.9,11.8,10.05,50,397.50000000000006,8.000000000000004,400.00000000000017,72.8757884,327.1242116000002,6.542484232000004,400.00000000000017,-280.0000000000002,TARGET,True,2.0,10.0,1.0
2022-06-16,2022-06-10 10:00:00+05:30,2022-06-16 11:08:00+05:30,BULLISH,PUT,2.0500000000000007,4.75,4.75,16266.3,16250,15500.0,15450.0,15400.0,8.3,7.0,6.05,50,237.5,4.950000000000001,247.50000000000006,72.31366215,175.18633785000006,3.5037267570000012,247.50000000000006,-2117.4999999999995,TARGET,True,2.0,10.0,1.0
2022-06-23,2022-06-17 10:00:00+05:30,2022-06-23 15:18:00+05:30,BULLISH,PUT,4.15,20.250000000000004,20.250000000000004,15347.95,15350,14600.0,14550.0,14500.0,30.45,27.2,23.5,50,1012.5000000000002,19.65,982.4999999999999,74.82902465,907.6709753499999,18.153419507,982.4999999999999,-440.0000000000002,EXPIRY,False,2.0,10.0,1.0
2022-07-07,2022-07-01 10:00:00+05:30,2022-07-07 15:20:00+05:30,BULLISH,PUT,2.4000000000000004,7.950000000000003,7.950000000000003,15627.7,15650,14900.0,14850.0,14800.0,16.15,13.15,10.95,50,397.5000000000001,7.35,367.5,72.76736155,294.73263844999997,5.8946527689999995,367.5,-355.00000000000034,EXPIRY,False,2.0,10.0,1.0
2022-07-14,2022-07-08 10:00:00+05:30,2022-07-14 15:25:00+05:30,BULLISH,PUT,1.2000000000000002,5.299999999999999,5.299999999999999,16203.2,16200,15450.0,15400.0,15350.0,9.15,7.8,6.65,50,264.99999999999994,4.7,235.0,71.9631417,163.0368583,3.260737166,235.00000000000006,-37.499999999999865,EXPIRY,False,2.0,10.0,1.0
2022-07-21,2022-07-15 10:00:00+05:30,2022-07-21 15:04:00+05:30,BULLISH,PUT,1.1500000000000001,2.9000000000000004,2.9000000000000004,15984.35,16000,15250.0,15200.0,15150.0,5.6,4.6,3.9,50,145.00000000000003,2.3000000000000003,115.00000000000001,71.4910687,43.508931300000015,0.8701786260000003,115.00000000000001,-59.999999999999964,EXPIRY,False,2.0,10.0,1.0
2022-08-04,2022-07-29 10:00:00+05:30,2022-08-04 15:29:00+05:30,BULLISH,PUT,1.35,4.65,4.65,17135.7,17150,16400.0,16350.0,16300.0,7.15,6.25,5.55,50,232.50000000000003,4.05,202.5,71.73987985,130.76012015,2.615202403,204.99999999999997,-97.49999999999997,EXPIRY,False,2.0,10.0,1.0
2022-08-11,2022-08-04 10:00:00+05:30,2022-08-11 15:28:00+05:30,BULLISH,PUT,3.25,9.850000000000001,9.850000000000001,17462.35,17450,16700.0,16650.0,16600.0,16.25,13.9,12.2,50,492.50000000000006,9.249999999999998,462.4999999999999,72.89208545,389.6079145499999,7.792158290999998,462.5000000000001,-2230.0,EXPIRY,False,2.0,10.0,1.0
2022-08-18,2022-08-11 10:00:00+05:30,2022-08-18 15:02:00+05:30,BULLISH,PUT,2.15,6.800000000000001,6.800000000000001,17689.0,17700,16950.0,16900.0,16850.0,10.55,9.2,8.15,50,340.00000000000006,6.199999999999999,309.99999999999994,72.1829704,237.81702959999996,4.756340591999999,317.5,-137.5,EXPIRY,False,2.0,10.0,1.0
2022-09-01,2022-08-25 10:00:00+05:30,2022-09-01 15:26:00+05:30,BULLISH,PUT,2.5999999999999996,5.300000000000001,5.300000000000001,17714.5,17700,16950.0,16900.0,16850.0,8.0,6.95,6.35,50,265.00000000000006,4.7,235.0,71.8574935,163.1425065,3.26285013,235.0,-1427.5000000000002,EXPIRY,False,2.0,10.0,1.0
2022-09-08,2022-09-02 10:00:00+05:30,2022-09-08 15:29:00+05:30,BULLISH,PUT,2.500000000000001,6.149999999999999,6.149999999999999,17507.2,17500,16750.0,16700.0,16650.0,12.05,10.0,8.2,50,307.49999999999994,5.549999999999999,277.49999999999994,72.28124654999999,205.21875344999995,4.104375068999999,277.49999999999994,-119.99999999999993,EXPIRY,False,2.0,10.0,1.0
2022-09-15,2022-09-09 10:00:00+05:30,2022-09-15 15:29:00+05:30,BULLISH,PUT,1.5500000000000003,5.0,5.0,17896.7,17900,17150.0,17100.0,17050.0,7.5,6.6,5.9,50,250.0,4.4,220.00000000000003,71.7933168,148.20668320000004,2.9641336640000007,220.00000000000003,-57.49999999999993,EXPIRY,False,2.0,10.0,1.0
2022-09-22,2022-09-16 10:00:00+05:30,2022-09-22 15:29:00+05:30,BULLISH,PUT,3.0,6.649999999999999,6.649999999999999,17650.3,17650,16900.0,16850.0,16800.0,12.55,10.45,8.75,50,332.49999999999994,6.049999999999999,302.49999999999994,72.35758505,230.14241494999993,4.602848298999999,302.49999999999994,-337.5000000000003,EXPIRY,False,2.0,10.0,1.0
2022-10-06,2022-09-29 10:00:00+05:30,2022-10-06 15:12:00+05:30,BULLISH,PUT,3.9499999999999993,11.650000000000002,11.650000000000002,16959.75,16950,16200.0,16150.0,16100.0,20.8,17.55,14.9,50,582.5000000000001,11.049999999999999,552.5,73.41954104999999,479.08045895,9.581609178999999,552.5,-677.5000000000003,EXPIRY,False,2.0,10.0,1.0
2022-10-13,2022-10-07 10:00:00+05:30,2022-10-13 15:29:00+05:30,BULLISH,PUT,1.5,6.050000000000001,6.050000000000001,17332.5,17350,16600.0,16550.0,16500.0,11.0,9.25,7.8,50,302.50000000000006,5.45,272.5,72.17870425000001,200.32129575,4.0064259149999994,282.5,-45.000000000000064,EXPIRY,False,2.0,10.0,1.0
2022-10-20,2022-10-14 10:00:00+05:30,2022-10-20 15:29:00+05:30,BULLISH,PUT,1.8499999999999996,5.100000000000001,5.100000000000001,17308.3,17300,16550.0,16500.0,16450.0,8.2,7.1,6.2,50,255.00000000000006,4.500000000000001,225.00000000000006,71.8637053,153.13629470000006,3.0627258940000015,227.50000000000009,-37.499999999999865,EXPIRY,False,2.0,10.0,1.0
2022-11-03,2022-10-28 10:00:00+05:30,2022-11-03 15:15:00+05:30,BULLISH,PUT,1.4000000000000001,3.6499999999999995,3.6499999999999995,17793.3,17800,17050.0,17000.0,16950.0,6.05,5.2,4.5,50,182.49999999999997,3.0500000000000007,152.50000000000003,71.57801605,80.92198395000003,1.6184396790000006,157.50000000000003,-32.499999999999886,EXPIRY,False,2.0,10.0,1.0
2022-11-10,2022-11-03 10:00:00+05:30,2022-11-10 15:24:00+05:30,BULLISH,PUT,2.1499999999999995,5.149999999999999,5.149999999999999,18073.95,18050,17300.0,17250.0,17200.0,9.55,7.85,6.85,50,257.49999999999994,4.549999999999999,227.49999999999994,71.99076754999999,155.50923244999996,3.110184648999999,227.49999999999994,-39.99999999999999,EXPIRY,False,2.0,10.0,1.0
2022-11-17,2022-11-11 10:00:00+05:30,2022-11-17 15:20:00+05:30,BULLISH,PUT,1.5999999999999996,2.599999999999999,2.599999999999999,18299.55,18300,17550.0,17500.0,17450.0,3.85,3.4,3.05,50,129.99999999999997,1.9999999999999996,99.99999999999997,71.31205700000001,28.68794299999996,0.5737588599999992,102.49999999999997,-37.50000000000004,EXPIRY,False,2.0,10.0,1.0
2022-12-01,2022-11-25 10:00:00+05:30,2022-12-01 15:20:00+05:30,BULLISH,PUT,1.6999999999999997,2.6499999999999995,2.6499999999999995,18468.85,18450,17700.0,17650.0,17600.0,3.2,3.05,2.8,50,132.49999999999997,2.0499999999999994,102.49999999999997,71.25538325000001,31.244616749999963,0.6248923349999993,104.99999999999996,-27.500000000000036,EXPIRY,False,2.0,10.0,1.0
2022-12-08,2022-12-02 10:00:00+05:30,2022-12-08 15:25:00+05:30,BULLISH,PUT,1.85,2.6999999999999997,2.6999999999999997,18712.8,18700,17950.0,17900.0,17850.0,3.65,3.35,3.0,50,135.0,2.1,105.0,71.2997643,33.70023569999999,0.6740047139999998,107.5,-155.0,EXPIRY,False,2.0,10.0,1.0
2022-12-15,2022-12-09 10:00:00+05:30,2022-12-15 15:29:00+05:30,BULLISH,PUT,1.8000000000000003,2.0,2.0,18628.0,18650,17900.0,17850.0,17800.0,2.95,2.6,2.35,50,100.0,1.3499999999999996,67.49999999999999,71.19444335,-3.6944433500000144,-0.07388886700000029,72.49999999999999,-97.49999999999994,EXPIRY,False,2.0,10.0,1.0
2022-12-22,2022-12-16 10:00:00+05:30,2022-12-22 15:28:00+05:30,BULLISH,PUT,1.7999999999999998,3.3499999999999988,3.3499999999999988,18385.1,18400,17650.0,17600.0,17550.0,4.8,4.35,3.8,50,167.49999999999994,2.75,137.5,71.44493835,66.05506165,1.321101233,142.5,-67.49999999999996,EXPIRY,False,2.0,10.0,1.0
2023-01-05,2022-12-30 10:00:00+05:30,2023-01-05 15:29:00+05:30,BULLISH,PUT,1.4499999999999997,3.500000000000001,3.500000000000001,18242.95,18250,17500.0,17450.0,17400.0,5.05,4.45,4.1,50,175.00000000000006,2.9000000000000004,145.00000000000003,71.4770267,73.52297330000003,1.4704594660000005,145.00000000000003,-39.99999999999992,EXPIRY,False,2.0,10.0,1.0
2023-01-12,2023-01-06 10:00:00+05:30,2023-01-12 15:19:00+05:30,BULLISH,PUT,1.9000000000000004,2.3,2.3,17960.75,17950,17200.0,17150.0,17100.0,3.3,2.95,2.65,50,114.99999999999999,1.7000000000000002,85.00000000000001,71.2432869,13.756713100000013,0.27513426200000024,85.00000000000001,-147.49999999999991,EXPIRY,False,2.0,10.0,1.0
2023-01-19,2023-01-13 10:00:00+05:30,2023-01-19 15:26:00+05:30,BEARISH,CALL,2.7,2.6,2.7,17792.45,17800,18550.0,18600.0,18650.0,3.7,3.4,3.0,50,135.0,2.0999999999999996,104.99999999999999,71.3043577,33.69564229999999,0.6739128459999998,104.99999999999999,-30.00000000000005,EXPIRY,False,2.0,10.0,1.0
2023-02-02,2023-01-27 10:00:00+05:30,2023-02-02 15:28:00+05:30,BULLISH,PUT,5.099999999999998,9.549999999999997,9.549999999999997,17743.65,17750,17000.0,16950.0,16900.0,16.1,13.8,11.85,50,477.4999999999999,8.949999999999998,447.4999999999999,72.86006255000001,374.6399374499999,7.492798748999998,447.4999999999999,-2057.4999999999995,EXPIRY,False,2.0,10.0,1.0
2023-02-09,2023-02-03 10:00:00+05:30,2023-02-09 15:24:00+05:30,BULLISH,PUT,1.9,5.199999999999999,5.199999999999999,17693.55,17700,16950.0,16900.0,16850.0,7.9,7.0,6.1,50,259.99999999999994,4.6,229.99999999999997,71.84222580000001,158.15777419999995,3.163155483999999,229.99999999999997,-169.99999999999994,EXPIRY,False,2.0,10.0,1.0
2023-02-16,2023-02-10 10:00:00+05:30,2023-02-16 15:11:00+05:30,BULLISH,PUT,1.2500000000000002,2.05,2.05,17823.85,17800,17050.0,17000.0,16950.0,2.95,2.65,2.35,50,102.49999999999999,1.4499999999999997,72.49999999999999,71.19593085,1.3040691499999895,0.026081382999999788,72.49999999999999,-42.50000000000003,EXPIRY,False,2.0,10.0,1.0
2023-03-02,2023-02-24 10:00:00+05:30,2023-03-02 15:18:00+05:30,BULLISH,PUT,1.7000000000000002,2.45,2.45,17541.4,17550,16800.0,16750.0,16700.0,3.75,3.25,2.95,50,122.50000000000001,1.85,92.5,71.29374885,21.20625115,0.424125023,95.0,-107.49999999999996,EXPIRY,False,2.0,10.0,1.0
2023-03-09,2023-03-02 10:00:00+05:30,2023-03-09 15:27:00+05:30,BULLISH,PUT,2.25,3.3500000000000005,3.3500000000000005,17361.4,17350,16600.0,16550.0,16500.0,4.3,3.95,3.7,50,167.50000000000003,2.750000000000001,137.50000000000006,71.39900435,66.10099565000006,1.3220199130000012,137.50000000000006,-27.499999999999947,EXPIRY,False,2.0,10.0,1.0
2023-03-16,2023-03-10 10:00:00+05:30,2023-03-16 15:29:00+05:30,BULLISH,PUT,1.85,3.05,3.05,17376.1,17400,16650.0,16600.0,16550.0,4.55,4.0,3.6,50,152.5,2.4500000000000006,122.50000000000003,71.40372864999999,51.09627135000004,1.0219254270000007,122.50000000000003,-437.49999999999983,EXPIRY,False,2.0,10.0,1.0
2023-03-23,2023-03-17 10:00:00+05:30,2023-03-23 15:24:00+05:30,BULLISH,PUT,2.55,4.3999999999999995,4.3999999999999995,17052.15,17050,16300.0,16250.0,16200.0,7.05,6.1,5.35,50,219.99999999999997,3.8,190.0,71.7154908,118.2845092,2.365690184,192.49999999999997,-142.49999999999994,EXPIRY,False,2.0,10.0,1.0
2023-04-06,2023-03-29 10:00:00+05:30,2023-04-06 15:15:00+05:30,BULLISH,PUT,1.8500000000000005,3.4000000000000004,3.4000000000000004,17018.3,17000,16250.0,16200.0,16150.0,5.75,5.0,4.15,50,170.00000000000003,2.800000000000001,140.00000000000006,71.5352534,68.46474660000005,1.3692949320000012,140.00000000000006,-52.49999999999986,EXPIRY,False,2.0,10.0,1.0
2023-04-20,2023-04-13 10:00:00+05:30,2023-04-20 15:27:00+05:30,BULLISH,PUT,1.3499999999999999,3.0,3.0,17799.65,17800,17050.0,17000.0,16950.0,4.25,3.75,3.5,50,150.0,2.4000000000000004,120.00000000000001,71.37312779999999,48.62687220000002,0.9725374440000004,120.00000000000001,-60.00000000000001,EXPIRY,False,2.0,10.0,1.0
2023-05-04,2023-04-27 10:00:00+05:30,2023-05-04 15:17:00+05:30,BULLISH,PUT,1.3,3.499999999999999,3.499999999999999,17839.55,17850,17100.0,17050.0,17000.0,4.7,4.25,3.95,50,174.99999999999994,2.9000000000000004,145.00000000000003,71.44487290000001,73.55512710000002,1.4711025420000003,145.00000000000003,-37.499999999999936,EXPIRY,False,2.0,10.0,1.0
2023-05-11,2023-05-05 10:00:00+05:30,2023-05-11 15:09:00+05:30,BULLISH,PUT,1.4,1.8000000000000003,1.8000000000000003,18191.6,18200,17450.0,17400.0,17350.0,2.4,2.2,2.0,50,90.00000000000001,1.2000000000000002,60.00000000000001,71.1302012,-11.130201199999995,-0.2226040239999999,60.00000000000001,-57.49999999999999,EXPIRY,False,2.0,10.0,1.0
2023-05-18,2023-05-12 10:00:00+05:30,2023-05-18 15:29:00+05:30,BULLISH,PUT,1.2500000000000002,2.3000000000000003,2.3000000000000003,18230.0,18250,17500.0,17450.0,17400.0,3.6,3.1,2.8,50,115.00000000000001,1.6499999999999995,82.49999999999997,71.27240025,11.227599749999968,0.22455199499999934,84.99999999999999,-52.500000000000036,EXPIRY,False,2.0,10.0,1.0
2023-06-01,2023-05-26 10:00:00+05:30,2023-06-01 15:11:00+05:30,BULLISH,PUT,1.5,2.25,2.25,18384.2,18400,17650.0,17600.0,17550.0,3.3,2.9,2.65,50,112.5,1.65,82.5,71.24024645,11.25975355,0.225195071,84.99999999999999,-72.50000000000003,EXPIRY,False,2.0,10.0,1.0
2023-06-08,2023-06-02 10:00:00+05:30,2023-06-08 15:28:00+05:30,BEARISH,CALL,1.9499999999999997,1.7999999999999998,1.9499999999999997,18497.55,18500,19250.0,19300.0,19350.0,2.1,2.05,2.0,50,97.49999999999999,1.3499999999999996,67.49999999999999,71.11176214999999,-3.611762150000004,-0.07223524300000009,67.49999999999999,-35.00000000000003,EXPIRY,False,2.0,10.0,1.0
2023-06-15,2023-06-09 10:00:00+05:30,2023-06-15 15:25:00+05:30,BULLISH,PUT,1.5,2.3,2.3,18659.9,18650,17900.0,17850.0,17800.0,2.8,2.6,2.5,50,114.99999999999999,1.7000000000000002,85.00000000000001,71.19735290000001,13.802647100000002,0.276052942,85.00000000000001,-32.500000000000014,EXPIRY,False,2.0,10.0,1.0
2023-06-22,2023-06-16 10:00:00+05:30,2023-06-22 15:17:00+05:30,BULLISH,PUT,1.5499999999999996,2.5500000000000003,2.5500000000000003,18758.55,18750,18000.0,17950.0,17900.0,3.1,2.9,2.75,50,127.50000000000001,1.9499999999999997,97.49999999999999,71.24011555,26.259884449999987,0.5251976889999997,99.99999999999996,-45.000000000000014,EXPIRY,False,2.0,10.0,1.0
2023-07-06,2023-06-30 10:00:00+05:30,2023-07-06 15:22:00+05:30,BULLISH,PUT,1.15,3.3999999999999995,3.3999999999999995,19086.0,19100,18350.0,18300.0,18250.0,4.2,4.0,3.6,50,169.99999999999997,2.8000000000000003,140.0,71.392858,68.607142,1.37214284,140.0,-119.99999999999996,EXPIRY,False,2.0,10.0,1.0
2023-07-13,2023-07-07 10:00:00+05:30,2023-07-13 15:27:00+05:30,BULLISH,PUT,1.1999999999999997,3.6500000000000004,3.6500000000000004,19519.75,19500,18750.0,18700.0,18650.0,4.65,4.35,3.95,50,182.50000000000003,3.05,152.5,71.44940085,81.05059915,1.6210119829999998,154.99999999999997,-32.49999999999995,EXPIRY,False,2.0,10.0,1.0
2023-07-20,2023-07-14 10:00:00+05:30,2023-07-20 15:19:00+05:30,BULLISH,PUT,1.65,2.3,2.3,19458.25,19450,18700.0,18650.0,18600.0,3.05,2.75,2.6,50,114.99999999999999,1.7000000000000002,85.00000000000001,71.2203199,13.779680100000007,0.27559360200000016,85.00000000000001,-159.99999999999991,EXPIRY,False,2.0,10.0,1.0
2023-08-03,2023-07-28 10:00:00+05:30,2023-08-03 15:27:00+05:30,BEARISH,CALL,2.6,2.2,2.6,19644.05,19650,20400.0,20450.0,20500.0,3.1,2.95,2.75,50,130.0,2.0,100.0,71.24315599999998,28.756844000000015,0.5751368800000003,100.0,-55.00000000000003,EXPIRY,False,2.0,10.0,1.0
2023-08-10,2023-08-04 10:00:00+05:30,2023-08-10 15:11:00+05:30,BULLISH,PUT,1.9500000000000002,2.6500000000000004,2.6500000000000004,19456.2,19450,18700.0,18650.0,18600.0,3.55,3.2,3.0,50,132.50000000000003,2.0500000000000003,102.50000000000001,71.28753705,31.212462950000017,0.6242492590000004,102.50000000000001,-39.99999999999999,EXPIRY,False,2.0,10.0,1.0
2023-08-17,2023-08-10 10:00:00+05:30,2023-08-17 15:29:00+05:30,BULLISH,PUT,1.7999999999999998,3.7500000000000018,3.7500000000000018,19583.5,19600,18850.0,18800.0,18750.0,5.35,4.9,4.2,50,187.50000000000009,3.1500000000000017,157.50000000000009,71.51978935,85.98021065000009,1.7196042130000018,157.50000000000009,-69.99999999999984,EXPIRY,False,2.0,10.0,1.0
2023-08-24,2023-08-18 10:00:00+05:30,2023-08-24 15:18:00+05:30,BULLISH,PUT,1.6,2.1,2.1,19264.0,19250,18500.0,18450.0,18400.0,2.6,2.45,2.25,50,105.0,1.5,75.0,71.1668175,3.8331825000000066,0.07666365000000014,75.0,-32.500000000000014,EXPIRY,False,2.0,10.0,1.0
2023-09-07,2023-09-01 10:00:00+05:30,2023-09-07 15:06:00+05:30,BULLISH,PUT,1.1500000000000001,2.3499999999999996,2.3499999999999996,19309.1,19300,18550.0,18500.0,18450.0,3.0,2.75,2.6,50,117.49999999999999,1.75,87.5,71.21876695,16.281233049999997,0.3256246609999999,87.5,-55.00000000000003,EXPIRY,False,2.0,10.0,1.0
2023-09-14,2023-09-08 10:00:00+05:30,2023-09-14 15:28:00+05:30,BULLISH,PUT,1.4000000000000001,2.65,2.65,19774.6,19750,19000.0,18950.0,18900.0,3.4,3.15,2.9,50,132.5,2.05,102.49999999999999,71.27375684999998,31.226243150000002,0.624524863,102.49999999999999,-99.99999999999997,EXPIRY,False,2.0,10.0,1.0
2023-09-21,2023-09-14 10:00:00+05:30,2023-09-21 15:29:00+05:30,BULLISH,PUT,2.1500000000000004,4.85,4.85,20145.6,20150,19400.0,19350.0,19300.0,6.9,6.25,5.5,50,242.49999999999997,4.25,212.5,71.72907465,140.77092535,2.815418507,212.5,-59.99999999999987,EXPIRY,False,2.0,10.0,1.0
2023-10-12,2023-10-06 10:00:00+05:30,2023-10-12 15:13:00+05:30,BULLISH,PUT,1.2499999999999998,2.1000000000000005,2.1000000000000005,19599.9,19600,18850.0,18800.0,18750.0,3.05,2.7,2.45,50,105.00000000000003,1.5000000000000004,75.00000000000003,71.2081581,3.7918419000000227,0.07583683800000046,75.00000000000003,-259.99999999999994,EXPIRY,False,2.0,10.0,1.0
2023-10-19,2023-10-13 10:00:00+05:30,2023-10-19 15:29:00+05:30,BULLISH,PUT,1.2500000000000002,2.85,2.85,19710.15,19700,18950.0,18900.0,18850.0,3.9,3.5,3.25,50,142.5,2.25,112.5,71.33185265,41.16814735,0.823362947,112.5,-74.99999999999996,EXPIRY,False,2.0,10.0,1.0
2023-11-02,2023-10-27 10:00:00+05:30,2023-11-02 15:28:00+05:30,BULLISH,PUT,2.0000000000000004,3.6500000000000004,3.6500000000000004,19003.3,19000,18250.0,18200.0,18150.0,5.35,4.75,4.25,50,182.50000000000003,3.0500000000000007,152.50000000000003,71.51370845000001,80.98629155000002,1.6197258310000004,155.00000000000003,-54.99999999999989,EXPIRY,False,2.0,10.0,1.0
2023-11-09,2023-11-03 10:00:00+05:30,2023-11-09 15:26:00+05:30,BULLISH,PUT,1.2000000000000004,2.5,2.5,19252.0,19250,18500.0,18450.0,18400.0,3.45,3.1,2.85,50,125.0,1.9,95.0,71.2692289,23.7307711,0.47461542199999995,95.0,-32.500000000000014,EXPIRY,False,2.0,10.0,1.0
2023-11-16,2023-11-10 10:00:00+05:30,2023-11-16 15:17:00+05:30,BULLISH,PUT,1.2500000000000002,1.7000000000000002,1.7000000000000002,19336.7,19350,18600.0,18550.0,18500.0,2.05,1.9,1.85,50,85.00000000000001,1.1,55.00000000000001,71.0919665,-16.09196649999999,-0.3218393299999998,55.00000000000001,-45.000000000000014,EXPIRY,False,2.0,10.0,1.0
2023-11-23,2023-11-17 10:00:00+05:30,2023-11-23 15:28:00+05:30,BULLISH,PUT,1.1999999999999997,2.9499999999999993,2.9499999999999993,19805.65,19800,19050.0,19000.0,18950.0,4.0,3.65,3.3,50,147.49999999999997,2.35,117.5,71.34712035,46.15287965,0.923057593,120.0,-45.000000000000014,EXPIRY,False,2.0,10.0,1.0
2023-12-07,2023-12-01 10:00:00+05:30,2023-12-07 15:20:00+05:30,BULLISH,PUT,1.2999999999999998,5.1499999999999995,5.1499999999999995,20254.2,20250,19500.0,19450.0,19400.0,7.3,6.55,5.9,50,257.5,4.550000000000001,227.50000000000003,71.78406455,155.71593545000002,3.1143187090000004,227.50000000000003,-52.49999999999992,EXPIRY,False,2.0,10.0,1.0
2023-12-14,2023-12-08 10:00:00+05:30,2023-12-14 15:29:00+05:30,BULLISH,PUT,2.6000000000000005,4.050000000000001,4.050000000000001,20990.65,21000,20250.0,20200.0,20150.0,5.25,4.85,4.45,50,202.50000000000003,3.45,172.5,71.52884524999999,100.97115475000001,2.019423095,172.5,-39.9999999999999,EXPIRY,False,2.0,10.0,1.0
2023-12-21,2023-12-15 10:00:00+05:30,2023-12-21 15:29:00+05:30,BULLISH,PUT,1.7000000000000002,4.050000000000001,4.050000000000001,21289.05,21300,20550.0,20500.0,20450.0,5.5,5.0,4.55,50,202.50000000000003,3.45,172.5,71.55181225,100.94818775,2.018963755,172.5,-147.49999999999991,EXPIRY,False,2.0,10.0,1.0
2024-01-04,2023-12-29 10:00:00+05:30,2024-01-04 15:29:00+05:30,BULLISH,PUT,3.5,5.1,5.1,21729.9,21750,21000.0,20950.0,20900.0,9.0,7.6,6.5,50,254.99999999999997,4.5,225.0,71.93719970000001,153.0628003,3.061256006,227.50000000000003,-64.99999999999994,EXPIRY,False,2.0,10.0,1.0
2024-01-11,2024-01-05 10:00:00+05:30,2024-01-11 15:29:00+05:30,BULLISH,PUT,1.4,2.75,2.75,21742.2,21750,21000.0,20950.0,20900.0,4.5,3.85,3.4,50,137.5,2.1500000000000004,107.50000000000001,71.38089255,36.119107450000016,0.7223821490000003,107.50000000000001,-62.49999999999996,EXPIRY,False,2.0,10.0,1.0
2024-01-18,2024-01-12 10:00:00+05:30,2024-01-18 15:29:00+05:30,BULLISH,PUT,1.3000000000000003,4.000000000000001,4.000000000000001,21753.85,21750,21000.0,20950.0,20900.0,6.3,5.5,4.8,50,200.00000000000006,3.3500000000000005,167.50000000000003,71.62381915,95.87618085000003,1.9175236170000005,170.00000000000003,-122.49999999999991,EXPIRY,False,2.0,10.0,1.0
2024-02-01,2024-01-25 10:00:00+05:30,2024-02-01 15:29:00+05:30,BULLISH,PUT,10.600000000000001,16.100000000000005,16.100000000000005,21371.45,21350,20600.0,20550.0,20500.0,23.3,20.85,18.55,50,805.0000000000002,15.5,775.0,73.9198111,701.0801888999999,14.021603778,777.5,-307.5000000000001,EXPIRY,False,2.0,10.0,1.0
2024-02-08,2024-02-02 10:00:00+05:30,2024-02-08 15:29:00+05:30,BULLISH,PUT,2.3499999999999996,7.699999999999999,7.699999999999999,21929.6,21950,21200.0,21150.0,21100.0,11.7,10.25,9.15,50,384.99999999999994,7.100000000000001,355.00000000000006,72.3433467,282.6566533000001,5.653133066000001,355.00000000000017,-179.99999999999997,EXPIRY,False,2.0,10.0,1.0
2024-02-15,2024-02-09 10:00:00+05:30,2024-02-15 15:26:00+05:30,BULLISH,PUT,4.050000000000001,9.249999999999996,9.249999999999996,21663.45,21650,20900.0,20850.0,20800.0,16.05,13.6,11.7,50,462.49999999999983,8.649999999999997,432.49999999999983,72.83722645,359.6627735499998,7.193255470999997,432.49999999999983,-42.500000000000156,EXPIRY,False,2.0,10.0,1.0
2024-02-22,2024-02-16 10:00:00+05:30,2024-02-22 15:28:00+05:30,BULLISH,PUT,1.7999999999999998,5.9,5.9,22008.5,22000,21250.0,21200.0,21150.0,10.15,8.65,7.4,50,295.0,5.300000000000001,265.00000000000006,72.09149509999999,192.90850490000008,3.8581700980000018,265.0000000000001,-49.999999999999915,EXPIRY,False,2.0,10.0,1.0
2024-03-21,2024-03-15 10:00:00+05:30,2024-03-21 15:28:00+05:30,BULLISH,PUT,2.6000000000000005,6.400000000000002,6.400000000000002,21986.6,22000,21250.0,21200.0,21150.0,12.55,10.3,8.65,50,320.0000000000001,5.800000000000001,290.00000000000006,72.3423828,217.65761720000006,4.3531523440000015,290.0000000000001,-74.99999999999991,EXPIRY,False,2.0,10.0,1.0
2024-04-04,2024-03-28 10:00:00+05:30,2024-04-04 15:28:00+05:30,BULLISH,PUT,1.7000000000000006,4.25,4.25,22294.05,22300,21550.0,21500.0,21450.0,7.6,6.5,5.35,50,212.5,3.6500000000000004,182.50000000000003,71.75689685,110.74310315000002,2.2148620630000004,185.0,-112.49999999999991,EXPIRY,False,2.0,10.0,1.0
2024-04-10,2024-04-04 10:00:00+05:30,2024-04-10 15:26:00+05:30,BULLISH,PUT,2.000000000000001,3.450000000000001,3.450000000000001,22417.9,22400,21650.0,21600.0,21550.0,5.4,4.65,4.2,50,172.50000000000006,2.850000000000001,142.50000000000006,71.50614005000001,70.99385995000004,1.419877199000001,142.50000000000006,-39.9999999999999,EXPIRY,False,2.0,10.0,1.0
2024-04-18,2024-04-10 10:00:00+05:30,2024-04-18 13:26:00+05:30,BULLISH,PUT,1.4500000000000002,4.6000000000000005,4.6000000000000005,22696.7,22700,21950.0,21900.0,21850.0,7.95,6.7,5.85,50,230.00000000000003,8.599999999999998,429.9999999999999,73.2338118,356.7661881999999,7.135323763999997,429.9999999999999,-577.5000000000003,TARGET,True,2.0,10.0,1.0
2024-05-02,2024-04-25 10:00:00+05:30,2024-05-02 15:29:00+05:30,BULLISH,PUT,2.45,5.75,5.75,22402.35,22400,21650.0,21600.0,21550.0,8.1,7.3,6.55,25,143.75,5.15,128.75,71.347022175,57.402977824999994,2.2961191129999996,128.75000000000003,-64.99999999999994,EXPIRY,False,2.0,10.0,1.0
2024-05-09,2024-05-03 10:00:00+05:30,2024-05-09 09:20:00+05:30,BULLISH,PUT,1.3499999999999996,4.050000000000001,4.050000000000001,22767.45,22750,22000.0,21950.0,21900.0,6.5,5.65,4.9,25,101.25000000000001,4.100000000000003,102.50000000000009,71.57003114999999,30.929968850000094,1.2371987540000038,102.50000000000009,-398.75000000000017,TARGET,True,2.0,10.0,1.0
2024-05-16,2024-05-10 10:00:00+05:30,2024-05-16 15:27:00+05:30,BULLISH,PUT,3.1500000000000004,6.549999999999999,6.549999999999999,22109.45,22100,21350.0,21300.0,21250.0,10.85,9.35,8.05,25,163.74999999999997,5.950000000000001,148.75000000000003,71.497664275,77.25233572500002,3.090093429000001,148.75000000000003,-108.74999999999999,EXPIRY,False,2.0,10.0,1.0
2024-05-23,2024-05-17 10:00:00+05:30,2024-05-23 15:28:00+05:30,BULLISH,PUT,2.05,6.149999999999997,6.149999999999997,22400.15,22400,21650.0,21600.0,21550.0,9.9,8.45,7.6,25,153.74999999999991,5.549999999999999,138.74999999999997,71.44186517499999,67.30813482499998,2.692325392999999,138.74999999999997,-30.00000000000003,EXPIRY,False,2.0,10.0,1.0
2024-06-06,2024-05-31 10:00:00+05:30,2024-06-06 15:29:00+05:30,BEARISH,CALL,92.29999999999998,8.800000000000011,92.29999999999998,22566.75,22550,23300.0,23350.0,23400.0,122.9,112.35,102.85,25,2307.4999999999995,59.19999999999999,1479.9999999999998,79.7564636,1400.2435363999998,56.00974145599999,1486.25,-5407.500000000002,EXPIRY,False,2.0,10.0,1.0
2024-06-13,2024-06-07 10:00:00+05:30,2024-06-13 15:28:00+05:30,BULLISH,PUT,12.150000000000002,29.800000000000004,29.800000000000004,22977.95,23000,22250.0,22200.0,22150.0,43.15,38.45,34.5,25,745.0000000000001,29.200000000000003,730.0000000000001,73.6882371,656.3117629000001,26.252470516000002,730.0000000000001,-61.25000000000007,EXPIRY,False,2.0,10.0,1.0
2024-06-20,2024-06-13 10:00:00+05:30,2024-06-20 15:29:00+05:30,BULLISH,PUT,2.8499999999999996,7.0,7.0,23396.35,23400,22650.0,22600.0,22550.0,12.5,10.5,9.0,25,175.0,6.4,160.0,71.5871374,88.4128626,3.536514504,160.00000000000006,-17.499999999999936,EXPIRY,False,2.0,10.0,1.0
2024-07-04,2024-06-28 10:00:00+05:30,2024-07-04 15:28:00+05:30,BULLISH,PUT,2.6999999999999993,11.099999999999998,11.099999999999998,24138.3,24150,23400.0,23350.0,23300.0,16.95,14.95,13.1,25,277.49999999999994,10.499999999999998,262.49999999999994,71.91620215,190.58379784999994,7.623351913999998,262.50000000000006,-40.00000000000013,EXPIRY,False,2.0,10.0,1.0
2024-07-11,2024-07-05 10:00:00+05:30,2024-07-11 15:28:00+05:30,BULLISH,PUT,1.4500000000000002,3.299999999999999,3.299999999999999,24191.9,24200,23450.0,23400.0,23350.0,5.65,4.75,4.2,25,82.49999999999997,2.7000000000000006,67.50000000000001,71.15999284999998,-3.6599928499999663,-0.14639971399999865,67.50000000000001,-22.499999999999964,EXPIRY,False,2.0,10.0,1.0
2024-07-18,2024-07-11 10:00:00+05:30,2024-07-18 15:29:00+05:30,BULLISH,PUT,1.7500000000000004,3.7,3.7,24344.1,24350,23600.0,23550.0,23500.0,6.05,5.15,4.6,25,92.5,3.1000000000000005,77.50000000000001,71.19052825,6.309471750000014,0.2523788700000006,77.50000000000001,-91.24999999999994,EXPIRY,False,2.0,10.0,1.0
2024-08-01,2024-07-26 10:00:00+05:30,2024-08-01 15:25:00+05:30,BULLISH,PUT,1.65,6.200000000000001,6.200000000000001,24579.25,24600,23850.0,23800.0,23750.0,10.15,8.8,7.55,25,155.00000000000003,5.6000000000000005,140.0,71.45486890000001,68.54513109999999,2.7418052439999996,140.00000000000006,-21.249999999999968,EXPIRY,False,2.0,10.0,1.0
2024-08-08,2024-08-02 10:00:00+05:30,2024-08-08 12:48:00+05:30,BULLISH,PUT,3.0,9.2,9.2,24742.05,24750,24000.0,23950.0,23900.0,15.55,13.3,11.45,25,229.99999999999997,9.5,237.5,72.25786305,165.24213695,6.609685478,237.5,-6693.750000000002,TARGET,True,2.0,10.0,1.0
2024-08-14,2024-08-08 10:00:00+05:30,2024-08-14 15:29:00+05:30,BULLISH,PUT,6.750000000000002,21.15,21.15,24204.6,24200,23450.0,23400.0,23350.0,31.4,27.85,24.7,25,528.75,20.55,513.75,72.88551367500001,440.864486325,17.634579453,513.75,-221.2500000000001,EXPIRY,False,2.0,10.0,1.0
2024-08-22,2024-08-16 10:00:00+05:30,2024-08-22 15:25:00+05:30,BULLISH,PUT,2.0500000000000007,7.1,7.1,24278.0,24300,23550.0,23500.0,23450.0,11.9,10.25,8.75,25,177.5,6.5,162.5,71.56261744999999,90.93738255000001,3.6374953020000005,163.75000000000003,-81.25,EXPIRY,False,2.0,10.0,1.0
2024-09-05,2024-08-30 10:00:00+05:30,2024-09-05 15:28:00+05:30,BULLISH,PUT,1.3999999999999995,5.25,5.25,25232.55,25250,24500.0,24450.0,24400.0,8.05,7.0,6.3,25,131.25,4.6499999999999995,116.24999999999999,71.32952322499999,44.920476775,1.7968190709999998,116.24999999999999,-49.99999999999996,EXPIRY,False,2.0,10.0,1.0
2024-09-12,2024-09-06 10:00:00+05:30,2024-09-12 15:29:00+05:30,BULLISH,PUT,2.7,8.8,8.8,24976.7,25000,24250.0,24200.0,24150.0,13.25,11.8,10.25,25,220.00000000000003,8.200000000000001,205.00000000000003,71.676316,133.32368400000001,5.33294736,205.00000000000006,-340.0,EXPIRY,False,2.0,10.0,1.0
2024-09-19,2024-09-13 10:00:00+05:30,2024-09-19 15:28:00+05:30,BULLISH,PUT,2.55,8.049999999999999,8.049999999999999,25347.3,25350,24600.0,24550.0,24500.0,11.1,10.15,9.0,25,201.24999999999997,7.450000000000001,186.25000000000003,71.55475452499999,114.69524547500004,4.587809819000001,186.25000000000006,-47.49999999999992,EXPIRY,False,2.0,10.0,1.0
2024-10-03,2024-09-26 10:00:00+05:30,2024-10-03 11:22:00+05:30,BULLISH,PUT,3.799999999999999,6.549999999999999,6.549999999999999,26048.45,26050,25300.0,25250.0,25200.0,10.6,9.3,7.85,25,163.74999999999997,6.6,165.0,72.3592271725,92.6407728275,3.7056309131000003,165.0,-119.99999999999993,TARGET,True,2.0,10.0,1.0
2024-10-10,2024-10-04 10:00:00+05:30,2024-10-10 15:29:00+05:30,BULLISH,PUT,7.650000000000002,19.300000000000004,19.300000000000004,25290.6,25300,24550.0,24500.0,24450.0,27.15,24.45,22.0,25,482.5000000000001,18.7,467.5,72.75261323000001,394.74738677,15.7898954708,467.5,-1666.2499999999998,EXPIRY,False,2.0,10.0,1.0
2024-10-17,2024-10-11 10:00:00+05:30,2024-10-17 15:29:00+05:30,BULLISH,PUT,3.499999999999999,7.0,7.0,24987.95,25000,24250.0,24200.0,24150.0,12.0,10.2,8.8,25,175.0,6.4,160.0,71.60723852000001,88.39276147999999,3.5357104591999997,161.25000000000003,-92.49999999999999,EXPIRY,False,2.0,10.0,1.0
2024-10-24,2024-10-18 10:00:00+05:30,2024-10-24 15:29:00+05:30,BULLISH,PUT,4.6,9.35,9.35,24641.85,24650,23900.0,23850.0,23800.0,15.15,13.15,11.35,25,233.75,8.75,218.75,71.8380198725,146.9119801275,5.8764792051,218.75,-26.24999999999993,EXPIRY,False,2.0,10.0,1.0
2024-11-14,2024-11-08 10:00:00+05:30,2024-11-14 15:29:00+05:30,BULLISH,PUT,4.699999999999999,8.799999999999997,8.799999999999997,24173.5,24150,23400.0,23350.0,23300.0,14.75,12.7,10.85,25,219.99999999999994,8.2,204.99999999999997,71.799780225,133.20021977499997,5.3280087909999985,215.0,-42.50000000000007,EXPIRY,False,2.0,10.0,1.0
2024-11-21,2024-11-13 10:00:00+05:30,2024-11-21 15:29:00+05:30,BULLISH,PUT,9.450000000000001,16.8,16.8,23784.9,23800,23050.0,23000.0,22950.0,24.45,21.85,19.4,25,420.0,16.2,405.0,72.53755251499999,332.462447485,13.2984978994,405.0,-246.2500000000003,EXPIRY,False,2.0,10.0,1.0
2024-12-05,2024-11-29 10:00:00+05:30,2024-12-05 15:29:00+05:30,BULLISH,PUT,4.800000000000001,11.7,11.7,24046.2,24050,23300.0,23250.0,23200.0,19.3,16.6,14.4,25,292.5,11.05,276.25,72.1161359675,204.13386403250001,8.165354561300001,277.5,-148.75000000000017,EXPIRY,False,2.0,10.0,1.0
2024-12-12,2024-12-06 10:00:00+05:30,2024-12-12 15:29:00+05:30,BULLISH,PUT,11.2,22.549999999999997,22.549999999999997,24694.7,24700,23950.0,23900.0,23850.0,35.2,30.85,26.9,25,563.7499999999999,21.949999999999996,548.7499999999999,73.2445356775,475.5054643224999,19.020218572899996,548.7499999999999,-122.50000000000023,EXPIRY,False,2.0,10.0,1.0
2024-12-19,2024-12-13 10:00:00+05:30,2024-12-19 15:29:00+05:30,BULLISH,PUT,4.549999999999999,6.4,6.4,24377.65,24400,23650.0,23600.0,23550.0,12.1,10.0,8.5,25,160.0,5.800000000000001,145.00000000000003,71.59060918,73.40939082000003,2.9363756328000012,145.00000000000003,-427.5000000000003,EXPIRY,False,2.0,10.0,1.0
2025-01-02,2024-12-27 10:00:00+05:30,2025-01-02 15:29:00+05:30,BULLISH,PUT,2.5500000000000007,8.149999999999999,8.149999999999999,23913.85,23900,23150.0,23100.0,23050.0,12.55,11.0,9.7,75,611.2499999999999,7.5,562.5,73.423090425,489.076909575,6.521025461,562.5,-232.50000000000023,EXPIRY,False,2.0,10.0,1.0
2025-01-09,2025-01-03 10:00:00+05:30,2025-01-09 15:29:00+05:30,BULLISH,PUT,4.299999999999999,7.5,7.5,24070.1,24050,23300.0,23250.0,23200.0,13.25,11.3,9.45,75,562.5,6.9,517.5,73.45037570999999,444.04962429,5.9206616572,521.2500000000001,-4072.4999999999986,EXPIRY,False,2.0,10.0,1.0
2025-01-16,2025-01-10 10:00:00+05:30,2025-01-16 15:29:00+05:30,BULLISH,PUT,7.100000000000001,12.600000000000001,12.600000000000001,23365.55,23350,22600.0,22550.0,22500.0,19.9,17.4,15.1,75,945.0000000000001,11.999999999999998,899.9999999999999,74.92678713000001,825.0732128699999,11.0009761716,900.0,-585.0000000000006,EXPIRY,False,2.0,10.0,1.0
2025-01-23,2025-01-17 10:00:00+05:30,2025-01-23 15:29:00+05:30,BULLISH,PUT,3.3499999999999996,9.000000000000002,9.000000000000002,23226.05,23250,22500.0,22450.0,22400.0,14.85,12.8,11.05,75,675.0000000000001,8.400000000000002,630.0000000000001,73.834678695,556.1653213050001,7.415537617400002,633.7500000000002,-641.2500000000003,EXPIRY,False,2.0,10.0,1.0
2025-02-06,2025-02-01 10:00:00+05:30,2025-02-06 15:29:00+05:30,BULLISH,PUT,24.349999999999994,36.150000000000006,36.150000000000006,23559.2,23550,22800.0,22750.0,22700.0,48.3,44.35,40.1,75,2711.2500000000005,35.550000000000004,2666.2500000000005,81.4205775225,2584.8294224775004,34.46439229970001,2666.2500000000005,-727.5000000000008,EXPIRY,False,2.0,10.0,1.0
2025-02-13,2025-02-07 10:00:00+05:30,2025-02-13 15:29:00+05:30,BULLISH,PUT,4.599999999999998,9.45,9.45,23603.75,23600,22850.0,22800.0,22750.0,16.35,14.0,11.8,75,708.75,8.849999999999998,663.7499999999999,74.0930909925,589.6569090074998,7.862092120099998,701.25,-2272.4999999999986,EXPIRY,False,2.0,10.0,1.0
2025-02-20,2025-02-14 10:00:00+05:30,2025-02-20 15:28:00+05:30,BULLISH,PUT,3.4000000000000012,6.000000000000002,6.000000000000002,23055.35,23050,22300.0,22250.0,22200.0,11.35,9.45,7.9,75,450.0000000000001,5.4,405.0,73.023978195,331.976021805,4.4263469574,405.0,-975.0000000000002,EXPIRY,False,2.0,10.0,1.0
2025-03-06,2025-02-28 10:00:00+05:30,2025-03-06 15:27:00+05:30,BULLISH,PUT,2.45,3.549999999999999,3.549999999999999,22233.75,22250,21500.0,21450.0,21400.0,6.15,5.2,4.5,75,266.24999999999994,2.95,221.25,72.03333492750001,149.2166650725,1.9895555343,221.25,-341.24999999999983,EXPIRY,False,2.0,10.0,1.0
2025-03-13,2025-03-07 10:00:00+05:30,2025-03-13 15:29:00+05:30,BULLISH,PUT,1.75,4.35,4.35,22551.15,22550,21800.0,21750.0,21700.0,7.6,6.4,5.55,75,326.25,3.750000000000001,281.25000000000006,72.3220178625,208.92798213750007,2.785706428500001,285.00000000000006,-67.49999999999983,EXPIRY,False,2.0,10.0,1.0
2025-03-20,2025-03-13 10:00:00+05:30,2025-03-20 15:27:00+05:30,BULLISH,PUT,1.8000000000000007,4.9,4.9,22532.6,22550,21800.0,21750.0,21700.0,8.1,6.9,6.1,75,367.5,4.300000000000001,322.50000000000006,72.450768315,250.04923168500005,3.3339897558000007,322.50000000000006,-127.49999999999982,EXPIRY,False,2.0,10.0,1.0
2025-04-03,2025-03-27 10:00:00+05:30,2025-04-03 15:29:00+05:30,BULLISH,PUT,12.3,12.349999999999998,12.349999999999998,23581.9,23600,22850.0,22800.0,22750.0,17.8,15.8,14.35,75,926.2499999999999,11.749999999999998,881.2499999999999,74.6054922825,806.6445077174999,10.755260102899998,884.9999999999998,-236.25000000000057,EXPIRY,False,2.0,10.0,1.0
2025-04-09,2025-04-03 10:00:00+05:30,2025-04-09 10:17:00+05:30,BULLISH,PUT,3.9000000000000004,9.850000000000001,9.850000000000001,23233.85,23250,22500.0,22450.0,22400.0,16.4,13.95,12.3,75,738.7500000000001,12.250000000000021,918.7500000000016,90.23373465750001,828.5162653425016,11.04688353790002,918.7500000000016,-47265.0,TARGET,True,2.0,10.0,1.0
2025-04-17,2025-04-09 10:00:00+05:30,2025-04-17 15:26:00+05:30,BULLISH,PUT,41.10000000000001,81.00000000000003,81.00000000000003,22386.7,22400,21650.0,21600.0,21550.0,102.35,95.95,87.4,75,6075.000000000002,80.40000000000002,6030.000000000002,93.78259354500001,5936.217406455002,79.14956541940002,6030.000000000002,-318.7499999999968,EXPIRY,False,2.0,10.0,1.0
2025-04-24,2025-04-17 10:00:00+05:30,2025-04-24 15:27:00+05:30,BULLISH,PUT,8.649999999999999,19.000000000000007,19.000000000000007,23406.55,23400,22650.0,22600.0,22550.0,26.9,24.3,21.6,75,1425.0000000000005,18.400000000000002,1380.0000000000002,76.59080115,1303.4091988500002,17.378789318000003,1380.0000000000002,-187.50000000000054,EXPIRY,False,2.0,10.0,1.0
2025-05-08,2025-05-02 10:00:00+05:30,2025-05-08 15:29:00+05:30,BULLISH,PUT,3.299999999999999,29.9,29.9,24577.7,24600,23850.0,23800.0,23750.0,38.35,35.35,32.9,75,2242.5,29.249999999999993,2193.7499999999995,79.37433447750001,2114.3756655224997,28.191675540299997,2193.7499999999995,-2411.2499999999995,EXPIRY,False,2.0,10.0,1.0
2025-05-15,2025-05-09 10:00:00+05:30,2025-05-15 15:29:00+05:30,BULLISH,PUT,11.999999999999996,91.5,91.5,24005.8,24000,23250.0,23200.0,23150.0,106.15,100.95,96.7,75,6862.5,90.9,6817.5,95.43438270000001,6722.0656173,89.627541564,6817.500000000002,-1008.7499999999981,EXPIRY,False,2.0,10.0,1.0
2025-05-22,2025-05-16 10:00:00+05:30,2025-05-22 15:29:00+05:30,BULLISH,PUT,9.149999999999999,20.400000000000002,20.400000000000002,24999.7,25000,24250.0,24200.0,24150.0,28.2,25.55,23.05,75,1530.0000000000002,19.8,1485.0,76.92235635,1408.07764365,18.774368582,1485.0,-146.25000000000048,EXPIRY,False,2.0,10.0,1.0
2025-06-05,2025-05-30 10:00:00+05:30,2025-06-05 15:29:00+05:30,BULLISH,PUT,11.400000000000002,11.5,11.5,24804.6,24800,24050.0,24000.0,23950.0,19.4,16.55,14.35,75,862.5,10.9,817.5,74.739443775,742.760556225,9.903474082999999,817.5000000000001,-1331.2500000000002,EXPIRY,False,2.0,10.0,1.0
2025-06-12,2025-06-06 10:00:00+05:30,2025-06-12 15:18:00+05:30,BULLISH,PUT,7.65,8.499999999999996,8.499999999999996,24712.15,24700,23950.0,23900.0,23850.0,14.3,12.2,10.6,75,637.4999999999998,7.899999999999999,592.4999999999999,73.704239115,518.7957608849999,6.917276811799999,592.5,-157.5000000000001,EXPIRY,False,2.0,10.0,1.0
2025-06-19,2025-06-13 10:00:00+05:30,2025-06-19 15:29:00+05:30,BULLISH,PUT,6.699999999999999,24.6,24.6,24633.35,24650,23900.0,23850.0,23800.0,33.65,30.4,27.85,75,1845.0,24.0,1800.0,78.13451035499999,1721.865489645,22.9582065286,1800.0,-131.25000000000026,EXPIRY,False,2.0,10.0,1.0
2025-07-03,2025-06-27 10:00:00+05:30,2025-07-03 15:28:00+05:30,BULLISH,PUT,3.750000000000001,10.250000000000002,10.250000000000002,25548.35,25550,24800.0,24750.0,24700.0,15.6,13.7,12.15,75,768.7500000000001,9.65,723.75,74.07308070750001,649.6769192925,8.6623589239,723.75,-44.999999999999844,EXPIRY,False,2.0,10.0,1.0
2025-07-10,2025-07-04 10:00:00+05:30,2025-07-10 15:28:00+05:30,BULLISH,PUT,3.049999999999999,5.299999999999999,5.299999999999999,25421.65,25400,24650.0,24600.0,24550.0,8.3,7.25,6.35,75,397.49999999999994,4.699999999999999,352.49999999999994,72.521444355,279.9785556449999,3.7330474085999987,352.5,-157.49999999999997,EXPIRY,False,2.0,10.0,1.0
2025-07-17,2025-07-11 10:00:00+05:30,2025-07-17 15:29:00+05:30,BULLISH,PUT,2.4499999999999993,4.949999999999998,4.949999999999998,25276.4,25300,24550.0,24500.0,24450.0,7.2,6.35,5.8,75,371.2499999999999,4.35,326.25,72.3298113525,253.9201886475,3.3856025153,326.25,-367.4999999999999,EXPIRY,False,2.0,10.0,1.0
2025-07-24,2025-07-18 10:00:00+05:30,2025-07-24 15:29:00+05:30,BULLISH,PUT,2.5999999999999996,4.250000000000002,4.250000000000002,25033.1,25050,24300.0,24250.0,24200.0,6.35,5.65,4.95,75,318.7500000000001,3.6500000000000012,273.7500000000001,72.1359707325,201.61402926750011,2.6881870569000017,273.7500000000001,-314.9999999999998,EXPIRY,False,2.0,10.0,1.0
2025-08-07,2025-08-01 10:00:00+05:30,2025-08-07 15:29:00+05:30,BULLISH,PUT,3.25,7.0,7.0,24691.6,24700,23950.0,23900.0,23850.0,11.2,9.6,8.6,75,525.0,6.4,480.0,73.10946348,406.89053652,5.4252071536,480.0,-352.50000000000006,EXPIRY,False,2.0,10.0,1.0
2025-08-14,2025-08-08 10:00:00+05:30,2025-08-14 15:29:00+05:30,BULLISH,PUT,2.55,5.25,5.25,24469.3,24450,23700.0,23650.0,23600.0,7.6,6.85,6.0,75,393.75,4.65,348.75,72.4178971575,276.33210284250003,3.6844280379000005,348.75,-183.7499999999998,EXPIRY,False,2.0,10.0,1.0
2025-08-21,2025-08-14 10:00:00+05:30,2025-08-21 15:25:00+05:30,BULLISH,PUT,3.3999999999999995,8.25,8.25,24630.45,24650,23900.0,23850.0,23800.0,11.55,10.4,9.4,75,618.75,7.65,573.75,73.2917394525,500.4582605475,6.6727768073,577.5000000000001,-59.99999999999979,EXPIRY,False,2.0,10.0,1.0
2025-09-02,2025-08-26 10:00:00+05:30,2025-09-02 15:29:00+05:30,BULLISH,PUT,4.699999999999999,7.6999999999999975,7.6999999999999975,24781.4,24800,24050.0,24000.0,23950.0,10.6,9.7,8.6,75,577.4999999999998,7.1,532.5,73.099847205,459.400152795,6.1253353706,532.5000000000001,-585.0000000000005,EXPIRY,False,2.0,10.0,1.0
2025-09-09,2025-09-03 10:00:00+05:30,2025-09-09 15:23:00+05:30,BULLISH,PUT,1.9500000000000002,3.700000000000001,3.700000000000001,24591.8,24600,23850.0,23800.0,23750.0,5.1,4.6,4.2,75,277.50000000000006,3.100000000000001,232.50000000000009,71.901983955,160.59801604500007,2.141306880600001,232.50000000000009,-101.24999999999984,EXPIRY,False,2.0,10.0,1.0
2025-09-16,2025-09-10 10:00:00+05:30,2025-09-16 15:28:00+05:30,BULLISH,PUT,1.6500000000000004,4.8,4.8,25005.3,25000,24250.0,24200.0,24150.0,6.45,5.9,5.35,75,360.0,4.2,315.0,72.20859514499999,242.791404855,3.2372187314,315.0,-78.74999999999986,EXPIRY,False,2.0,10.0,1.0
2025-09-23,2025-09-17 10:00:00+05:30,2025-09-23 15:28:00+05:30,BULLISH,PUT,1.8999999999999995,4.8,4.8,25316.25,25300,24550.0,24500.0,24450.0,5.8,5.5,5.1,75,360.0,4.2,315.0,72.11739033,242.88260967,3.2384347956,315.0,-74.99999999999987,EXPIRY,False,2.0,10.0,1.0
2025-10-07,2025-09-30 10:00:00+05:30,2025-10-07 15:27:00+05:30,BULLISH,PUT,5.25,8.250000000000002,8.250000000000002,24666.4,24650,23900.0,23850.0,23800.0,11.6,10.35,9.5,75,618.7500000000001,7.65,573.75,73.2987552075,500.4512447925,6.6726832639,573.7500000000001,-187.49999999999986,EXPIRY,False,2.0,10.0,1.0
2025-10-14,2025-10-07 10:00:00+05:30,2025-10-14 15:29:00+05:30,BULLISH,PUT,2.8,7.199999999999999,7.199999999999999,25189.65,25200,24450.0,24400.0,24350.0,9.75,8.85,8.1,75,540.0,6.6,495.0,72.927313095,422.072686905,5.6276358254000005,495.0000000000001,-74.99999999999987,EXPIRY,False,2.0,10.0,1.0
2025-11-04,2025-10-29 10:00:00+05:30,2025-11-04 15:27:00+05:30,BULLISH,PUT,3.700000000000001,5.5,5.5,25998.65,26000,25250.0,25200.0,25150.0,8.05,7.05,6.5,75,412.5,4.8999999999999995,367.49999999999994,72.50767209,294.99232791,3.9332310388,367.49999999999994,-119.99999999999997,EXPIRY,False,2.0,10.0,1.0
2025-11-11,2025-11-04 10:00:00+05:30,2025-11-11 15:27:00+05:30,BEARISH,CALL,6.049999999999999,5.449999999999999,6.049999999999999,25712.3,25700,26450.0,26500.0,26550.0,10.15,8.7,7.5,75,453.74999999999994,5.449999999999999,408.74999999999994,72.86092670250001,335.8890732974999,4.478520977299999,408.75,-48.74999999999989,EXPIRY,False,2.0,10.0,1.0
2025-11-18,2025-11-12 10:00:00+05:30,2025-11-18 15:29:00+05:30,BULLISH,PUT,2.55,6.850000000000001,6.850000000000001,25859.95,25850,25100.0,25050.0,25000.0,9.2,8.35,7.7,75,513.7500000000001,6.250000000000001,468.75000000000006,72.81285339749999,395.9371466025001,5.279161954700001,468.75000000000006,-142.49999999999983,EXPIRY,False,2.0,10.0,1.0
2025-12-02,2025-11-26 10:00:00+05:30,2025-12-02 15:29:00+05:30,BULLISH,PUT,2.2,4.800000000000001,4.800000000000001,26086.55,26100,25350.0,25300.0,25250.0,7.1,6.25,5.65,75,360.00000000000006,4.200000000000001,315.00000000000006,72.29979996,242.70020004000006,3.2360026672000006,315.00000000000006,-161.24999999999977,EXPIRY,False,2.0,10.0,1.0
2025-12-09,2025-12-03 10:00:00+05:30,2025-12-09 15:28:00+05:30,BULLISH,PUT,2.9000000000000004,4.45,4.45,25940.75,25950,25200.0,25150.0,25100.0,6.45,5.7,5.2,75,333.75,3.8500000000000005,288.75000000000006,72.1713087525,216.57869124750005,2.8877158833000007,288.75000000000006,-67.49999999999983,EXPIRY,False,2.0,10.0,1.0
2025-12-16,2025-12-10 10:00:00+05:30,2025-12-16 15:29:00+05:30,BULLISH,PUT,2.5,4.25,4.25,25884.5,25900,25150.0,25100.0,25050.0,5.6,5.1,4.75,75,318.75,3.6500000000000004,273.75,72.03073440749999,201.7192655925,2.6895902079,273.75,-194.99999999999983,EXPIRY,False,2.0,10.0,1.0
2025-12-23,2025-12-17 10:00:00+05:30,2025-12-23 15:29:00+05:30,BULLISH,PUT,2.55,4.1,4.1,25865.6,25850,25100.0,25050.0,25000.0,5.15,4.75,4.5,75,307.5,3.5,262.5,71.95161273,190.54838727,2.5406451636000003,262.5,-67.49999999999983,EXPIRY,False,2.0,10.0,1.0
2026-01-06,2025-12-31 10:00:00+05:30,2026-01-06 15:25:00+05:30,BULLISH,PUT,1.5499999999999998,2.9000000000000004,2.9000000000000004,25979.3,26000,25250.0,25200.0,25150.0,3.75,3.45,3.2,65,188.50000000000003,2.3000000000000003,149.50000000000003,71.517021526,77.98297847400003,1.1997381303692314,149.50000000000003,-110.49999999999993,EXPIRY,False,2.0,10.0,1.0
2026-01-13,2026-01-07 10:00:00+05:30,2026-01-13 15:29:00+05:30,BULLISH,PUT,1.6500000000000004,2.8,2.8,26140.3,26150,25400.0,25350.0,25300.0,3.75,3.4,3.15,65,182.0,2.1999999999999997,142.99999999999997,71.50778870500001,71.49221129499996,1.09988017376923,142.99999999999997,-549.2500000000002,EXPIRY,False,2.0,10.0,1.0
2026-01-20,2026-01-13 10:00:00+05:30,2026-01-20 15:29:00+05:30,BULLISH,PUT,7.949999999999999,9.8,9.8,25714.65,25700,24950.0,24900.0,24850.0,14.45,12.8,11.45,65,637.0,9.200000000000001,598.0000000000001,73.45527486899998,524.5447251310002,8.069918848169234,598.0000000000002,-32.49999999999977,EXPIRY,False,2.0,10.0,1.0
2026-02-03,2026-01-29 10:00:00+05:30,2026-02-03 15:29:00+05:30,BULLISH,PUT,14.099999999999994,19.699999999999996,19.699999999999996,25180.45,25200,24450.0,24400.0,24350.0,29.85,26.25,23.3,65,1280.4999999999998,19.099999999999998,1241.4999999999998,76.24206301599999,1165.2579369839998,17.927045184369227,1241.4999999999998,-4897.75,EXPIRY,False,2.0,10.0,1.0
2026-02-10,2026-02-04 10:00:00+05:30,2026-02-10 15:28:00+05:30,BULLISH,PUT,7.999999999999998,16.449999999999996,16.449999999999996,25778.5,25800,25050.0,25000.0,24950.0,22.1,20.15,18.4,65,1069.2499999999998,15.849999999999994,1030.2499999999995,74.9995465785,955.2504534214995,14.696160821869224,1030.2499999999995,-139.75000000000082,EXPIRY,False,2.0,10.0,1.0
2026-02-17,2026-02-11 10:00:00+05:30,2026-02-17 15:29:00+05:30,BULLISH,PUT,4.6,9.25,9.25,25929.65,25950,25200.0,25150.0,25100.0,11.55,10.75,10.05,65,601.25,8.65,562.25,73.05183573549999,489.1981642645,7.526125604069231,562.25,-831.9999999999998,EXPIRY,False,2.0,10.0,1.0
2026-03-02,2026-02-24 10:00:00+05:30,2026-03-02 11:46:00+05:30,BULLISH,PUT,6.5,15.199999999999996,15.199999999999996,25516.9,25500,24750.0,24700.0,24650.0,22.35,19.95,17.6,65,987.9999999999998,15.299999999999992,994.4999999999994,78.21997876099998,916.2800212389994,14.096615711369223,994.4999999999994,-2138.4999999999995,TARGET,True,2.0,10.0,1.0
2026-03-10,2026-03-04 10:00:00+05:30,2026-03-10 15:29:00+05:30,BULLISH,PUT,41.35000000000001,96.9,96.9,24315.45,24300,23550.0,23500.0,23450.0,116.4,109.5,103.8,65,6298.5,96.3,6259.5,93.894836479,6165.605163521,94.85546405416923,6259.5,-1566.4999999999986,EXPIRY,False,2.0,10.0,1.0
2026-03-17,2026-03-11 10:00:00+05:30,2026-03-17 12:39:00+05:30,BULLISH,PUT,21.4,50.3,50.3,24146.0,24150,23400.0,23350.0,23300.0,66.0,60.75,55.55,65,3269.5,50.39999999999999,3275.9999999999995,89.32863430599997,3186.6713656939996,49.02571331836923,3275.9999999999995,-19334.250000000007,TARGET,True,2.0,10.0,1.0
2026-03-24,2026-03-18 10:00:00+05:30,2026-03-24 13:37:00+05:30,BULLISH,PUT,12.25,45.94999999999999,45.94999999999999,23686.7,23700,22950.0,22900.0,22850.0,60.0,55.15,50.8,65,2986.749999999999,46.249999999999986,3006.249999999999,86.0512394385,2920.198760561499,44.926134777869215,3006.249999999999,-25067.250000000007,TARGET,True,2.0,10.0,1.0
2026-04-07,2026-03-30 10:00:00+05:30,2026-04-07 15:29:00+05:30,BULLISH,PUT,109.60000000000002,153.25,153.25,22605.5,22600,21850.0,21800.0,21750.0,186.45,175.0,164.7,65,9961.25,152.65,9922.25,107.61606083349999,9814.6339391665,150.99436829486925,9922.250000000002,-1355.2499999999977,EXPIRY,False,2.0,10.0,1.0
2026-04-13,2026-04-07 10:00:00+05:30,2026-04-13 15:16:00+05:30,BULLISH,PUT,53.55,97.54999999999998,97.54999999999998,22897.8,22900,22150.0,22100.0,22050.0,123.4,114.05,106.9,65,6340.749999999999,96.95,6301.75,101.9804697555,6199.7695302445,95.38106969606923,6301.75,-29.249999999998337,EXPIRY,False,2.0,10.0,1.0
2026-04-21,2026-04-15 10:00:00+05:30,2026-04-21 15:28:00+05:30,BULLISH,PUT,8.95,27.299999999999997,27.299999999999997,24221.9,24200,23450.0,23400.0,23350.0,39.8,35.45,31.65,65,1774.4999999999998,26.700000000000003,1735.5000000000002,80.32799129099999,1655.1720087090002,25.464184749369235,1735.5000000000002,-269.75000000000034,EXPIRY,False,2.0,10.0,1.0
2026-05-05,2026-04-28 10:00:00+05:30,2026-05-05 15:29:00+05:30,BULLISH,PUT,12.049999999999997,18.849999999999998,18.849999999999998,24158.6,24150,23400.0,23350.0,23300.0,30.2,26.25,22.8,65,1225.2499999999998,18.25,1186.25,77.79377128449998,1108.4562287155,17.05317274946923,1186.25,-1439.7499999999998,EXPIRY,False,2.0,10.0,1.0
2026-05-12,2026-05-06 10:00:00+05:30,2026-05-12 12:08:00+05:30,BULLISH,PUT,7.099999999999998,12.099999999999998,12.099999999999998,24129.25,24150,23400.0,23350.0,23300.0,20.3,17.5,14.9,65,786.4999999999999,12.399999999999999,805.9999999999999,76.30069947700001,729.6993005229999,11.22614308496923,805.9999999999999,-640.2500000000003,TARGET,True,2.0,10.0,1.0
2026-05-19,2026-05-13 10:00:00+05:30,2026-05-19 15:28:00+05:30,BULLISH,PUT,22.299999999999997,29.349999999999994,29.349999999999994,23362.45,23350,22600.0,22550.0,22500.0,41.5,37.35,33.5,65,1907.7499999999995,28.75,1868.75,80.8458700355,1787.9041299645,27.50621738406923,1868.75,-35.75000000000074,EXPIRY,False,2.0,10.0,1.0
2026-07-07,2026-06-29 10:00:00+05:30,2026-07-02 15:29:00+05:30,BULLISH,PUT,5.199999999999999,9.049999999999997,9.049999999999997,24080.8,24100,23350.0,23300.0,23250.0,16.25,13.6,11.7,65,588.2499999999998,5.799999999999997,376.99999999999983,74.991398068,302.0086019319998,4.646286183569228,399.7499999999999,-568.7500000000003,EXPIRY,False,2.0,10.0,1.0
