expiry,file,sha256,bytes,rows,strike_count,expiry_exit_common_ts,status
2021-05-27,options/NIFTY/2021-05-27.parquet,46aef7e94628ea3c180e4deb4998a19fab2d1082fce0529cc5ba6bca7313e26e,3624537,333365,81,2021-05-27T15:29:00+05:30,PASS
2021-06-03,options/NIFTY/2021-06-03.parquet,a3175f18b38fe8240b43c789077501b44ed6ce7a7867f3fcfda795e942cb58f7,2986431,402217,87,2021-06-03T15:29:00+05:30,PASS
2021-06-10,options/NIFTY/2021-06-10.parquet,4d999fcb88cca51bf6256aab98187d635f1560228cd0120a07ce4157072fd54c,2791470,381389,90,2021-06-10T15:29:00+05:30,PASS
2021-06-17,options/NIFTY/2021-06-17.parquet,5502473b4d5c3aadbf8e74568f649e56edfd83e1801d1dd347ac0a206fd8200d,2327157,216018,92,2021-06-17T15:29:00+05:30,PASS
2021-06-24,options/NIFTY/2021-06-24.parquet,5ffc3d44b1fc24fb4f583403226e9dc9ce4f6226b1cb8ee40e960f55aded8f98,3936263,356142,119,2021-06-24T15:29:00+05:30,PASS
2021-07-01,options/NIFTY/2021-07-01.parquet,30acbc2b26cdb27f55b2ef8217613d58de16f3aa9d4d45097ea0a27cc46442ef,2748970,376612,91,2021-07-01T15:29:00+05:30,PASS
2021-07-08,options/NIFTY/2021-07-08.parquet,114e3a8e82097e9169dc25dd8ba08e311fd42d1fcca95fb624151ece53edd427,2465067,346207,85,2021-07-08T15:29:00+05:30,PASS
2021-07-15,options/NIFTY/2021-07-15.parquet,4a206ff095a32345d5215498504a5a34a8c1e151bca460676590c08b9340b8f3,2231920,217734,85,2021-07-15T15:29:00+05:30,PASS
2021-07-22,options/NIFTY/2021-07-22.parquet,907154cc4f0147c37a1fb1611a34f97519129c4d16b00887a3ab0da6692c001c,2282917,308963,80,2021-07-22T15:29:00+05:30,PASS
2021-07-29,options/NIFTY/2021-07-29.parquet,b331a76157547b36df3f08385d5108149146037417d70c7464608734a2b6fe12,2924041,394964,89,2021-07-29T15:29:00+05:30,PASS
2021-08-05,options/NIFTY/2021-08-05.parquet,b16e2b9c8e402a81269b6c9d9dee5854b3e56da4525a391de9ee524aa120127f,2826449,399027,73,2021-08-05T15:29:00+05:30,PASS
2021-08-12,options/NIFTY/2021-08-12.parquet,41276766ce0a3e33b4b8bd12e3828022f912b17670ef71dfeae61817d857fd2b,2959802,410504,74,2021-08-12T15:29:00+05:30,PASS
2021-08-18,options/NIFTY/2021-08-18.parquet,b3b4cfa533848679a228cf7da079fb351c54f54348301ae590387f46035745c7,2519521,350221,80,2021-08-18T15:29:00+05:30,PASS
2021-08-26,options/NIFTY/2021-08-26.parquet,bb3ea843801623160a1ec3e9c68535b0f9b052a28d1d151e7e9691b6f19711d7,3145921,425773,87,2021-08-26T15:29:00+05:30,PASS
2021-09-02,options/NIFTY/2021-09-02.parquet,06086673d9cdb774b3a5acbb222bd35c923914696f1c1b6c54858c753039a101,3031658,411988,91,2021-09-02T15:29:00+05:30,PASS
2021-09-09,options/NIFTY/2021-09-09.parquet,0d71028d7dde9c17a0d9e8e1a48345084a16db7dda8ffc5359d2e8e6ba918e74,3243573,442512,96,2021-09-09T15:29:00+05:30,PASS
2021-09-16,options/NIFTY/2021-09-16.parquet,bc669ec3ba20d6ae1be734b9dbc54434a0c660c2c6c33a63f1adb6c38f745128,2507479,338791,98,2021-09-16T15:29:00+05:30,PASS
2021-09-23,options/NIFTY/2021-09-23.parquet,fd340e952c30655e818798f020435bbedd31dd0891d8ff5362a99ec48a75be28,3294068,431062,100,2021-09-23T15:29:00+05:30,PASS
2021-09-30,options/NIFTY/2021-09-30.parquet,5722bb71e7666cfe3b2ce2ed329434ad950bed0734f3fb83ae7cdeb6b4bac7e3,4578014,556381,108,2021-09-30T15:29:00+05:30,PASS
2021-10-07,options/NIFTY/2021-10-07.parquet,0ca916d9349991d5ec4c43527f1047986c929ae8d76cea7fe590c1ef1ede96e3,3435846,438229,93,2021-10-07T15:29:00+05:30,PASS
2021-10-14,options/NIFTY/2021-10-14.parquet,ee0676607645398aa583006206efd1e9eeb91a59d3ba4ad836d3e561eaddfff6,3235055,411599,94,2021-10-14T15:29:00+05:30,PASS
2021-10-21,options/NIFTY/2021-10-21.parquet,40157c53b918d2be52daca87597fb226e22b63e652b84e2bd9013701c7724b36,3006785,388634,98,2021-10-21T15:29:00+05:30,PASS
2021-10-28,options/NIFTY/2021-10-28.parquet,454b3ee097f4f19d2985f24420bf70a676c4fb6ea33081dbc4fddf051a0e41c8,4513540,559815,111,2021-10-28T15:29:00+05:30,PASS
2021-11-11,options/NIFTY/2021-11-11.parquet,98bfc7b4b5dd8fe17dab898c22bd2161df65b155c04859533c36f017952886b9,2732465,352107,84,2021-11-11T15:29:00+05:30,PASS
2021-11-18,options/NIFTY/2021-11-18.parquet,9835db5afbf5d34f29f84eeca2237251bd7504fc3f2987c850d07e124c9ce126,3120198,401003,83,2021-11-18T15:29:00+05:30,PASS
2021-11-25,options/NIFTY/2021-11-25.parquet,1770c7b625e89af13799c97ca44288288f41fc403de2ee41adc8b9d7a87c75f2,3769165,485234,98,2021-11-25T15:29:00+05:30,PASS
2021-12-02,options/NIFTY/2021-12-02.parquet,9fe9993bd76111bfe072862a9b8d06ee5e8256459eb6dddc25a8ba678c1a2ea4,4101901,519232,91,2021-12-02T15:29:00+05:30,PASS
2021-12-09,options/NIFTY/2021-12-09.parquet,b052768bb573a639dec2cd1a0128d40464c117e0a9628fd83757e06607b081a5,3814843,486666,93,2021-12-09T15:29:00+05:30,PASS
2021-12-16,options/NIFTY/2021-12-16.parquet,5ab2d396f204730c01d640ff6f0a44e02fdb1f0c8a85c3143ad11f69311e4df0,3426111,438057,93,2021-12-16T15:29:00+05:30,PASS
2021-12-23,options/NIFTY/2021-12-23.parquet,9a580f41a1288f9c30024ecd91b782049cbc59f220c0f808da481ed1da74a06f,3899623,501010,94,2021-12-23T15:29:00+05:30,PASS
2021-12-30,options/NIFTY/2021-12-30.parquet,e87ac8d2ebf61e74c69b10a2995ae9381f08bf9300c0622170fbc15120e780ff,4480859,572335,106,2021-12-30T15:29:00+05:30,PASS
2022-01-06,options/NIFTY/2022-01-06.parquet,f0b8b564708388e285a1922ec0fab7e4cccb48363ec1499d86b347c0c587bb66,3537695,500083,91,2022-01-06T15:29:00+05:30,PASS
2022-01-13,options/NIFTY/2022-01-13.parquet,105b88e3d613db0d881866975d87ee6389ff9ab12be3fb20d78968cea342c8b6,3683167,505553,93,2022-01-13T15:29:00+05:30,PASS
2022-01-20,options/NIFTY/2022-01-20.parquet,ad64add42d80cb8ebb64e87275444eb4294ac36e30b0c8b543dfadcfef7eb081,3463111,472376,95,2022-01-20T15:29:00+05:30,PASS
2022-01-27,options/NIFTY/2022-01-27.parquet,b39d962fdd1ea34256b62be7872dab24cdf0f254e14063026e7df6b63892b6ec,4526163,573155,95,2022-01-27T15:29:00+05:30,PASS
2022-02-03,options/NIFTY/2022-02-03.parquet,a660da848778e0edd0575556908dce3409d1f89001b17f5c77e06e2240227dbb,4521437,560765,95,2022-02-03T15:29:00+05:30,PASS
2022-02-10,options/NIFTY/2022-02-10.parquet,504d1f0b8068bbf13eed0f6cd2cf13e8313a83c1ef430045bc8a47804368ad60,4165670,535794,95,2022-02-10T15:29:00+05:30,PASS
2022-02-17,options/NIFTY/2022-02-17.parquet,5d35171fb5ac85e4ee421ab417e5c901decd0d09cafed0b08d4152e6a71ba16f,4436432,580091,95,2022-02-17T15:29:00+05:30,PASS
2022-02-24,options/NIFTY/2022-02-24.parquet,8fe0be76d038fa46766fac9bf7095f846c6f32676d3af6bb1057e0a4f85898f0,5275074,635361,95,2022-02-24T15:29:00+05:30,PASS
2022-03-03,options/NIFTY/2022-03-03.parquet,96addf63c79550c34feeed57fd1107b43f96a62d17989b7e9ca70964163c0242,4410877,541270,102,2022-03-03T15:29:00+05:30,PASS
2022-03-10,options/NIFTY/2022-03-10.parquet,776b298593a9bf4781388a9b680846392cfccd19c1dc3c884f73c9aa74d6b981,4614242,557034,110,2022-03-10T15:29:00+05:30,PASS
2022-03-17,options/NIFTY/2022-03-17.parquet,269ec668c79f5271df85f67e36352f83781c60009ff30900725dd8722cd15dcf,4865848,628044,110,2022-03-17T15:29:00+05:30,PASS
2022-03-24,options/NIFTY/2022-03-24.parquet,40f40135b1d63de6749819bb1ee2295fd1ccb13a4caf9c8d096189a8fa20124f,3972694,504978,100,2022-03-24T15:29:00+05:30,PASS
2022-03-31,options/NIFTY/2022-03-31.parquet,9b860009f07e45fb9e130460ad7ce68dfe59673f13b2ae1ec4101d69223764ce,5304807,674431,116,2022-03-31T15:29:00+05:30,PASS
2022-04-07,options/NIFTY/2022-04-07.parquet,2edfb0e7180a6a825685d4567c286e3d02eaad471b6607943cded9e52f67f715,4257553,571360,105,2022-04-07T15:29:00+05:30,PASS
2022-04-13,options/NIFTY/2022-04-13.parquet,d8ad6fc3172bf02e0a027d3284c733af845257abcb54b2dea5dc7dcbeba7f3aa,3541116,470008,105,2022-04-13T15:29:00+05:30,PASS
2022-04-21,options/NIFTY/2022-04-21.parquet,e8641f392fa89ec9c4fc82242728921cd3961ac33b6905b988b3f5e5a15d9d9a,3100157,421280,105,2022-04-21T15:29:00+05:30,PASS
2022-04-28,options/NIFTY/2022-04-28.parquet,3bfa75d3373426d8423fa84165b1ef5e925e1ba30525f45a1e2d3b74d3b2b092,4638151,599466,105,2022-04-28T15:29:00+05:30,PASS
2022-05-05,options/NIFTY/2022-05-05.parquet,d57a712d17ef8b1b40c8642bed6283ad47afc5ad9e589a8adcf97bb9de1f9e69,3704395,462312,105,2022-05-05T15:29:00+05:30,PASS
2022-05-12,options/NIFTY/2022-05-12.parquet,04ca35782fc09aec210ded8412bf1edd7d459716ccc6e05109775181725c14ce,4166883,526383,98,2022-05-12T15:29:00+05:30,PASS
2022-05-19,options/NIFTY/2022-05-19.parquet,cd3b5c1571ddf5eb40ac5c795165d08c9c0cc0b4dd882a00eb9e01b5cc1979d1,4423029,550056,106,2022-05-19T15:29:00+05:30,PASS
2022-05-26,options/NIFTY/2022-05-26.parquet,00870606a45f391ae1d2a01c11c5a20056e01e271eab362ceab1e8dc1b6ff79c,5047545,637827,106,2022-05-26T15:29:00+05:30,PASS
2022-06-02,options/NIFTY/2022-06-02.parquet,a66d6bd8b005d33938900746ece016cf8fdcad3aa0031a28b00b03d16eb26b35,4249082,554761,106,2022-06-02T15:29:00+05:30,PASS
2022-06-09,options/NIFTY/2022-06-09.parquet,fdb034b98951c047c7dc085fb5ca0a4b86ffb113961a41b740def0f48f408ae2,3945322,510826,101,2022-06-09T15:29:00+05:30,PASS
2022-06-16,options/NIFTY/2022-06-16.parquet,f30098c49e0ce1ecf556d281e6c355bc42cecb9715dec80d40587f08735354f3,4222066,564292,97,2022-06-16T15:29:00+05:30,PASS
2022-06-23,options/NIFTY/2022-06-23.parquet,0c10fcd5495e3efab7d1f9189a3779a45555769b62d000ce73452fcfaa72b17f,4373120,559082,103,2022-06-23T15:29:00+05:30,PASS
2022-06-30,options/NIFTY/2022-06-30.parquet,854b7413b38729fe790a3be7b9e542046511c20fbc69550e503bc01ae36a6f17,4991958,626366,131,2022-06-30T15:29:00+05:30,PASS
2022-07-07,options/NIFTY/2022-07-07.parquet,22a58acc59279923e4b2434fbbb49743414ce5e3808235a559f59be730d80779,3952266,522433,89,2022-07-07T15:29:00+05:30,PASS
2022-07-14,options/NIFTY/2022-07-14.parquet,04efad2bdc32121a3f97ba9331d91d63ef6d541e65501197aa203bba8db9c391,3702984,495403,88,2022-07-14T15:29:00+05:30,PASS
2022-07-21,options/NIFTY/2022-07-21.parquet,a49162ca7ecbbba938e7f93e7b0e8ae522bae07461e0d0e02d26901f8c07c85f,3541272,489946,88,2022-07-21T15:29:00+05:30,PASS
2022-07-28,options/NIFTY/2022-07-28.parquet,df6e1008eb0670d62a9fb946fcab5e008833a44f0f9874ce0529aacc633e40ba,4204712,586624,100,2022-07-28T15:29:00+05:30,PASS
2022-08-04,options/NIFTY/2022-08-04.parquet,2667729a6e1c0ca5a54a0f9b96cbd211b1ed8e3e65f8fe6badde8f9c9f1e45a0,4026741,546545,103,2022-08-04T15:29:00+05:30,PASS
2022-08-11,options/NIFTY/2022-08-11.parquet,6d1e67a15b9487370d9157da41212462ec5430e9327681fbb17c978e3a046a9a,3642849,481304,106,2022-08-11T15:29:00+05:30,PASS
2022-08-18,options/NIFTY/2022-08-18.parquet,d3d5d811cbe89f389714c5783ab37aa5ab27c1aa95011da4ee22bc0963a29002,2845950,397130,114,2022-08-18T15:29:00+05:30,PASS
2022-08-25,options/NIFTY/2022-08-25.parquet,ae1626f6044aa88caed612d0e1fc7cfe22467e6292f01f596b628f874e60d865,4127370,568554,114,2022-08-25T15:29:00+05:30,PASS
2022-09-01,options/NIFTY/2022-09-01.parquet,ccf86102c09e52061569cf2fc7957026145cc9dd72b8115f9487a3d6901677d4,3664896,475511,109,2022-09-01T15:29:00+05:30,PASS
2022-09-08,options/NIFTY/2022-09-08.parquet,6785c20d820cd078d6a52684894d059f9dec479c8fb2169ddc23db3f0c2a209f,3546741,480362,109,2022-09-08T15:29:00+05:30,PASS
2022-09-15,options/NIFTY/2022-09-15.parquet,672bb4cedecabbd6c5f7e7bc974ca13a4bdb889a55feaf3d837fb8a1944d18e8,3667240,496442,111,2022-09-15T15:29:00+05:30,PASS
2022-09-22,options/NIFTY/2022-09-22.parquet,e14bed8297f2e76d21f810064d16cb4d2c5a2230f2ff00869935f3fb3bd30e22,4122359,558228,111,2022-09-22T15:29:00+05:30,PASS
2022-09-29,options/NIFTY/2022-09-29.parquet,f3d8219ecf55c3b980628b4318407b8fce39fb61ff0fc38f43d300e6fb354edd,5001619,624161,113,2022-09-29T15:29:00+05:30,PASS
2022-10-06,options/NIFTY/2022-10-06.parquet,a5a0fec4196227110a62ce4763bf8a5419e4e9c0b09fe54b0b024a97280625b1,4033777,505726,121,2022-10-06T15:29:00+05:30,PASS
2022-10-13,options/NIFTY/2022-10-13.parquet,69cafb5e89ef594c242b05599fe4415370c5c6ad4e24f42d925281f1e437fc3e,3575254,461672,116,2022-10-13T15:29:00+05:30,PASS
2022-10-20,options/NIFTY/2022-10-20.parquet,a1454a6275079b6433f321df9f1d9034da9dd449cbcc1b5a0e9f2249346b3fac,3926800,521667,110,2022-10-20T15:29:00+05:30,PASS
2022-10-27,options/NIFTY/2022-10-27.parquet,741924fa39521f0bb2e12be92a5e61d65de08b2f426e9e55b765a1ed7f2af2d7,3354290,451204,121,2022-10-27T15:29:00+05:30,PASS
2022-11-03,options/NIFTY/2022-11-03.parquet,bc0dcb73286b3185588ba9c5077707475e2c59c909e356ae2585d46cc1a3d534,2973711,441251,109,2022-11-03T15:29:00+05:30,PASS
2022-11-10,options/NIFTY/2022-11-10.parquet,1116c2f60a8aeeed2b6b64a6d166416ed80dc703f64b322cf3696e1a1bb4ea4e,3051097,424489,104,2022-11-10T15:29:00+05:30,PASS
2022-11-17,options/NIFTY/2022-11-17.parquet,cf33c573715013b1403259575b35a582d8635f5aaad8e909e573fdeda2bbfef1,3002485,440820,102,2022-11-17T15:29:00+05:30,PASS
2022-11-24,options/NIFTY/2022-11-24.parquet,ef57923ee8c1039534f77eddcac71246d490fc2e5fbe4c63cec7418bcade0f67,3566794,500701,110,2022-11-24T15:29:00+05:30,PASS
2022-12-01,options/NIFTY/2022-12-01.parquet,85617ef9e1e3deb39e9f0c1871f216746bbdca76a195398a3e73e93cf28cb11f,3198125,456343,113,2022-12-01T15:29:00+05:30,PASS
2022-12-08,options/NIFTY/2022-12-08.parquet,f008d3346b4328e3afeca3e8f7102f9aa50f77717019e7e6e1d51aa075fa2142,3392532,486757,114,2022-12-08T15:29:00+05:30,PASS
2022-12-15,options/NIFTY/2022-12-15.parquet,b1cf4f5f3ac6516ea38d90bbc6311e8294941be2aac849b0de327b733b554f94,3270930,461574,114,2022-12-15T15:29:00+05:30,PASS
2022-12-22,options/NIFTY/2022-12-22.parquet,7fcdd165536f46753cd783f19eb5709f2de756678772cf6502e79d23d1c870d1,3431070,453998,114,2022-12-22T15:29:00+05:30,PASS
2022-12-29,options/NIFTY/2022-12-29.parquet,0010b22d12ac4e0d3aad4cc37e0a3e5a6ce29df99c6d5387a0309da4a0b0f1f8,4470298,582458,108,2022-12-29T15:29:00+05:30,PASS
2023-01-05,options/NIFTY/2023-01-05.parquet,316ad329fa86d3c9884d48b16e1cf8aff309d5d04b5de432fa91c02e488036b7,3670914,507057,121,2023-01-05T15:29:00+05:30,PASS
2023-01-12,options/NIFTY/2023-01-12.parquet,2acaa767a0abe42859585b2ebc7beb3d970b46b4fc2e03bd40ac3349b0ade9ea,3568993,489292,81,2023-01-12T15:29:00+05:30,PASS
2023-01-19,options/NIFTY/2023-01-19.parquet,115b15368439c913228559b56ab6d26e5b78819be4ef633d7dcdbff7f0ae32f4,3548047,493178,81,2023-01-19T15:29:00+05:30,PASS
2023-01-25,options/NIFTY/2023-01-25.parquet,78aa885290e9db3f3cdf3fbd6fda8e2bb0df42ae533f9413ceda2410129c61c2,3453758,488497,121,2023-01-25T15:29:00+05:30,PASS
2023-02-02,options/NIFTY/2023-02-02.parquet,70b95c968d9ea3ad2d915b2dd65c194cbc96daadb3a2d76bc2f2626ed0478be2,3944293,495443,85,2023-02-02T15:29:00+05:30,PASS
2023-02-09,options/NIFTY/2023-02-09.parquet,9f2577ac8433c6550d44140bc3ff70fee9f77f4a6cfeb55f7725ea27201ab8b5,3969847,510274,82,2023-02-09T15:29:00+05:30,PASS
2023-02-16,options/NIFTY/2023-02-16.parquet,9101c25620bfcec0e8afd909ab0f95c0a5b3d4d5254b5aeb9efb995331d4b0c2,3185244,453222,72,2023-02-16T15:29:00+05:30,PASS
2023-02-23,options/NIFTY/2023-02-23.parquet,5ac84071ed49d9128a19afcb28c0ff2947a5dc309d55b74cb35a1ccee209570e,3718752,512343,86,2023-02-23T15:29:00+05:30,PASS
2023-03-02,options/NIFTY/2023-03-02.parquet,70c8ea80da4ae03cfb85a15d4a3373e43d60e530b6ab09bd070b7b09f87f64db,3537429,499746,77,2023-03-02T15:29:00+05:30,PASS
2023-03-09,options/NIFTY/2023-03-09.parquet,0c928350da95561e7b0bd644951dafe590bd90524f7210921cebcd644c8a4a28,2841957,408164,76,2023-03-09T15:29:00+05:30,PASS
2023-03-16,options/NIFTY/2023-03-16.parquet,d45ba2b7b734766300a1feea2eed8918f16ae1546927c5d0c95029a4c21a3a61,3375775,470925,83,2023-03-16T15:29:00+05:30,PASS
2023-03-23,options/NIFTY/2023-03-23.parquet,e0ac20c3178d604d67af01f3e0e5b1f839b77fada665365b8edc5f5aaef0cccd,3789776,489666,83,2023-03-23T15:29:00+05:30,PASS
2023-03-29,options/NIFTY/2023-03-29.parquet,8245143f782f285e009ac6fa673be3e5c7432d48be68b41a840819d165cbab74,3851632,525763,92,2023-03-29T15:29:00+05:30,PASS
2023-04-06,options/NIFTY/2023-04-06.parquet,a2544de746754c3b088f868aa81d2d4796d156e4341c3395393d5cc1098749e7,2767943,398264,77,2023-04-06T15:29:00+05:30,PASS
2023-04-13,options/NIFTY/2023-04-13.parquet,2711c43b80d769d9e1268616328060e1ea99065a35656f6b4b0db50a0a6c8d5f,2535029,392807,78,2023-04-13T15:29:00+05:30,PASS
2023-04-20,options/NIFTY/2023-04-20.parquet,4ad2ecf458c52ff9ec75e2af8f55b357bd0f614bbf0b8face9d137f85df052d1,2728808,404509,79,2023-04-20T15:29:00+05:30,PASS
2023-04-27,options/NIFTY/2023-04-27.parquet,abf577311e5f6b3d8f5f2d5b55956bac7b7491666e91bc4dedfa9af253b8c0ca,3536748,516211,83,2023-04-27T15:29:00+05:30,PASS
2023-05-04,options/NIFTY/2023-05-04.parquet,bb3d92f9ba6953e9e44752ca7d582757a549f3cfafdf9d0f1745926a140912fc,2736617,412189,85,2023-05-04T15:29:00+05:30,PASS
2023-05-11,options/NIFTY/2023-05-11.parquet,b941401f6980275b081aa7a2a196ce3f6787ec45c2ff57fa1aaab1448a86e078,2953705,451531,75,2023-05-11T15:29:00+05:30,PASS
2023-05-18,options/NIFTY/2023-05-18.parquet,138ba5ed57059d19da44967cf8f90160e14689cff60923348b706fd5441884ae,3133687,460826,77,2023-05-18T15:29:00+05:30,PASS
2023-05-25,options/NIFTY/2023-05-25.parquet,162752d9d3e0fa0ca7c44553d95139632f42897121584c6d0cdb4bcc9dea6e9d,3712382,533457,90,2023-05-25T15:29:00+05:30,PASS
2023-06-01,options/NIFTY/2023-06-01.parquet,ddced4aad8c3323fc2648d1b8a089ef3615c2fae34d5812ba6e57e1a9e619511,3370549,515483,82,2023-06-01T15:29:00+05:30,PASS
2023-06-08,options/NIFTY/2023-06-08.parquet,26aedab4cf8727c240ebfb1ec402f3d3d340477dc5e46160995c56a88bbd2e44,3114582,474285,75,2023-06-08T15:29:00+05:30,PASS
2023-06-15,options/NIFTY/2023-06-15.parquet,82b9ec5e31814136fec909cf590184dc5e69631e917e1b0325b5f2ff05b24df3,2959781,469200,73,2023-06-15T15:29:00+05:30,PASS
2023-06-22,options/NIFTY/2023-06-22.parquet,435935f842611d7a943bddf200f38dde1575a7b789741e797976d53ea604c2e6,3028151,467481,75,2023-06-22T15:29:00+05:30,PASS
2023-06-28,options/NIFTY/2023-06-28.parquet,fddbe04a3816e616d57513225b8723a5d8335858579bef5a6e1f880a834a1310,3527778,513731,102,2023-06-28T15:29:00+05:30,PASS
2023-07-06,options/NIFTY/2023-07-06.parquet,751736131363ee4e1a496568fb2eb2c3c75109dfd1f963b2ce30792e524e7704,3182760,480381,79,2023-07-06T15:29:00+05:30,PASS
2023-07-13,options/NIFTY/2023-07-13.parquet,e202c6396ad55c09f4f729c940732f18696526bd04ebf2d0560ccb2cb5c51074,3503242,517796,80,2023-07-13T15:29:00+05:30,PASS
2023-07-20,options/NIFTY/2023-07-20.parquet,25c1172bd176372a4cfa4253fd2768421361bcc1cca642b7b0e20e2e5f9c97b9,3413900,491310,85,2023-07-20T15:29:00+05:30,PASS
2023-07-27,options/NIFTY/2023-07-27.parquet,4d8defcf30495cd5a6d609db8da8f13e6eaa0146209aa598c8d641099a33bb54,4235922,593855,103,2023-07-27T15:29:00+05:30,PASS
2023-08-03,options/NIFTY/2023-08-03.parquet,78abdf7f6a452b3438dab4e0f3023c611b2a41f61d6ab6f9034165071fe9ba9b,3600561,535345,88,2023-08-03T15:29:00+05:30,PASS
2023-08-10,options/NIFTY/2023-08-10.parquet,f19d881e79fdd752f84af624e36eecf4f9c4d17253233e8b5f9bdd96c6440356,3376684,509554,74,2023-08-10T15:29:00+05:30,PASS
2023-08-17,options/NIFTY/2023-08-17.parquet,ccaf8d30e6d78759b4c00b1ae66c083e02d7639b6bdc432804f49a52e9e6adb8,2822687,419098,73,2023-08-17T15:29:00+05:30,PASS
2023-08-24,options/NIFTY/2023-08-24.parquet,0665c61df6f4d2f080230ce899908408a527ac389b384350e130a7d04f954e57,2673294,418163,75,2023-08-24T15:29:00+05:30,PASS
2023-08-31,options/NIFTY/2023-08-31.parquet,de181cbf66a2d31c5e2f04d63f6f50f5391db44001816128fefc204e6b241dc2,3598347,533964,95,2023-08-31T15:29:00+05:30,PASS
2023-09-07,options/NIFTY/2023-09-07.parquet,2c7ccca9b79674993d18e587dd88640f6dff0bead567f1b84597ded5c7c1fbcd,3039511,467717,69,2023-09-07T15:29:00+05:30,PASS
2023-09-14,options/NIFTY/2023-09-14.parquet,8f38ad32cfb9b7438e66c1698e9f2e41e8bbbcb480491a1a47c9274f1aec35d9,3471989,504721,77,2023-09-14T15:29:00+05:30,PASS
2023-09-21,options/NIFTY/2023-09-21.parquet,1e83505c4ebc4f82967226619966373da28fa14945c962878c51c71375f232ac,3074805,451767,80,2023-09-21T15:29:00+05:30,PASS
2023-09-28,options/NIFTY/2023-09-28.parquet,8278f840b3e17d0e9673abf46aefdeedc5a44cf2fcf39bf76c2900013d972609,3690901,553010,91,2023-09-28T15:29:00+05:30,PASS
2023-10-05,options/NIFTY/2023-10-05.parquet,0ab397fa8d0cc3f6d88e7c3c507d65217e7cb8bd583d772a31092cccc7a9a1d6,3098213,467426,80,2023-10-05T15:29:00+05:30,PASS
2023-10-12,options/NIFTY/2023-10-12.parquet,64cbc6ca079b46489197a56e5b50869421891cc29489110bf9255c3b7450bfb2,3013933,477860,76,2023-10-12T15:29:00+05:30,PASS
2023-10-19,options/NIFTY/2023-10-19.parquet,fe571fec4c40e2c81a5b00c15a81ff53f39693229590bdeef55a41ccdd8d607b,3193314,500058,76,2023-10-19T15:29:00+05:30,PASS
2023-10-26,options/NIFTY/2023-10-26.parquet,aa7d24acf273a2e15734b37ce564af9cec8033b4729803016a1cc57a73eb6999,3614523,526766,83,2023-10-26T15:29:00+05:30,PASS
2023-11-02,options/NIFTY/2023-11-02.parquet,c4973bc7bcc1f4c94f3443c78d023de7e06d69c0bbc15e1b9b1639de45ca68d2,3420995,496121,80,2023-11-02T15:29:00+05:30,PASS
2023-11-09,options/NIFTY/2023-11-09.parquet,51b3aed17805ebccfe0fd3c8140a0ebcef45adcd32142a7c2712fc46f6a76c74,2539790,257883,80,2023-11-09T15:29:00+05:30,PASS
2023-11-16,options/NIFTY/2023-11-16.parquet,96917e6945e3f8e2d85217e8d564eda8664f95e4b81aeec8ea8ad512bcf9b90d,2109812,218988,80,2023-11-16T15:29:00+05:30,PASS
2023-11-23,options/NIFTY/2023-11-23.parquet,1b80c48f9ed67648ed81e7a5158494e0ef07ea94b51c5daf964ff5fdd1c4336c,2202425,228516,80,2023-11-23T15:29:00+05:30,PASS
2023-11-30,options/NIFTY/2023-11-30.parquet,156117f1cfa35aac8b41cc4eea48feda19c04dd155c444c38359938c2025e563,2514868,260297,88,2023-11-30T15:29:00+05:30,PASS
2023-12-07,options/NIFTY/2023-12-07.parquet,b1067095c606d09a293f65bd60a396ed3d8dcf12abb52998ae89ed1d9364e3fc,2732025,274304,97,2023-12-07T15:29:00+05:30,PASS
2023-12-14,options/NIFTY/2023-12-14.parquet,9a1533683dfa7009fc3fd04ea9e58335ac2d664d5bf18a3b8898cb28add88fc1,3089961,311276,93,2023-12-14T15:29:00+05:30,PASS
2023-12-21,options/NIFTY/2023-12-21.parquet,ea882d2fd481a902816d435d5009e03cf47c34ffef01cf4398132641e0ba7618,3206678,314803,96,2023-12-21T15:29:00+05:30,PASS
2023-12-28,options/NIFTY/2023-12-28.parquet,afc826198ed386459f5f38ad5daa984b6a55093ffdf4d16e1c40489159fd87fd,4700893,442771,122,2023-12-28T15:29:00+05:30,PASS
2024-01-04,options/NIFTY/2024-01-04.parquet,c7e4da3130309c2695b134e3027e3ba40767f7b99359c0f9fe78fc0bc37f5dbf,5139509,650030,101,2024-01-04T15:29:00+05:30,PASS
2024-01-11,options/NIFTY/2024-01-11.parquet,4bf5e777a73524e22941ba40ac3e3166e0dd1548429954451071a45d45d88c63,2942506,289097,82,2024-01-11T15:29:00+05:30,PASS
2024-01-18,options/NIFTY/2024-01-18.parquet,39a80d3efc9c1cf22c31b1d904ef5790317af7a7472551abc1c84c817d16ceaf,3033731,291154,85,2024-01-18T15:29:00+05:30,PASS
2024-01-25,options/NIFTY/2024-01-25.parquet,df1728a4851b8062832c39b978c1505cd3c393ff48865e7f47ea1f447f2f5b14,4475729,423291,131,2024-01-25T15:29:00+05:30,PASS
2024-02-01,options/NIFTY/2024-02-01.parquet,ea990328eda5bfaeb2285ea832e57312ff76c03a9fe2f662ecf6ab8145ae7153,2973613,273062,88,2024-02-01T15:29:00+05:30,PASS
2024-02-08,options/NIFTY/2024-02-08.parquet,e032b1d8bb36ae3a7f4dc51fff2484a92695bf43e0a2448a63efd9eb10174d6d,3454535,325686,88,2024-02-08T15:29:00+05:30,PASS
2024-02-15,options/NIFTY/2024-02-15.parquet,9a00735f3a4241c1f35e9dcbc161682ac10f4f676577e4a40593e7daf593b041,3322689,317792,88,2024-02-15T15:29:00+05:30,PASS
2024-02-22,options/NIFTY/2024-02-22.parquet,7f5bf8dd5d5d04c47791b26b1ddf9e0a1824e460c4a056dc41adb9d7586d2c5c,3156245,307805,90,2024-02-22T15:29:00+05:30,PASS
2024-02-29,options/NIFTY/2024-02-29.parquet,010cd5225720597c60662960884573797487bf0f55a14c03396449fd58ddfce2,4010853,397754,107,2024-02-29T15:29:00+05:30,PASS
2024-03-07,options/NIFTY/2024-03-07.parquet,e7e642d0be3d5758bd9ddc3af3255ac6d752c8df0597dd5bb6c0124298500db1,3324095,325350,88,2024-03-07T15:29:00+05:30,PASS
2024-03-14,options/NIFTY/2024-03-14.parquet,ac96d81bcb0d8f2bde9a9c0da267e1a5fccacd10c43c85079686b2f1bf9424ef,2713653,264669,89,2024-03-14T15:29:00+05:30,PASS
2024-03-21,options/NIFTY/2024-03-21.parquet,0ad423f4e2eb9388c0bc25cded6381644259015baac3887b5eb8e3ba16cedc5b,3129417,301256,85,2024-03-21T15:29:00+05:30,PASS
2024-03-28,options/NIFTY/2024-03-28.parquet,b994b2986c412331cb8d5b2449dd7c46eb7425b2449bc8e0b463893bff150f13,3621864,350745,101,2024-03-28T15:29:00+05:30,PASS
2024-04-04,options/NIFTY/2024-04-04.parquet,16fe3940b1ca2c0f754311a431139b882c7fed4a21b62c3d05cbdf807f74a608,2314760,229652,85,2024-04-04T15:29:00+05:30,PASS
2024-04-10,options/NIFTY/2024-04-10.parquet,c150fb001d3b9597c0c5cf4393a37fc0b7741394f86cd19645500f9220201693,2554780,256909,88,2024-04-10T15:29:00+05:30,PASS
2024-04-18,options/NIFTY/2024-04-18.parquet,6813181d80af70fb4daa5a5ece5432dbb7f95822b64ca7201bf8e049b12df76c,2400874,238986,90,2024-04-18T15:29:00+05:30,PASS
2024-04-25,options/NIFTY/2024-04-25.parquet,54319b55cfafde10a28fa173b71571c1ce9329ace6aba8fcd9e377cb3f5074ca,3368976,331763,99,2024-04-25T15:29:00+05:30,PASS
2024-05-02,options/NIFTY/2024-05-02.parquet,7c786857f99583e2d795d0f1982c3f24fa5cd864d0894d0eeaa359de6f545bb5,2768318,267560,86,2024-05-02T15:29:00+05:30,PASS
2024-05-09,options/NIFTY/2024-05-09.parquet,7bb81a8790c03c6dd4d19219932476d5f028108bf9ba8a06d68e50ab57edddb7,2945916,280787,86,2024-05-09T15:29:00+05:30,PASS
2024-05-16,options/NIFTY/2024-05-16.parquet,1d2800343fa110c0b1e5e2d896506867a128c4436a5e243d0434feca056b3821,3436005,321136,87,2024-05-16T15:29:00+05:30,PASS
2024-05-23,options/NIFTY/2024-05-23.parquet,8a3459965cc46e6909445156ef58d63b263f11fee4b147a147d83b94818fba70,2944231,281272,85,2024-05-23T15:29:00+05:30,PASS
2024-05-30,options/NIFTY/2024-05-30.parquet,7aa0b68ff53f2384cf8940036faa3243cf48733477bc4406eb18e94973283cb3,3366274,328082,94,2024-05-30T15:29:00+05:30,PASS
2024-06-06,options/NIFTY/2024-06-06.parquet,bd044059810f0663929ede7f6c64a04c0b43604c76b75f709922e5e4c7eb7b68,4106902,337085,98,2024-06-06T15:29:00+05:30,PASS
2024-06-13,options/NIFTY/2024-06-13.parquet,8fcc7e6ff3a99831813e3ba7d8cef02ec7e1cfb37652364d65820388a643c5f8,3921111,354817,99,2024-06-13T15:29:00+05:30,PASS
2024-06-20,options/NIFTY/2024-06-20.parquet,22a70b5034ee12cf98f34243c8df813ac0b405a3c1216dc718d1585f4e354411,3007132,293911,104,2024-06-20T15:29:00+05:30,PASS
2024-06-27,options/NIFTY/2024-06-27.parquet,24a6777c967e09846c9ac9213c032f2ea9806ad95a81336f1e1b01e3d6ba69af,4369680,411424,116,2024-06-27T15:29:00+05:30,PASS
2024-07-04,options/NIFTY/2024-07-04.parquet,e4319d12ee19496b0089138923a68f993dd5e00f40bef716ecbdbd5bfe7b5624,3557508,371062,119,2024-07-04T15:29:00+05:30,PASS
2024-07-11,options/NIFTY/2024-07-11.parquet,ad2e6b150dd4ce17ae497ce47eb859266e17d5c0203db6bd5e2b5f3e47d1eb4e,3264115,328958,104,2024-07-11T15:29:00+05:30,PASS
2024-07-18,options/NIFTY/2024-07-18.parquet,42236d5d505b029220128c27927744b9dd2362c33b4c595cf2c73e1436fc0525,2687267,263417,95,2024-07-18T15:29:00+05:30,PASS
2024-07-25,options/NIFTY/2024-07-25.parquet,c575abd45eb68630266e85dbb2bea9b836703f71278b6b29dc33705179179c79,4717190,430081,129,2024-07-25T15:29:00+05:30,PASS
2024-08-01,options/NIFTY/2024-08-01.parquet,cc08cf713572107dd9b006b03f224f0abe88bd1094ca58680299bf2f3ba03628,3656759,348808,100,2024-08-01T15:29:00+05:30,PASS
2024-08-08,options/NIFTY/2024-08-08.parquet,d94bdafe84187e74c3d9127302a3e760c510673878e4dd625568aef600c9d5f7,3708764,336312,91,2024-08-08T15:29:00+05:30,PASS
2024-08-14,options/NIFTY/2024-08-14.parquet,d8e5b85d622534470665e718fc010b502a9f9fd35ea1bdd79777e2c62debe286,3310008,304702,91,2024-08-14T15:29:00+05:30,PASS
2024-08-22,options/NIFTY/2024-08-22.parquet,cacc751ed37cda0a99f5a63d84ad0fd87fe1b8d3c58c6845025f74661260c1a1,3000579,293109,91,2024-08-22T15:29:00+05:30,PASS
2024-08-29,options/NIFTY/2024-08-29.parquet,8a9a3d61aa61927f6e20d8059b1393df935a0b2080ca3876564958487aac2fb5,4329836,421679,134,2024-08-29T15:29:00+05:30,PASS
2024-09-05,options/NIFTY/2024-09-05.parquet,b658a79a2fbad841f064a7d94bb83259db2c44c8414907447a518da9952312bc,3132424,314543,97,2024-09-05T15:29:00+05:30,PASS
2024-09-12,options/NIFTY/2024-09-12.parquet,475a55ba0b6bdd63aeda690972650d16b30afebbd06f964ea8d5e7768f5b66c6,3333721,323780,95,2024-09-12T15:29:00+05:30,PASS
2024-09-19,options/NIFTY/2024-09-19.parquet,3ec931b02c617853bcafa6e96bace498fb5a68da62930adde5fb0e4024b62dff,3440006,333433,96,2024-09-19T15:29:00+05:30,PASS
2024-09-26,options/NIFTY/2024-09-26.parquet,2d20eb09a49d631769d6d04b39a87c008d460427e650014a3398ec554d82de15,4760982,439605,116,2024-09-26T15:29:00+05:30,PASS
2024-10-03,options/NIFTY/2024-10-03.parquet,12229420c73e5ff1428a83878f3c2a31a05f3def822d1a59f48b68609badb40e,3245872,310982,99,2024-10-03T15:29:00+05:30,PASS
2024-10-10,options/NIFTY/2024-10-10.parquet,036e5c8c61a1f0852b742eac7c4b73cfcb41011b4de9c6ecdca8e4aaa7049302,3707996,337926,99,2024-10-10T15:29:00+05:30,PASS
2024-10-17,options/NIFTY/2024-10-17.parquet,4afde72d45f8a83da1a1a066b8528d9fb7b530b5960f7f57f89a4c5440f1267e,3644864,344736,99,2024-10-17T15:29:00+05:30,PASS
2024-10-24,options/NIFTY/2024-10-24.parquet,d59772fc26e6e4c022d73cd6e7bde57ae51df17142dc1a82125a7ee1a1960fe0,3506058,330620,106,2024-10-24T15:29:00+05:30,PASS
2024-10-31,options/NIFTY/2024-10-31.parquet,fb2a3db71b91372134e0d7c56b6ad611973e7ce7b89df8ecc187daa87bacad51,4452462,422180,115,2024-10-31T15:29:00+05:30,PASS
2024-11-07,options/NIFTY/2024-11-07.parquet,cea9ca2e042e4600c91168e50e157852d9dcb022c14d95f4775f888cb796caa7,3535593,322483,96,2024-11-07T15:29:00+05:30,PASS
2024-11-14,options/NIFTY/2024-11-14.parquet,41321f73ec934796dab70239bf2b040bf4174a9f64e01c87200c3c8cbb69f95e,3876427,358591,103,2024-11-14T15:29:00+05:30,PASS
2024-11-21,options/NIFTY/2024-11-21.parquet,1892529936c490a3cfd595a5e6e2ea76ec6763ba86f40a87abb2e72768d0daa4,2874863,266390,99,2024-11-21T15:29:00+05:30,PASS
2024-11-28,options/NIFTY/2024-11-28.parquet,88debeb979f592d2f6abbdf78e13abe21b64ac99c7c6fa600f5785e8d1ab10db,4605136,427619,128,2024-11-28T15:29:00+05:30,PASS
2024-12-05,options/NIFTY/2024-12-05.parquet,7e1dc66528a6ba1183521395c758a205f8239c666d0fdb29b57a402349fde825,4024592,375449,94,2024-12-05T15:29:00+05:30,PASS
2024-12-12,options/NIFTY/2024-12-12.parquet,e96ec2bdb39ff8c09351a734a0aac9e4bc6cc59ed8649bd1a189fb9a96ee206a,3880202,368906,98,2024-12-12T15:29:00+05:30,PASS
2024-12-19,options/NIFTY/2024-12-19.parquet,f2de54f535a42a68dcf14b155f6af0b47ceff696f620ecbe6b6a5e6aa3656c88,3946826,370857,99,2024-12-19T15:29:00+05:30,PASS
2024-12-26,options/NIFTY/2024-12-26.parquet,a0c2b0ebafb355ecca4d487b8d7f4bd55aa46459381924f5fd49c68a175a5e31,5028816,476829,133,2024-12-26T15:29:00+05:30,PASS
2025-01-02,options/NIFTY/2025-01-02.parquet,2bf4b1d6172dad106862e461c8fc46bf4c6e96e828b24d6a299d1036a9ea0720,4207119,512583,99,2025-01-02T15:29:00+05:30,PASS
2025-01-09,options/NIFTY/2025-01-09.parquet,395aa333a37b31afb4d2bf5d8bc33c3e7599db08cb2bbe3568b6704927127d48,4920809,617696,94,2025-01-09T15:29:00+05:30,PASS
2025-01-16,options/NIFTY/2025-01-16.parquet,9d13c57f0314598ecad0aaa8a9d38d903634159db680db694de58a98222efdac,5247321,692722,104,2025-01-16T15:29:00+05:30,PASS
2025-01-23,options/NIFTY/2025-01-23.parquet,ba7f6c3199d777a9120ab0e0656284ebee2f7e896af054560338cd4498d3a97a,5025015,648204,95,2025-01-23T15:29:00+05:30,PASS
2025-01-30,options/NIFTY/2025-01-30.parquet,094d0c1b9a1c579941e63c48ae108d8fc58d3e9ddabbff6ba961fc404038648e,5745391,675497,109,2025-01-30T15:29:00+05:30,PASS
2025-02-06,options/NIFTY/2025-02-06.parquet,15001fbd5d8b15d606e25cb023d3d8e1cc33a3d6f7baeeaa92b4e0c13251dcf8,6335499,798216,98,2025-02-06T15:29:00+05:30,PASS
2025-02-13,options/NIFTY/2025-02-13.parquet,29181c919ee0685f35adf0ee0cc46f230ec48a9801c696eeafdc1eda553e7ffc,4971702,648605,89,2025-02-13T15:29:00+05:30,PASS
2025-02-20,options/NIFTY/2025-02-20.parquet,4dfc71fe08d77614e3b36bcada8cf3f0ca072824571ee1575d9536b124e4ba9d,3617083,338894,89,2025-02-20T15:29:00+05:30,PASS
2025-02-27,options/NIFTY/2025-02-27.parquet,c07f8faef62ea99f745c266be6809e8eeeeddd48eb8d699bdd029a31d1a32000,4110178,383818,115,2025-02-27T15:29:00+05:30,PASS
2025-03-06,options/NIFTY/2025-03-06.parquet,e777dab1c026b98219531f7f42b830dbe508e8cfe1a14723cfe3819621bedc19,3103475,306846,104,2025-03-06T15:29:00+05:30,PASS
2025-03-13,options/NIFTY/2025-03-13.parquet,8118362cc9e58b646ac98cdd7eaf59675b995ba907a07cba8819b477fcc84f61,3485905,341673,101,2025-03-13T15:29:00+05:30,PASS
2025-03-20,options/NIFTY/2025-03-20.parquet,962f4196dd3fd4ffcc5ac33667cacae185ec76396262d5a1eacbde55287e0159,2890373,282544,90,2025-03-20T15:29:00+05:30,PASS
2025-03-27,options/NIFTY/2025-03-27.parquet,da087a54ebeb6c0ce24698f45b7651a15ecb71d6c1cbceba4459eacd9f6b5bb6,4866023,457843,119,2025-03-27T15:29:00+05:30,PASS
2025-04-03,options/NIFTY/2025-04-03.parquet,b763f15ee2a66146e3438b21ee15798e7cfd2a324f35567471421939f2e0dd3f,3576228,342701,102,2025-04-03T15:29:00+05:30,PASS
2025-04-09,options/NIFTY/2025-04-09.parquet,165f7291778ce7a752a62bc3245c4d368e7d1972773d24f963df59b10fbad5e6,3394071,310635,101,2025-04-09T15:29:00+05:30,PASS
2025-04-17,options/NIFTY/2025-04-17.parquet,15c0e0c7a277fafe4f45cbe18e187f3c893f8af3fe912591a3c849dac179697e,3642609,330785,101,2025-04-17T15:29:00+05:30,PASS
2025-04-24,options/NIFTY/2025-04-24.parquet,08e68102eacbd7c84c152deec079b08d7253612c06ea16970ff0d7db600d9ad9,3763296,355644,116,2025-04-24T15:29:00+05:30,PASS
2025-04-30,options/NIFTY/2025-04-30.parquet,dccb602c79f1b9406c1e2396234c7bc98d463ddc9a92bbc012bcf48513cb7c54,4047312,381705,115,2025-04-30T15:29:00+05:30,PASS
2025-05-08,options/NIFTY/2025-05-08.parquet,764b768d6bfeff8f7512af8e6e2be7083473574ba9278cd695e2f6c76c5efd0f,4036546,386766,117,2025-05-08T15:29:00+05:30,PASS
2025-05-15,options/NIFTY/2025-05-15.parquet,7cd02f7c0520ac5956b97000f68b4d026321fdea9a387d1689cca76778fabd9b,4687285,431425,121,2025-05-15T15:29:00+05:30,PASS
2025-05-22,options/NIFTY/2025-05-22.parquet,252e40ced1d6447aafcc561363b9449e552a2b3905cc4aa605d16e9b81b66685,4203693,387948,95,2025-05-22T15:29:00+05:30,PASS
2025-05-29,options/NIFTY/2025-05-29.parquet,61610c8cbf8fe744c6c7a7c7420282abae6acf75f921f93e42a1867c9cc19917,5695383,521884,130,2025-05-29T15:29:00+05:30,PASS
2025-06-05,options/NIFTY/2025-06-05.parquet,edb9838241216669e56d3449a60c04b5fc1a0dc674d9c2a086e1f9f3753658a6,3972753,369144,92,2025-06-05T15:29:00+05:30,PASS
2025-06-12,options/NIFTY/2025-06-12.parquet,164f3993c2953dc75c7e33c2ffec0274f75f7367db96d00080ff01b8638ef139,3792864,363106,94,2025-06-12T15:29:00+05:30,PASS
2025-06-19,options/NIFTY/2025-06-19.parquet,bbfe602cce284f4ca09ed937dbf2be463bc7dd348c6f5a641d0d40c879e6da54,3536177,333738,83,2025-06-19T15:29:00+05:30,PASS
2025-06-26,options/NIFTY/2025-06-26.parquet,fd4096039cec13d31eb39dbe5f78b5b9fcc0871cd19abb462352b2626ab25504,5608001,535866,137,2025-06-26T15:29:00+05:30,PASS
2025-07-03,options/NIFTY/2025-07-03.parquet,c9868e5e4078bcda9636f1f6831b2277bc04c867ee1d02173b955c2f892a4973,3637360,351521,93,2025-07-03T15:29:00+05:30,PASS
2025-07-10,options/NIFTY/2025-07-10.parquet,ddadf7bcfd5f2897c9961a27b4fd1e3836d3f8df4e1bf790c03fa827f836ce28,3286514,325474,90,2025-07-10T15:29:00+05:30,PASS
2025-07-17,options/NIFTY/2025-07-17.parquet,d969632bb793f7511520a7a021d238bb43bc4ba295676144f8dd3ab73692eadd,3145055,313871,90,2025-07-17T15:29:00+05:30,PASS
2025-07-24,options/NIFTY/2025-07-24.parquet,353537b4e765f1d09120aa523239bf290e8ff1c26e8700120641f7a5bc586d4f,3115279,309481,88,2025-07-24T15:29:00+05:30,PASS
2025-07-31,options/NIFTY/2025-07-31.parquet,64572ceb2a40e1cb45b7b688e6041e724ae034521ed82cfbd05d6b1a1c24941f,3811657,370959,104,2025-07-31T15:29:00+05:30,PASS
2025-08-07,options/NIFTY/2025-08-07.parquet,e5c08ce3321d53d11f94d2d3c3c8abfe1f813dbcd02fbeb67ea934fe2af95769,3448753,325476,90,2025-08-07T15:29:00+05:30,PASS
2025-08-14,options/NIFTY/2025-08-14.parquet,bd2d5d358b34f56aba60de21ef50b2fce9a385f5390724fd4cc77afb679ee028,3291874,315938,91,2025-08-14T15:29:00+05:30,PASS
2025-08-21,options/NIFTY/2025-08-21.parquet,60bae67b21e1f8ab6cf2a771fae8de9a654e6fb89d1318743c3c12f89d55f122,2797332,273466,88,2025-08-21T15:29:00+05:30,PASS
2025-08-28,options/NIFTY/2025-08-28.parquet,a81852ce965e91b6f70eaf2e0cb4aec3cd6f4966a92a09542f672db44c2bfb54,3209434,312229,97,2025-08-28T15:29:00+05:30,PASS
2025-09-02,options/NIFTY/2025-09-02.parquet,c6d5b8b7c7f6775738458f139d896caef15590ae8e20cb497f7b7970158b4295,2160910,210219,86,2025-09-02T15:29:00+05:30,PASS
2025-09-09,options/NIFTY/2025-09-09.parquet,02df7d9f6dc10915e2fac71a7ec271784841d39d24fa5177b101ddd01a9976e4,2605260,257964,86,2025-09-09T15:29:00+05:30,PASS
2025-09-16,options/NIFTY/2025-09-16.parquet,58fbba519697a78a0d823281829273691dd093a480a48efee3ab15304f5b3e79,2425664,250829,84,2025-09-16T15:29:00+05:30,PASS
2025-09-23,options/NIFTY/2025-09-23.parquet,efef663421718159d95ac66d3cac74c06fc229301677f5334652767dc7086a99,2504047,257454,90,2025-09-23T15:29:00+05:30,PASS
2025-09-30,options/NIFTY/2025-09-30.parquet,01acf65bc274a05b5b49a71d69b00639cda32b1b3bcc665d95366ad9538dec0b,3406038,323755,103,2025-09-30T15:29:00+05:30,PASS
2025-10-07,options/NIFTY/2025-10-07.parquet,4b65c3b24efbacfd1d22feb1af82ee47ad38e3b3a843f9d9986eab9d9d5ad76d,2300493,224541,87,2025-10-07T15:29:00+05:30,PASS
2025-10-14,options/NIFTY/2025-10-14.parquet,6be9a18c477e61164e857462f20f1e3136d6d5896dab0fb1cae308a3feb1d0f6,2626006,259459,87,2025-10-14T15:29:00+05:30,PASS
2025-10-28,options/NIFTY/2025-10-28.parquet,55f0106982debfece9d677129ae65deab2e78da05708085a4dcf00b490ad439e,2556627,244335,103,2025-10-28T15:29:00+05:30,PASS
2025-11-04,options/NIFTY/2025-11-04.parquet,60dd82eff8c76121e700ae94f6392d98b8f84966f4d20d216afac5b9ff4719af,2951165,289852,100,2025-11-04T15:29:00+05:30,PASS
2025-11-11,options/NIFTY/2025-11-11.parquet,d2e5eae17dedbff66b57e8a1fdb3b3a281f4fd03d065392b111c7282447a0136,2370822,234644,91,2025-11-11T15:29:00+05:30,PASS
2025-11-18,options/NIFTY/2025-11-18.parquet,6c7c1f822e8239d8ce64b35438bc713921a723ea2ca438b90d8b7df08d639523,2770837,272387,89,2025-11-18T15:29:00+05:30,PASS
2025-11-25,options/NIFTY/2025-11-25.parquet,61549c47dfd818b57bcb286da25b7bbf3521b68465fe8be9f708792f7847eb32,3052423,302888,106,2025-11-25T15:29:00+05:30,PASS
2025-12-02,options/NIFTY/2025-12-02.parquet,327ca59c58295be7be675822be89385c6158ff3480a73072e36bdc31441ce32f,2671513,262960,85,2025-12-02T15:29:00+05:30,PASS
2025-12-09,options/NIFTY/2025-12-09.parquet,736921b68f5132ec7af12d4804f268be863b5928aab997a2aea113739af95e04,2660945,261041,85,2025-12-09T15:29:00+05:30,PASS
2025-12-16,options/NIFTY/2025-12-16.parquet,479c23dfed20671c58919e40aebe8c7584fc3931d358633d163ff3caaae750be,2643068,258469,81,2025-12-16T15:29:00+05:30,PASS
2025-12-23,options/NIFTY/2025-12-23.parquet,1fb088361aabbe50d39ec32cefa100b99b9afd9f495e1b8ab817e840f9ec49d6,2448050,246131,80,2025-12-23T15:29:00+05:30,PASS
2025-12-30,options/NIFTY/2025-12-30.parquet,5ed78461988ce2d90d56aa54afa032a72c7889cbfed73d8f7d8b2239ff580541,2746622,274703,109,2025-12-30T15:29:00+05:30,PASS
2026-01-06,options/NIFTY/2026-01-06.parquet,6d4c1fc502fc9d063d99f1c5cbe0a96369178539c9dc61dd7046f8b6f126ba98,2516561,277820,83,2026-01-06T15:29:00+05:30,PASS
2026-01-13,options/NIFTY/2026-01-13.parquet,953de15a5dd8caf4d6acad26c5182832716e7a99314ca1c2086e5a4bb4e256ff,2745876,261960,84,2026-01-13T15:29:00+05:30,PASS
2026-01-20,options/NIFTY/2026-01-20.parquet,a5c76d9b69ee7dfbd41bb114de1c7cc5388f92abcd6d1a37e7027ced059d1bcb,2511052,236388,86,2026-01-20T15:29:00+05:30,PASS
2026-01-27,options/NIFTY/2026-01-27.parquet,6f102e069bc712183a24b5ee5638d3c40aa1cf2cb362af5dff9790b751e47a50,3027081,275697,97,2026-01-27T15:29:00+05:30,PASS
2026-02-03,options/NIFTY/2026-02-03.parquet,a76795d28201119796e94ba7a501c74ebc1485f4e2f6b3ea819e0d59cef10f65,3801732,338183,101,2026-02-03T15:29:00+05:30,PASS
2026-02-10,options/NIFTY/2026-02-10.parquet,6cd1104276d9cdce48811ae9d27b8e3aee8f0f08bc4adf8a0556b8971972d2e8,3881019,362669,98,2026-02-10T15:29:00+05:30,PASS
2026-02-17,options/NIFTY/2026-02-17.parquet,614a44bfeee66153fdbc6c187c8e05b1b0bb3770f2c8ca1f11972fedd18630d7,2942870,291961,93,2026-02-17T15:29:00+05:30,PASS
2026-02-24,options/NIFTY/2026-02-24.parquet,dbec62632ece56bf592c71f0339a0ad082f03a3ccf154c8ce06e2bffa84e1a1a,3436213,325926,101,2026-02-24T15:29:00+05:30,PASS
2026-03-02,options/NIFTY/2026-03-02.parquet,3826aea89288c7a2924cf337aefe1afcc1259f1964e47d7fb7f5772cb1fed240,3171303,294674,93,2026-03-02T15:29:00+05:30,PASS
2026-03-10,options/NIFTY/2026-03-10.parquet,0162190aa58f3b8f8e805dcf0a76f6c64ff49885893068ea3f2c9510c345df15,3346222,301291,126,2026-03-10T15:29:00+05:30,PASS
2026-03-17,options/NIFTY/2026-03-17.parquet,09667b64f89c5f30c94fc7b7e8cf9ef936c9ede9eba3ef3cb4311ca64c1d4669,4267040,387400,136,2026-03-17T15:29:00+05:30,PASS
2026-03-24,options/NIFTY/2026-03-24.parquet,63a5d3f83e45c4a383f6f1b2721145ff5bb2add83796d168fc2b69fbd6be769e,4367783,394168,142,2026-03-24T15:29:00+05:30,PASS
2026-03-30,options/NIFTY/2026-03-30.parquet,604746330136ca0963f28dbdaa37bc0779f3c45a7b00af7b056f79c46dc57916,5961493,529352,160,2026-03-30T15:29:00+05:30,PASS
2026-04-07,options/NIFTY/2026-04-07.parquet,ac3c869cb0ef8cc7414aaf18e0e1900017c026a83a694444210ad587d89e710f,3019321,274635,131,2026-04-07T15:29:00+05:30,PASS
2026-04-13,options/NIFTY/2026-04-13.parquet,a1a231f493bbc9e1693acdd6ba6e53c4a6dde901bf41bb12a80df792f1d643de,3318573,312542,122,2026-04-13T15:29:00+05:30,PASS
2026-04-21,options/NIFTY/2026-04-21.parquet,927791ab997ea10f2a8078fe420b10bc38727a05e142f96e275853217fad67bb,3122295,304998,130,2026-04-21T15:29:00+05:30,PASS
2026-04-28,options/NIFTY/2026-04-28.parquet,a250703d777bc39f9f91d45390c1b99c5d26e725729a317a24da2864d898ad70,4248978,401946,153,2026-04-28T15:29:00+05:30,PASS
2026-05-05,options/NIFTY/2026-05-05.parquet,0fd8cbfcc6a00eda1f545d504dcf668006b65bf69c765b2c4155e05007c93d5a,2951489,282861,130,2026-05-05T15:29:00+05:30,PASS
2026-05-12,options/NIFTY/2026-05-12.parquet,65c91c44d3f94b748a587040c1597169c878a329af2edc921c5b6cbc94777536,3395524,313939,108,2026-05-12T15:29:00+05:30,PASS
2026-05-19,options/NIFTY/2026-05-19.parquet,6c80bbf47c13b3382dc7bf058f2e254a3491dbe9fa2786b77b1ab706180097d2,3733846,323751,110,2026-05-19T15:29:00+05:30,PASS
2026-05-26,options/NIFTY/2026-05-26.parquet,8f64fd55c6646478cfa6b6bf9e0a2622193005319baffcd295648fd77a43f020,4157167,369547,144,2026-05-26T15:29:00+05:30,PASS
2026-06-02,options/NIFTY/2026-06-02.parquet,ce6f79911a597f7eba31900df6230fea6cbbb8443e3caee14197328045fb0f6a,1793050,165063,106,,PASS
2026-06-09,options/NIFTY/2026-06-09.parquet,8e1b33ad4343a8bb0c819e4976c8d07bd171828493e1637efc94d8b862fa6a12,32305,4636,122,,PASS
2026-07-07,options/NIFTY/2026-07-07.parquet,2ca94d0b55354e910c55fd162d07a07d81a7b645071adbe091c6f221002a2955,4044035,337165,100,,PASS
2026-07-14,options/NIFTY/2026-07-14.parquet,f7cc87108d4840c94b141c1f476ac74ffaca0afcd3f6e15b3c2c848c6b275d17,1939985,153265,99,,PASS
2026-07-21,options/NIFTY/2026-07-21.parquet,f8ec3752b7005de8c3702a33be7f3e5e6bae74ae19b94011167b14dfc8bec225,539819,38597,64,,PASS
2026-07-28,options/NIFTY/2026-07-28.parquet,f9c3a6d1e4498274644ccbfeb8aeb3d545fc2ce1a12b908f450360a643e40d17,3990663,320359,105,,PASS
2026-08-04,options/NIFTY/2026-08-04.parquet,8de2f08cef1456c448c4fc4be0d9d586a1b26af30bf67990171385361af92f9c,58248,2646,46,,PASS
