name,profit_frac,abs_delta,adverse_delta,confirm,trades,base_net,candidate_net,net_uplift,winner_affected,stops,base_dd,candidate_dd,win_rate
profit_f0.50_d0.05,0.5,0.05,,1,190,138937.11764441052,123376.07181976349,-15561.045824647015,146,152,27321.078748147498,27336.113567677487,0.9473684210526315
profit_f0.50_d0.10,0.5,0.1,,1,190,138937.11764441052,117139.30340966053,-21797.81423475,169,179,27321.078748147498,27336.113567677487,0.968421052631579
profit_f0.50_d0.15,0.5,0.15,,1,190,138937.11764441052,97204.17491380504,-41732.942730605486,174,185,27321.078748147498,27336.11356767749,0.9736842105263158
profit_f0.50_d0.20,0.5,0.2,,1,190,138937.11764441052,91296.30380403405,-47640.81384037649,175,186,27321.078748147498,27336.11356767749,0.9736842105263158
profit_f0.50_d0.25,0.5,0.25,,1,190,138937.11764441052,90661.50464668406,-48275.612997726486,175,186,27321.078748147498,27336.11356767749,0.9736842105263158
profit_f0.50_d0.30,0.5,0.3,,1,190,138937.11764441052,90005.49224675156,-48931.62539765899,176,187,27321.078748147498,27336.11356767749,0.9736842105263158
profit_f0.60_d0.05,0.6,0.05,,1,190,138937.11764441052,125568.5166363265,-13368.601008084013,146,152,27321.078748147498,27336.113567677487,0.9473684210526315
profit_f0.60_d0.10,0.6,0.1,,1,190,138937.11764441052,124904.17749946802,-14032.940144942502,167,176,27321.078748147498,27336.113567677487,0.9631578947368421
profit_f0.60_d0.15,0.6,0.15,,1,190,138937.11764441052,113791.56040059554,-25145.55724381499,171,181,27321.078748147498,27336.113567677487,0.968421052631579
profit_f0.60_d0.20,0.6,0.2,,1,190,138937.11764441052,111164.32128047952,-27772.79636393099,173,183,27321.078748147498,27336.113567677494,0.968421052631579
profit_f0.60_d0.25,0.6,0.25,,1,190,138937.11764441052,110817.68301937953,-28119.43462503099,173,183,27321.078748147498,27336.113567677487,0.968421052631579
profit_f0.60_d0.30,0.6,0.3,,1,190,138937.11764441052,110161.67061944702,-28775.44702496349,174,184,27321.078748147498,27336.113567677487,0.968421052631579
profit_f0.70_d0.05,0.7,0.05,,1,190,138937.11764441052,128568.85902644199,-10368.25861796851,145,151,27321.078748147498,27336.113567677487,0.9473684210526315
profit_f0.70_d0.10,0.7,0.1,,1,190,138937.11764441052,139617.9160514995,680.7984070889906,165,174,27321.078748147498,27336.113567677487,0.9631578947368421
profit_f0.70_d0.15,0.7,0.15,,1,190,138937.11764441052,136303.83570254903,-2633.2819418615018,169,179,27321.078748147498,27336.113567677487,0.968421052631579
profit_f0.70_d0.20,0.7,0.2,,1,190,138937.11764441052,134967.89033075602,-3969.227313654499,171,181,27321.078748147498,27336.113567677487,0.968421052631579
profit_f0.70_d0.25,0.7,0.25,,1,190,138937.11764441052,134801.98858445603,-4135.129059954501,172,182,27321.078748147498,27336.113567677487,0.968421052631579
profit_f0.70_d0.30,0.7,0.3,,1,190,138937.11764441052,134145.97618452352,-4791.1414598870015,173,183,27321.078748147498,27336.113567677487,0.968421052631579
profit_f0.80_d0.05,0.8,0.05,,1,190,138937.11764441052,132685.1607196,-6251.956924810512,145,151,27321.078748147498,27336.113567677487,0.9473684210526315
profit_f0.80_d0.10,0.8,0.1,,1,190,138937.11764441052,143179.79311112151,4242.675466710993,165,173,27321.078748147498,27336.113567677487,0.9578947368421052
profit_f0.80_d0.15,0.8,0.15,,1,190,138937.11764441052,146417.23064097104,7480.112996560491,168,177,27321.078748147498,27336.113567677487,0.9631578947368421
profit_f0.80_d0.20,0.8,0.2,,1,190,138937.11764441052,145964.16994817802,7027.052303767493,170,179,27321.078748147498,27336.113567677487,0.9631578947368421
profit_f0.80_d0.25,0.8,0.25,,1,190,138937.11764441052,145831.08236782803,6893.964723417493,171,180,27321.078748147498,27336.113567677487,0.9631578947368421
profit_f0.80_d0.30,0.8,0.3,,1,190,138937.11764441052,145317.54996568052,6380.43232126999,172,181,27321.078748147498,27336.113567677487,0.9631578947368421
profit_f0.90_d0.05,0.9,0.05,,1,190,138937.11764441052,139921.5313720635,984.4137276529941,143,149,27321.078748147498,27336.113567677487,0.9473684210526315
profit_f0.90_d0.10,0.9,0.1,,1,190,138937.11764441052,132577.894833314,-6359.222811096505,156,162,27321.078748147498,27336.113567677487,0.9473684210526315
profit_f0.90_d0.15,0.9,0.15,,1,190,138937.11764441052,131084.391230311,-7852.726414099505,158,164,27321.078748147498,27336.113567677487,0.9473684210526315
profit_f0.90_d0.20,0.9,0.2,,1,190,138937.11764441052,130870.7413350305,-8066.376309380004,160,166,27321.078748147498,27336.113567677487,0.9473684210526315
profit_f0.90_d0.25,0.9,0.25,,1,190,138937.11764441052,130805.4323620545,-8131.685282356005,160,166,27321.078748147498,27336.113567677487,0.9473684210526315
profit_f0.90_d0.30,0.9,0.3,,1,190,138937.11764441052,130604.62481781951,-8332.492826591006,162,168,27321.078748147498,27336.113567677487,0.9473684210526315
stop_d0.10_c1,,,0.1,1,190,138937.11764441052,-11093.356429474446,-150030.47407388498,134,145,27321.078748147498,15232.632191049444,0.23684210526315788
stop_d0.10_c3,,,0.1,3,190,138937.11764441052,2545.175021857049,-136391.9426225535,128,139,27321.078748147498,9046.261995759949,0.26842105263157895
stop_d0.15_c1,,,0.15,1,190,138937.11764441052,930.8808991110545,-138006.23674529945,103,114,27321.078748147498,9370.388153288977,0.4
stop_d0.15_c3,,,0.15,3,190,138937.11764441052,17764.99242074755,-121172.12522366297,96,107,27321.078748147498,7392.578178945005,0.4368421052631579
stop_d0.20_c1,,,0.2,1,190,138937.11764441052,-417.973150495966,-139355.0907949065,76,87,27321.078748147498,15758.560242649994,0.5421052631578948
stop_d0.20_c3,,,0.2,3,190,138937.11764441052,13355.547371978535,-125581.570272432,72,83,27321.078748147498,16285.425151149997,0.5631578947368421
stop_d0.25_c1,,,0.25,1,190,138937.11764441052,13113.307716112013,-125823.80992829852,56,67,27321.078748147498,17669.396810049995,0.6473684210526316
stop_d0.25_c3,,,0.25,3,190,138937.11764441052,28501.201676065008,-110435.91596834551,53,64,27321.078748147498,18386.756401549996,0.6631578947368421
stop_d0.30_c1,,,0.3,1,190,138937.11764441052,44693.89271746248,-94243.22492694802,40,51,27321.078748147498,17994.928710508022,0.7315789473684211
stop_d0.30_c3,,,0.3,3,190,138937.11764441052,43906.14862023997,-95030.96902417051,40,51,27321.078748147498,18187.524024000006,0.7315789473684211
stop_d0.40_c1,,,0.4,1,190,138937.11764441052,32954.96186024445,-105982.15578416607,31,42,27321.078748147498,37038.756786822516,0.7789473684210526
stop_d0.40_c3,,,0.4,3,190,138937.11764441052,32857.268119582455,-106079.84952482807,31,42,27321.078748147498,37085.37631184601,0.7789473684210526
stop_d0.50_c1,,,0.5,1,190,138937.11764441052,-20126.896659640035,-159064.01430405054,24,35,27321.078748147498,68628.699623155,0.8157894736842105
stop_d0.50_c3,,,0.5,3,190,138937.11764441052,-7518.845140311532,-146455.962784722,23,34,27321.078748147498,68463.81855766498,0.8210526315789474
