name,target,stop,confirm,trades,base_net,candidate_net,net_uplift,winner_affected,changed,base_dd,candidate_dd,win_rate
target0.05_stop0.50_c1,0.05,0.5,1,97,60942.315013499996,-5082.393452049986,-66024.70846555,95,97,21763.229811150002,6607.1674320499915,0.29896907216494845
target0.05_stop0.50_c3,0.05,0.5,3,97,60942.315013499996,-6210.569047174984,-67152.88406067499,95,97,21763.229811150002,8388.230898549991,0.4020618556701031
target0.05_stop0.75_c1,0.05,0.75,1,97,60942.315013499996,-5336.362162349988,-66278.67717585,95,97,21763.229811150002,6259.036315949995,0.31958762886597936
target0.05_stop0.75_c3,0.05,0.75,3,97,60942.315013499996,-8190.796729074988,-69133.11174257498,95,97,21763.229811150002,9706.206648249996,0.4020618556701031
target0.05_stop1.00_c1,0.05,1.0,1,97,60942.315013499996,-8302.03085744999,-69244.34587095,95,97,21763.229811150002,8486.869062549995,0.31958762886597936
target0.05_stop1.00_c3,0.05,1.0,3,97,60942.315013499996,-6803.296550974987,-67745.611564475,95,97,21763.229811150002,7493.2748277999945,0.41237113402061853
target0.05_stop1.25_c1,0.05,1.25,1,97,60942.315013499996,-4100.740143799991,-65043.0551573,95,97,21763.229811150002,4100.7401437999915,0.3402061855670103
target0.05_stop1.25_c3,0.05,1.25,3,97,60942.315013499996,-1227.4892875249884,-62169.804301025,95,97,21763.229811150002,2555.483432200002,0.44329896907216493
target0.05_stop1.50_c1,0.05,1.5,1,97,60942.315013499996,-3913.9596713499886,-64856.274684849996,95,97,21763.229811150002,3913.9596713499895,0.3402061855670103
target0.05_stop1.50_c3,0.05,1.5,3,97,60942.315013499996,-2112.9719808749887,-63055.28699437498,95,97,21763.229811150002,3383.1088697000014,0.44329896907216493
target0.05_stop2.00_c1,0.05,2.0,1,97,60942.315013499996,-6228.085436249992,-67170.40044975,95,97,21763.229811150002,6228.085436249989,0.3402061855670103
target0.05_stop2.00_c3,0.05,2.0,3,97,60942.315013499996,-4329.417752324991,-65271.73276582499,95,97,21763.229811150002,4670.234508149999,0.44329896907216493
target0.05_stop2.50_c1,0.05,2.5,1,97,60942.315013499996,-7713.5403184999905,-68655.855332,95,97,21763.229811150002,7713.540318499987,0.3402061855670103
target0.05_stop2.50_c3,0.05,2.5,3,97,60942.315013499996,-6128.55892772499,-67070.873941225,95,97,21763.229811150002,6824.633020100002,0.44329896907216493
target0.05_stop3.00_c1,0.05,3.0,1,97,60942.315013499996,-1303.5262320999896,-62245.8412456,95,97,21763.229811150002,4674.486736499996,0.35051546391752575
target0.05_stop3.00_c3,0.05,3.0,3,97,60942.315013499996,625.3576034250115,-60316.95741007499,95,97,21763.229811150002,3534.4538214500017,0.4536082474226804
target0.10_stop0.50_c1,0.1,0.5,1,97,60942.315013499996,-10182.330108324986,-71124.64512182499,95,97,21763.229811150002,12494.423587599995,0.4742268041237113
target0.10_stop0.50_c3,0.1,0.5,3,97,60942.315013499996,-20099.28034057499,-81041.595354075,95,97,21763.229811150002,21509.034835249982,0.4329896907216495
target0.10_stop0.75_c1,0.1,0.75,1,97,60942.315013499996,-3907.3153499749887,-64849.63036347499,95,97,21763.229811150002,9015.3499127,0.5463917525773195
target0.10_stop0.75_c3,0.1,0.75,3,97,60942.315013499996,-11868.30011222499,-72810.615125725,95,97,21763.229811150002,14830.531248749994,0.5154639175257731
target0.10_stop1.00_c1,0.1,1.0,1,97,60942.315013499996,-5487.294559874992,-66429.609573375,95,97,21763.229811150002,11592.067032199997,0.5670103092783505
target0.10_stop1.00_c3,0.1,1.0,3,97,60942.315013499996,-8246.780834474994,-69189.09584797501,95,97,21763.229811150002,12298.2779901,0.5360824742268041
target0.10_stop1.25_c1,0.1,1.25,1,97,60942.315013499996,5076.159196125009,-55866.155817375,95,97,21763.229811150002,2849.1986423500007,0.6082474226804123
target0.10_stop1.25_c3,0.1,1.25,3,97,60942.315013499996,-4477.401665424996,-65419.71667892501,95,97,21763.229811150002,8117.795870449992,0.5670103092783505
target0.10_stop1.50_c1,0.1,1.5,1,97,60942.315013499996,4899.02020682501,-56043.294806674996,95,97,21763.229811150002,3303.0453951000004,0.6082474226804123
target0.10_stop1.50_c3,0.1,1.5,3,97,60942.315013499996,-8917.786830324996,-69860.10184382502,95,97,21763.229811150002,11209.157728649994,0.5670103092783505
target0.10_stop2.00_c1,0.1,2.0,1,97,60942.315013499996,5553.239239175006,-55389.075774325,94,96,21763.229811150002,4246.5874539000015,0.6185567010309279
target0.10_stop2.00_c3,0.1,2.0,3,97,60942.315013499996,-9518.097080774998,-70460.412094275,94,96,21763.229811150002,13605.9612303,0.5773195876288659
target0.10_stop2.50_c1,0.1,2.5,1,97,60942.315013499996,4067.784356925008,-56874.530656575,94,96,21763.229811150002,6450.992137350001,0.6185567010309279
target0.10_stop2.50_c3,0.1,2.5,3,97,60942.315013499996,-14059.193883124997,-75001.50889662502,94,96,21763.229811150002,18284.262192699996,0.5773195876288659
target0.10_stop3.00_c1,0.1,3.0,1,97,60942.315013499996,10495.777840775008,-50446.537172725,94,96,21763.229811150002,3527.3547119500017,0.6288659793814433
target0.10_stop3.00_c3,0.1,3.0,3,97,60942.315013499996,-12219.639271575,-73161.95428507503,94,96,21763.229811150002,16301.103921599999,0.5876288659793815
target0.15_stop0.50_c1,0.15,0.5,1,97,60942.315013499996,-19168.683791199983,-80110.99880469998,95,97,21763.229811150002,20770.72911284997,0.4948453608247423
target0.15_stop0.50_c3,0.15,0.5,3,97,60942.315013499996,-17411.89309507499,-78354.20810857501,95,97,21763.229811150002,19410.243486549978,0.5051546391752577
target0.15_stop0.75_c1,0.15,0.75,1,97,60942.315013499996,-10027.61874599999,-70969.9337595,95,97,21763.229811150002,14398.49568235,0.5773195876288659
target0.15_stop0.75_c3,0.15,0.75,3,97,60942.315013499996,-8095.673409374992,-69037.98842287502,95,97,21763.229811150002,12767.405964449996,0.5876288659793815
target0.15_stop1.00_c1,0.15,1.0,1,97,60942.315013499996,-11493.250427349994,-72435.56544084998,95,97,21763.229811150002,16516.487919100004,0.6082474226804123
target0.15_stop1.00_c3,0.15,1.0,3,97,60942.315013499996,-5187.498198224989,-66129.813211725,95,97,21763.229811150002,10300.840751899996,0.6082474226804123
target0.15_stop1.25_c1,0.15,1.25,1,97,60942.315013499996,-3162.1731838499945,-64104.48819735001,95,97,21763.229811150002,8374.863275050004,0.6494845360824743
target0.15_stop1.25_c3,0.15,1.25,3,97,60942.315013499996,-2903.1954025749938,-63845.510416075,95,97,21763.229811150002,7350.102054900001,0.6391752577319587
target0.15_stop1.50_c1,0.15,1.5,1,97,60942.315013499996,-8527.948310949992,-69470.26332445,95,97,21763.229811150002,11976.659465849985,0.6494845360824743
target0.15_stop1.50_c3,0.15,1.5,3,97,60942.315013499996,-8926.773307324995,-69869.08832082502,95,97,21763.229811150002,12208.885851599991,0.6391752577319587
target0.15_stop2.00_c1,0.15,2.0,1,97,60942.315013499996,-10095.419756099996,-71037.7347696,94,96,21763.229811150002,16270.636397699996,0.6597938144329897
target0.15_stop2.00_c3,0.15,2.0,3,97,60942.315013499996,-9281.709035424996,-70224.02404892501,94,96,21763.229811150002,16142.561070849995,0.6597938144329897
target0.15_stop2.50_c1,0.15,2.5,1,97,60942.315013499996,-8863.904237149989,-69806.21925065,94,96,21763.229811150002,15176.32503879999,0.6701030927835051
target0.15_stop2.50_c3,0.15,2.5,3,97,60942.315013499996,-8696.940043774994,-69639.25505727502,94,96,21763.229811150002,15694.996239249991,0.6701030927835051
target0.15_stop3.00_c1,0.15,3.0,1,97,60942.315013499996,-8689.349481999998,-69631.66449550001,94,96,21763.229811150002,15502.039002550002,0.6804123711340206
target0.15_stop3.00_c3,0.15,3.0,3,97,60942.315013499996,-7775.498555524995,-68717.813569025,94,96,21763.229811150002,15359.3723966,0.6804123711340206
target0.20_stop0.50_c1,0.2,0.5,1,97,60942.315013499996,-17377.406484874988,-78319.721498375,95,97,21763.229811150002,19167.58366359999,0.4845360824742268
target0.20_stop0.50_c3,0.2,0.5,3,97,60942.315013499996,-14526.232753774988,-75468.547767275,95,97,21763.229811150002,16344.35649784998,0.5154639175257731
target0.20_stop0.75_c1,0.2,0.75,1,97,60942.315013499996,-8326.889764699992,-69269.2047782,95,97,21763.229811150002,13402.618527799994,0.5773195876288659
target0.20_stop0.75_c3,0.2,0.75,3,97,60942.315013499996,-4809.5385944499885,-65751.85360794999,95,97,21763.229811150002,10475.302682299996,0.5979381443298969
target0.20_stop1.00_c1,0.2,1.0,1,97,60942.315013499996,-10534.004075774996,-71476.319089275,95,97,21763.229811150002,15598.944377399996,0.6082474226804123
target0.20_stop1.00_c3,0.2,1.0,3,97,60942.315013499996,-1924.1056581749892,-62866.42067167499,95,97,21763.229811150002,7637.321304150002,0.6185567010309279
target0.20_stop1.25_c1,0.2,1.25,1,97,60942.315013499996,-2454.9759797499937,-63397.29099325001,95,97,21763.229811150002,8779.689458825,0.6494845360824743
target0.20_stop1.25_c3,0.2,1.25,3,97,60942.315013499996,1100.561752675004,-59841.753260825004,95,97,21763.229811150002,8710.441397999999,0.6597938144329897
target0.20_stop1.50_c1,0.2,1.5,1,97,60942.315013499996,-6877.368892024995,-67819.683905525,95,97,21763.229811150002,11678.856802449998,0.6597938144329897
target0.20_stop1.50_c3,0.2,1.5,3,97,60942.315013499996,-5176.945371825,-66119.260385325,95,97,21763.229811150002,11733.780725749999,0.6597938144329897
target0.20_stop2.00_c1,0.2,2.0,1,97,60942.315013499996,-8666.527715925,-69608.842729425,93,95,21763.229811150002,16802.2103953,0.6804123711340206
target0.20_stop2.00_c3,0.2,2.0,3,97,60942.315013499996,-6833.825053775004,-67776.140067275,93,95,21763.229811150002,15953.638792050004,0.6804123711340206
target0.20_stop2.50_c1,0.2,2.5,1,97,60942.315013499996,-2438.3663405249963,-63380.681354025,93,95,21763.229811150002,11374.1818598,0.7010309278350515
target0.20_stop2.50_c3,0.2,2.5,3,97,60942.315013499996,-1230.0110641250023,-62172.326077625,93,95,21763.229811150002,10698.6615085,0.7010309278350515
target0.20_stop3.00_c1,0.2,3.0,1,97,60942.315013499996,-2013.293411775004,-62955.608425275015,93,95,21763.229811150002,14834.016866650003,0.711340206185567
target0.20_stop3.00_c3,0.2,3.0,3,97,60942.315013499996,-207.93787627500404,-61150.252889775,92,94,21763.229811150002,14005.217368800002,0.711340206185567
target0.25_stop0.50_c1,0.25,0.5,1,97,60942.315013499996,-13974.989426699987,-74917.30444019998,95,97,21763.229811150002,16785.905887649988,0.4948453608247423
target0.25_stop0.50_c3,0.25,0.5,3,97,60942.315013499996,-17532.27813782499,-78474.593151325,95,97,21763.229811150002,19898.014025449986,0.5051546391752577
target0.25_stop0.75_c1,0.25,0.75,1,97,60942.315013499996,-4946.564090274989,-65888.87910377499,95,97,21763.229811150002,13725.667824199994,0.5876288659793815
target0.25_stop0.75_c3,0.25,0.75,3,97,60942.315013499996,-7332.274391749989,-68274.58940525001,95,97,21763.229811150002,9431.464150049995,0.5876288659793815
target0.25_stop1.00_c1,0.25,1.0,1,97,60942.315013499996,-3527.0420759999947,-64469.35708950001,95,97,21763.229811150002,12342.404547499998,0.6288659793814433
target0.25_stop1.00_c3,0.25,1.0,3,97,60942.315013499996,-6902.9218493249955,-67845.236862825,95,97,21763.229811150002,10655.191755149997,0.6082474226804123
target0.25_stop1.25_c1,0.25,1.25,1,97,60942.315013499996,4978.012525925004,-55964.30248757501,95,97,21763.229811150002,8374.863275050002,0.6701030927835051
target0.25_stop1.25_c3,0.25,1.25,3,97,60942.315013499996,-4417.558210725002,-65359.873224225004,95,97,21763.229811150002,14407.282386800005,0.6597938144329897
target0.25_stop1.50_c1,0.25,1.5,1,97,60942.315013499996,555.619613650006,-60386.69539985002,95,97,21763.229811150002,11061.899240549998,0.6804123711340206
target0.25_stop1.50_c3,0.25,1.5,3,97,60942.315013499996,1797.9584912250014,-59144.35652227501,95,97,21763.229811150002,10977.23715,0.6804123711340206
target0.25_stop2.00_c1,0.25,2.0,1,97,60942.315013499996,-1233.5392102500023,-62175.85422375003,93,95,21763.229811150002,15494.008055400003,0.7010309278350515
target0.25_stop2.00_c3,0.25,2.0,3,97,60942.315013499996,141.07880927499554,-60801.23620422501,93,95,21763.229811150002,15173.506113400003,0.7010309278350515
target0.25_stop2.50_c1,0.25,2.5,1,97,60942.315013499996,5017.186669100003,-55925.12834440001,93,95,21763.229811150002,9970.385823350001,0.7216494845360825
target0.25_stop2.50_c3,0.25,2.5,3,97,60942.315013499996,1883.741642125003,-59058.573371375,93,95,21763.229811150002,11681.867956699996,0.711340206185567
target0.25_stop3.00_c1,0.25,3.0,1,97,60942.315013499996,5457.457244949997,-55484.85776855001,92,94,21763.229811150002,13452.827063400004,0.7319587628865979
target0.25_stop3.00_c3,0.25,3.0,3,97,60942.315013499996,-1213.460214075001,-62155.77522757501,92,94,21763.229811150002,19616.3355943,0.7216494845360825
target0.30_stop0.50_c1,0.3,0.5,1,97,60942.315013499996,-14173.291454574994,-75115.60646807501,95,97,21763.229811150002,17673.863335599985,0.5154639175257731
target0.30_stop0.50_c3,0.3,0.5,3,97,60942.315013499996,-16815.508319849996,-77757.82333335001,95,97,21763.229811150002,20121.02704674999,0.5360824742268041
target0.30_stop0.75_c1,0.3,0.75,1,97,60942.315013499996,-7487.386304899993,-68429.70131840001,95,97,21763.229811150002,12628.419432649993,0.5979381443298969
target0.30_stop0.75_c3,0.3,0.75,3,97,60942.315013499996,-6542.638000224994,-67484.953013725,95,97,21763.229811150002,11408.915351399997,0.6185567010309279
target0.30_stop1.00_c1,0.3,1.0,1,97,60942.315013499996,-7753.873338425005,-68696.188351925,95,97,21763.229811150002,11247.579621099998,0.6391752577319587
target0.30_stop1.00_c3,0.3,1.0,3,97,60942.315013499996,-5930.070357049994,-66872.38537055001,95,97,21763.229811150002,12795.51707315,0.6391752577319587
target0.30_stop1.25_c1,0.3,1.25,1,97,60942.315013499996,312.72048724999917,-60629.59452625002,95,97,21763.229811150002,11373.056620650004,0.6907216494845361
target0.30_stop1.25_c3,0.3,1.25,3,97,60942.315013499996,-3582.455196400008,-64524.770209900016,95,97,21763.229811150002,16543.033537800013,0.6907216494845361
target0.30_stop1.50_c1,0.3,1.5,1,97,60942.315013499996,5827.725200424998,-55114.589813075014,95,97,21763.229811150002,10342.529860649998,0.711340206185567
target0.30_stop1.50_c3,0.3,1.5,3,97,60942.315013499996,2117.551418399998,-58824.76359510001,95,97,21763.229811150002,15911.103995750003,0.711340206185567
target0.30_stop2.00_c1,0.3,2.0,1,97,60942.315013499996,6097.396831824993,-54844.91818167502,93,95,21763.229811150002,14774.638675500004,0.7422680412371134
target0.30_stop2.00_c3,0.3,2.0,3,97,60942.315013499996,-2045.5086174000057,-62987.82363090002,93,95,21763.229811150002,22297.434638650007,0.7319587628865979
target0.30_stop2.50_c1,0.3,2.5,1,97,60942.315013499996,9777.880374824997,-51164.43463867501,93,95,21763.229811150002,9787.22125,0.7525773195876289
target0.30_stop2.50_c3,0.3,2.5,3,97,60942.315013499996,9173.785641149998,-51768.529372350014,92,94,21763.229811150002,10293.894592300003,0.7628865979381443
target0.30_stop3.00_c1,0.3,3.0,1,97,60942.315013499996,7883.739008224989,-53058.57600527503,92,94,21763.229811150002,15223.876358800007,0.7628865979381443
target0.30_stop3.00_c3,0.3,3.0,3,97,60942.315013499996,6076.583784949996,-54865.73122855001,91,93,21763.229811150002,18101.818894800002,0.7731958762886598
target0.40_stop0.50_c1,0.4,0.5,1,97,60942.315013499996,-13396.38146094999,-74338.69647445,95,97,21763.229811150002,18113.808673349988,0.5567010309278351
target0.40_stop0.50_c3,0.4,0.5,3,97,60942.315013499996,-11281.525112999992,-72223.84012650001,95,97,21763.229811150002,15773.906439899993,0.5670103092783505
target0.40_stop0.75_c1,0.4,0.75,1,97,60942.315013499996,-6145.4588127249945,-67087.773826225,95,97,21763.229811150002,10434.723080449992,0.6288659793814433
target0.40_stop0.75_c3,0.4,0.75,3,97,60942.315013499996,-993.3744650749964,-61935.689478575005,95,97,21763.229811150002,9911.432268049999,0.6494845360824743
target0.40_stop1.00_c1,0.4,1.0,1,97,60942.315013499996,-5936.359551500003,-66878.67456500001,95,97,21763.229811150002,10237.346128550002,0.6804123711340206
target0.40_stop1.00_c3,0.4,1.0,3,97,60942.315013499996,-331.8625486499991,-61274.177562150006,95,97,21763.229811150002,11219.989761150002,0.6804123711340206
target0.40_stop1.25_c1,0.4,1.25,1,97,60942.315013499996,2146.258733274995,-58796.05628022501,95,97,21763.229811150002,14503.865548300008,0.7319587628865979
target0.40_stop1.25_c3,0.4,1.25,3,97,60942.315013499996,4046.108292674989,-56896.20672082502,95,97,21763.229811150002,14897.95063425001,0.7422680412371134
target0.40_stop1.50_c1,0.4,1.5,1,97,60942.315013499996,5070.642139525,-55871.67287397502,95,97,21763.229811150002,17383.35840315,0.7525773195876289
target0.40_stop1.50_c3,0.4,1.5,3,97,60942.315013499996,10615.574991774996,-50326.74002172502,94,96,21763.229811150002,15293.416083250002,0.7731958762886598
target0.40_stop2.00_c1,0.4,2.0,1,97,60942.315013499996,5006.434061524993,-55935.880951975014,93,95,21763.229811150002,22008.166733000005,0.7835051546391752
target0.40_stop2.00_c3,0.4,2.0,3,97,60942.315013499996,6452.514955974993,-54489.800057525026,92,94,21763.229811150002,21679.74672615001,0.7938144329896907
target0.40_stop2.50_c1,0.4,2.5,1,97,60942.315013499996,18640.621736524998,-42301.69327697502,92,94,21763.229811150002,9260.057770500001,0.8144329896907216
target0.40_stop2.50_c3,0.4,2.5,3,97,60942.315013499996,18647.366187675,-42294.94882582501,91,93,21763.229811150002,9676.206679800001,0.8247422680412371
target0.40_stop3.00_c1,0.4,3.0,1,97,60942.315013499996,16746.48036992499,-44195.83464357502,91,93,21763.229811150002,14489.400929050007,0.8247422680412371
target0.40_stop3.00_c3,0.4,3.0,3,97,60942.315013499996,15550.164331474998,-45392.150682025014,90,92,21763.229811150002,17307.21891965,0.8350515463917526
target0.50_stop0.50_c1,0.5,0.5,1,97,60942.315013499996,-7427.99159999999,-68370.3066135,94,96,21763.229811150002,13139.023352649994,0.5773195876288659
target0.50_stop0.50_c3,0.5,0.5,3,97,60942.315013499996,-4825.3861441999925,-65767.7011577,94,96,21763.229811150002,12752.40965425,0.6082474226804123
target0.50_stop0.75_c1,0.5,0.75,1,97,60942.315013499996,612.2504634250039,-60330.064550074996,93,95,21763.229811150002,9211.076378299995,0.6494845360824743
target0.50_stop0.75_c3,0.5,0.75,3,97,60942.315013499996,6668.586520025005,-54273.728493475006,93,95,21763.229811150002,8540.131591249996,0.6804123711340206
target0.50_stop1.00_c1,0.5,1.0,1,97,60942.315013499996,816.6883803999957,-60125.6266331,93,95,21763.229811150002,7969.973184799997,0.711340206185567
target0.50_stop1.00_c3,0.5,1.0,3,97,60942.315013499996,7854.86786125,-53087.44715225001,93,95,21763.229811150002,8617.447719650001,0.7216494845360825
target0.50_stop1.25_c1,0.5,1.25,1,97,60942.315013499996,11167.912983174992,-49774.402030325014,92,94,21763.229811150002,11866.347699500006,0.7731958762886598
target0.50_stop1.25_c3,0.5,1.25,3,97,60942.315013499996,12641.535777124991,-48300.77923637501,92,94,21763.229811150002,12295.408592750011,0.7835051546391752
target0.50_stop1.50_c1,0.5,1.5,1,97,60942.315013499996,14950.660254449998,-45991.65475905002,91,93,21763.229811150002,16464.905368249998,0.8041237113402062
target0.50_stop1.50_c3,0.5,1.5,3,97,60942.315013499996,19351.810605224997,-41590.504408275025,91,93,21763.229811150002,14317.454890900002,0.8144329896907216
target0.50_stop2.00_c1,0.5,2.0,1,97,60942.315013499996,14886.45217644998,-46055.86283705003,89,91,21763.229811150002,21089.713698100004,0.8350515463917526
target0.50_stop2.00_c3,0.5,2.0,3,97,60942.315013499996,15188.750569424992,-45753.564444075026,89,91,21763.229811150002,20703.785533800004,0.8350515463917526
target0.50_stop2.50_c1,0.5,2.5,1,97,60942.315013499996,28946.726071549994,-31995.588941950013,88,90,21763.229811150002,8966.400194950002,0.865979381443299
target0.50_stop2.50_c3,0.5,2.5,3,97,60942.315013499996,27404.147059125,-33538.167954375014,88,90,21763.229811150002,9247.03515195,0.865979381443299
target0.50_stop3.00_c1,0.5,3.0,1,97,60942.315013499996,27052.584704949983,-33889.730308550024,87,89,21763.229811150002,14303.560253550011,0.8762886597938144
target0.50_stop3.00_c3,0.5,3.0,3,97,60942.315013499996,24306.945202925,-36635.36981057502,87,89,21763.229811150002,17181.502789550002,0.8762886597938144
