expiry,entry_date,entry_ts,exit_ts,side,option_type,spot_entry,atm,k15,k16,k17,e15,e16,e17,x15,x16,x17,lot,gross_pnl_rupees
2021-06-03,2021-05-28,2021-05-28 09:35:00+05:30,2021-06-03 15:13:00+05:30,PUT,PE,15426.4,15450,14700.0,14650.0,14600.0,4.85,4.25,3.7,0.05,0.05,0.05,65,198.25000000000006
2021-06-10,2021-06-04,2021-06-04 09:35:00+05:30,2021-06-10 15:13:00+05:30,PUT,PE,15705.15,15700,14950.0,14900.0,14850.0,6.2,5.55,5.3,0.1,0.05,0.15,65,295.74999999999994
2021-06-17,2021-06-11,2021-06-11 09:35:00+05:30,2021-06-17 15:14:00+05:30,PUT,PE,15825.35,15850,15100.0,15050.0,15000.0,6.5,5.95,5.5,0.15,0.15,0.1,65,315.25000000000006
2021-07-01,2021-06-25,2021-06-25 09:35:00+05:30,2021-07-01 15:06:00+05:30,PUT,PE,15827.1,15850,15100.0,15050.0,15000.0,5.65,5.25,4.7,0.05,0.05,0.05,65,276.25
2021-07-08,2021-07-02,2021-07-02 09:35:00+05:30,2021-07-08 15:13:00+05:30,PUT,PE,15669.0,15650,14900.0,14850.0,14800.0,2.75,2.5,2.3,0.05,0.25,0.1,65,113.74999999999997
2021-07-15,2021-07-09,2021-07-09 09:35:00+05:30,2021-07-15 15:14:00+05:30,PUT,PE,15653.8,15650,14900.0,14850.0,14800.0,5.35,4.75,4.1,0.05,0.05,0.05,65,224.25
2021-07-22,2021-07-15,2021-07-15 09:35:00+05:30,2021-07-22 15:11:00+05:30,PUT,PE,15884.0,15900,15150.0,15100.0,15050.0,5.1,4.7,4.1,0.05,0.05,0.05,65,237.25000000000003
2021-08-05,2021-07-30,2021-07-30 09:35:00+05:30,2021-08-05 15:09:00+05:30,PUT,PE,15812.6,15800,15050.0,15000.0,14950.0,4.2,3.85,3.4,0.1,0.05,0.05,65,198.25
2021-08-12,2021-08-06,2021-08-06 09:35:00+05:30,2021-08-12 15:14:00+05:30,PUT,PE,16283.6,16300,15550.0,15500.0,15450.0,7.0,6.25,5.55,0.05,0.05,0.1,65,305.5
2021-09-02,2021-08-27,2021-08-27 09:35:00+05:30,2021-09-02 15:05:00+05:30,PUT,PE,16585.1,16600,15850.0,15800.0,15750.0,4.25,3.95,3.55,0.1,0.15,0.05,65,204.75
2021-09-09,2021-09-03,2021-09-03 09:35:00+05:30,2021-09-09 15:14:00+05:30,PUT,PE,17266.9,17250,16500.0,16450.0,16400.0,6.95,6.25,5.7,0.05,0.1,0.1,65,315.25000000000006
2021-09-16,2021-09-09,2021-09-09 09:35:00+05:30,2021-09-16 15:14:00+05:30,PUT,PE,17317.45,17300,16550.0,16500.0,16450.0,6.1,5.8,5.7,0.05,0.05,0.15,65,341.25
2021-09-23,2021-09-17,2021-09-17 09:35:00+05:30,2021-09-23 15:14:00+05:30,PUT,PE,17735.4,17750,17000.0,16950.0,16900.0,8.7,7.95,7.25,0.1,0.2,0.1,65,409.50000000000006
2021-10-07,2021-10-01,2021-10-01 09:35:00+05:30,2021-10-07 15:01:00+05:30,PUT,PE,17512.85,17500,16750.0,16700.0,16650.0,13.0,10.85,9.25,0.15,0.1,0.05,65,461.5
2021-10-14,2021-10-08,2021-10-08 09:35:00+05:30,2021-10-14 15:14:00+05:30,PUT,PE,17866.9,17850,17100.0,17050.0,17000.0,7.1,6.45,5.85,0.15,0.05,0.05,65,341.25000000000006
2021-10-21,2021-10-14,2021-10-14 09:35:00+05:30,2021-10-21 15:12:00+05:30,PUT,PE,18276.6,18300,17550.0,17500.0,17450.0,10.1,8.65,7.4,0.1,0.05,0.05,65,386.75
2021-11-18,2021-11-12,2021-11-12 09:35:00+05:30,2021-11-18 15:14:00+05:30,PUT,PE,17999.9,18000,17250.0,17200.0,17150.0,5.8,5.1,4.5,0.1,0.05,0.05,65,247.0
2021-12-02,2021-11-26,2021-11-26 09:35:00+05:30,2021-12-02 15:14:00+05:30,PUT,PE,17313.7,17300,16550.0,16500.0,16450.0,10.25,8.7,7.2,0.05,0.05,0.05,65,364.0
2021-12-09,2021-12-03,2021-12-03 09:35:00+05:30,2021-12-09 15:14:00+05:30,PUT,PE,17468.1,17450,16700.0,16650.0,16600.0,13.9,12.45,11.1,0.15,0.1,0.15,65,620.7499999999999
2021-12-16,2021-12-10,2021-12-10 09:35:00+05:30,2021-12-16 15:14:00+05:30,PUT,PE,17485.75,17500,16750.0,16700.0,16650.0,12.7,10.95,9.35,0.1,0.05,0.1,65,490.74999999999994
2021-12-23,2021-12-17,2021-12-17 09:35:00+05:30,2021-12-23 15:14:00+05:30,PUT,PE,17165.8,17150,16400.0,16350.0,16300.0,7.7,6.5,5.4,0.05,0.1,0.05,65,266.50000000000006
2022-01-06,2021-12-31,2021-12-31 09:35:00+05:30,2022-01-06 15:14:00+05:30,PUT,PE,17338.0,17350,16600.0,16550.0,16500.0,10.95,9.55,8.1,0.1,0.05,0.05,65,435.49999999999994
2022-01-13,2022-01-07,2022-01-07 09:35:00+05:30,2022-01-13 15:14:00+05:30,PUT,PE,17866.05,17850,17100.0,17050.0,17000.0,9.85,8.85,8.0,0.05,0.1,0.1,65,445.2500000000001
2022-01-20,2022-01-14,2022-01-14 09:35:00+05:30,2022-01-20 15:14:00+05:30,PUT,PE,18199.8,18200,17450.0,17400.0,17350.0,7.95,6.8,5.95,0.05,0.05,0.1,65,305.5
2022-02-03,2022-01-28,2022-01-28 09:35:00+05:30,2022-02-03 15:14:00+05:30,PUT,PE,17298.5,17300,16550.0,16500.0,16450.0,41.55,36.55,32.05,0.05,0.05,0.05,65,1754.9999999999998
2022-02-10,2022-02-04,2022-02-04 09:35:00+05:30,2022-02-10 15:14:00+05:30,PUT,PE,17548.2,17550,16800.0,16750.0,16700.0,17.6,15.3,13.2,0.05,0.05,0.05,65,705.2499999999999
2022-02-17,2022-02-11,2022-02-11 09:35:00+05:30,2022-02-17 15:12:00+05:30,PUT,PE,17381.15,17400,16650.0,16600.0,16550.0,17.2,15.0,13.05,0.1,0.1,0.05,65,702.0000000000001
2022-03-03,2022-02-24,2022-02-24 09:35:00+05:30,2022-03-03 15:14:00+05:30,PUT,PE,16631.7,16650,15900.0,15850.0,15800.0,84.9,75.7,72.2,0.1,0.05,0.05,65,4095.0
2022-03-10,2022-03-04,2022-03-04 09:35:00+05:30,2022-03-10 15:14:00+05:30,PUT,PE,16271.1,16250,15500.0,15450.0,15400.0,67.35,62.3,56.5,0.1,0.1,0.1,65,3337.7499999999995
2022-03-17,2022-03-11,2022-03-11 09:35:00+05:30,2022-03-17 15:14:00+05:30,PUT,PE,16641.0,16650,15900.0,15850.0,15800.0,57.35,51.75,46.35,0.1,0.05,0.05,65,2648.7500000000005
2022-03-24,2022-03-17,2022-03-17 09:35:00+05:30,2022-03-24 15:14:00+05:30,PUT,PE,17189.25,17200,16450.0,16400.0,16350.0,43.5,39.1,35.05,0.1,0.05,0.05,65,1992.2500000000005
2022-04-07,2022-04-01,2022-04-01 09:35:00+05:30,2022-04-07 15:01:00+05:30,PUT,PE,17485.7,17500,16750.0,16700.0,16650.0,12.75,10.9,9.55,0.05,0.05,0.05,65,497.25
2022-04-21,2022-04-13,2022-04-13 09:35:00+05:30,2022-04-21 15:14:00+05:30,PUT,PE,17644.15,17650,16900.0,16850.0,16800.0,6.3,5.05,4.2,0.1,0.15,0.1,65,182.0
2022-05-05,2022-04-28,2022-04-28 09:35:00+05:30,2022-05-05 15:14:00+05:30,PUT,PE,17113.75,17100,16350.0,16300.0,16250.0,15.75,13.45,11.35,0.05,0.1,0.1,65,578.5
2022-05-12,2022-05-06,2022-05-06 09:35:00+05:30,2022-05-12 15:14:00+05:30,PUT,PE,16469.95,16450,15700.0,15650.0,15600.0,21.95,19.1,16.5,0.1,0.05,0.05,65,887.2500000000001
2022-05-19,2022-05-13,2022-05-13 09:35:00+05:30,2022-05-19 15:04:00+05:30,PUT,PE,16003.2,16000,15250.0,15200.0,15150.0,19.7,16.9,14.4,0.05,0.05,0.05,65,750.7499999999999
2022-06-02,2022-05-27,2022-05-27 09:35:00+05:30,2022-06-02 15:14:00+05:30,PUT,PE,16324.95,16300,15550.0,15500.0,15450.0,17.85,15.35,13.0,0.05,0.05,0.1,65,675.9999999999999
2022-06-09,2022-06-03,2022-06-03 09:35:00+05:30,2022-06-09 15:14:00+05:30,PUT,PE,16752.6,16750,16000.0,15950.0,15900.0,12.35,10.2,8.65,0.1,0.1,0.1,65,416.0
2022-06-16,2022-06-10,2022-06-10 09:35:00+05:30,2022-06-16 15:14:00+05:30,PUT,PE,16269.95,16250,15500.0,15450.0,15400.0,8.25,6.9,6.0,134.45,84.7,34.6,65,1286.9999999999993
2022-06-23,2022-06-17,2022-06-17 09:35:00+05:30,2022-06-23 15:11:00+05:30,PUT,PE,15241.55,15250,14500.0,14450.0,14400.0,32.0,28.05,24.4,0.05,0.05,0.1,65,1322.7499999999998
2022-07-07,2022-07-01,2022-07-01 09:35:00+05:30,2022-07-07 15:02:00+05:30,PUT,PE,15693.1,15700,14950.0,14900.0,14850.0,16.45,13.85,11.55,0.05,0.05,0.05,65,578.5
2022-07-14,2022-07-08,2022-07-08 09:35:00+05:30,2022-07-14 15:14:00+05:30,PUT,PE,16221.7,16200,15450.0,15400.0,15350.0,8.15,6.9,5.85,0.05,0.05,0.05,65,295.75000000000006
2022-07-21,2022-07-15,2022-07-15 09:35:00+05:30,2022-07-21 15:04:00+05:30,PUT,PE,15990.55,16000,15250.0,15200.0,15150.0,5.35,4.35,3.75,0.05,0.05,0.05,65,175.5
2022-08-04,2022-07-29,2022-07-29 09:35:00+05:30,2022-08-04 15:14:00+05:30,PUT,PE,17100.8,17100,16350.0,16300.0,16250.0,7.1,6.2,5.55,0.05,0.05,0.05,65,299.00000000000006
2022-08-11,2022-08-04,2022-08-04 09:35:00+05:30,2022-08-11 15:14:00+05:30,PUT,PE,17465.3,17450,16700.0,16650.0,16600.0,18.75,16.4,14.35,0.05,0.1,0.05,65,773.4999999999998
2022-08-18,2022-08-11,2022-08-11 09:35:00+05:30,2022-08-18 15:02:00+05:30,PUT,PE,17680.6,17700,16950.0,16900.0,16850.0,9.8,8.55,7.5,0.05,0.05,0.05,65,403.0
2022-09-01,2022-08-25,2022-08-25 09:35:00+05:30,2022-09-01 15:14:00+05:30,PUT,PE,17700.45,17700,16950.0,16900.0,16850.0,9.6,8.15,7.3,0.05,0.05,0.05,65,377.00000000000006
2022-09-08,2022-09-02,2022-09-02 09:35:00+05:30,2022-09-08 15:14:00+05:30,PUT,PE,17529.2,17550,16800.0,16750.0,16700.0,14.05,11.5,9.45,0.05,0.05,0.05,65,445.2499999999999
2022-09-15,2022-09-09,2022-09-09 09:35:00+05:30,2022-09-15 15:14:00+05:30,PUT,PE,17872.1,17850,17100.0,17050.0,17000.0,7.05,6.15,5.4,0.05,0.05,0.05,65,289.25000000000006
2022-09-22,2022-09-16,2022-09-16 09:35:00+05:30,2022-09-22 15:14:00+05:30,PUT,PE,17792.5,17800,17050.0,17000.0,16950.0,10.45,8.65,7.15,0.05,0.1,0.1,65,338.00000000000017
2022-10-06,2022-09-29,2022-09-29 09:35:00+05:30,2022-10-06 15:12:00+05:30,PUT,PE,16974.45,16950,16200.0,16150.0,16100.0,22.1,17.65,16.15,0.05,0.05,0.05,65,757.2499999999997
2022-10-13,2022-10-07,2022-10-07 09:35:00+05:30,2022-10-13 15:14:00+05:30,PUT,PE,17258.4,17250,16500.0,16450.0,16400.0,8.6,7.0,5.9,0.05,0.05,0.05,65,276.2500000000001
2022-10-20,2022-10-14,2022-10-14 09:35:00+05:30,2022-10-20 15:13:00+05:30,PUT,PE,17302.65,17300,16550.0,16500.0,16450.0,8.4,7.25,6.25,0.05,0.05,0.1,65,325.00000000000006
2022-11-03,2022-10-28,2022-10-28 09:35:00+05:30,2022-11-03 15:13:00+05:30,PUT,PE,17807.15,17800,17050.0,17000.0,16950.0,6.0,5.2,4.55,0.05,0.05,0.05,65,240.5
2022-11-10,2022-11-03,2022-11-03 09:35:00+05:30,2022-11-10 15:13:00+05:30,PUT,PE,18077.2,18100,17350.0,17300.0,17250.0,12.8,10.65,8.7,0.1,0.05,0.05,65,425.74999999999983
2022-11-17,2022-11-11,2022-11-11 09:35:00+05:30,2022-11-17 15:14:00+05:30,PUT,PE,18308.15,18300,17550.0,17500.0,17450.0,3.6,3.25,2.9,0.1,0.05,0.05,65,165.75000000000003
2022-12-01,2022-11-25,2022-11-25 09:35:00+05:30,2022-12-01 15:13:00+05:30,PUT,PE,18451.4,18450,17700.0,17650.0,17600.0,3.45,3.1,2.8,0.05,0.1,0.05,65,152.74999999999997
2022-12-08,2022-12-02,2022-12-02 09:35:00+05:30,2022-12-08 15:14:00+05:30,PUT,PE,18732.5,18750,18000.0,17950.0,17900.0,4.15,3.7,3.45,0.1,0.05,0.1,65,191.74999999999997
2022-12-15,2022-12-09,2022-12-09 09:35:00+05:30,2022-12-15 15:10:00+05:30,PUT,PE,18620.05,18600,17850.0,17800.0,17750.0,2.55,2.35,2.2,0.05,0.05,0.1,65,123.50000000000003
2022-12-22,2022-12-16,2022-12-16 09:35:00+05:30,2022-12-22 15:14:00+05:30,PUT,PE,18430.45,18450,17700.0,17650.0,17600.0,5.25,4.65,4.2,0.05,0.1,0.05,65,227.50000000000006
2023-01-05,2022-12-30,2022-12-30 09:35:00+05:30,2023-01-05 15:14:00+05:30,PUT,PE,18216.85,18200,17450.0,17400.0,17350.0,4.7,4.2,3.9,0.05,0.05,0.1,65,214.5
2023-01-12,2023-01-06,2023-01-06 09:35:00+05:30,2023-01-12 15:14:00+05:30,PUT,PE,18044.25,18050,17300.0,17250.0,17200.0,3.55,3.1,2.75,0.05,0.05,0.05,65,146.25000000000003
2023-01-19,2023-01-13,2023-01-13 09:35:00+05:30,2023-01-19 15:13:00+05:30,PUT,PE,17829.85,17850,17100.0,17050.0,17000.0,3.5,3.1,2.8,0.05,0.05,0.05,65,152.75
2023-02-02,2023-01-27,2023-01-27 09:35:00+05:30,2023-02-02 15:14:00+05:30,PUT,PE,17769.6,17750,17000.0,16950.0,16900.0,19.8,17.45,15.25,0.05,0.1,0.1,65,828.7499999999999
2023-02-09,2023-02-03,2023-02-03 09:35:00+05:30,2023-02-09 15:14:00+05:30,PUT,PE,17661.85,17650,16900.0,16850.0,16800.0,8.0,6.85,6.1,0.05,0.1,0.05,65,315.25
2023-02-16,2023-02-10,2023-02-10 09:35:00+05:30,2023-02-16 15:11:00+05:30,PUT,PE,17819.2,17800,17050.0,17000.0,16950.0,3.1,2.85,2.55,0.05,0.05,0.05,65,146.25
2023-03-02,2023-02-24,2023-02-24 09:35:00+05:30,2023-03-02 15:13:00+05:30,PUT,PE,17555.7,17550,16800.0,16750.0,16700.0,3.6,3.2,2.9,0.05,0.05,0.1,65,156.0
2023-03-09,2023-03-02,2023-03-02 09:35:00+05:30,2023-03-09 15:10:00+05:30,PUT,PE,17377.95,17400,16650.0,16600.0,16550.0,4.4,4.0,3.55,0.1,0.05,0.05,65,204.74999999999997
2023-03-16,2023-03-10,2023-03-10 09:35:00+05:30,2023-03-16 15:14:00+05:30,PUT,PE,17376.0,17400,16650.0,16600.0,16550.0,5.8,5.05,4.5,0.05,0.05,0.05,65,240.5
2023-03-23,2023-03-17,2023-03-17 09:35:00+05:30,2023-03-23 15:14:00+05:30,PUT,PE,17077.5,17100,16350.0,16300.0,16250.0,7.95,6.8,5.9,0.1,0.1,0.05,65,305.5
2023-04-06,2023-03-29,2023-03-29 09:35:00+05:30,2023-04-06 15:14:00+05:30,PUT,PE,16996.7,17000,16250.0,16200.0,16150.0,6.55,5.7,4.7,0.05,0.05,0.1,65,243.75000000000006
2023-04-13,2023-04-06,2023-04-06 09:35:00+05:30,2023-04-13 15:14:00+05:30,PUT,PE,17521.05,17500,16750.0,16700.0,16650.0,4.35,3.9,3.6,0.1,0.1,0.05,65,201.5
2023-04-20,2023-04-13,2023-04-13 09:35:00+05:30,2023-04-20 15:11:00+05:30,PUT,PE,17819.45,17800,17050.0,17000.0,16950.0,4.3,3.9,3.55,0.05,0.05,0.05,65,201.5
2023-05-04,2023-04-27,2023-04-27 09:35:00+05:30,2023-05-04 15:12:00+05:30,PUT,PE,17818.8,17800,17050.0,17000.0,16950.0,4.2,3.95,3.5,0.05,0.05,0.05,65,208.0
2023-05-11,2023-05-05,2023-05-05 09:35:00+05:30,2023-05-11 15:09:00+05:30,PUT,PE,18183.2,18200,17450.0,17400.0,17350.0,2.45,2.35,2.05,0.05,0.05,0.05,65,123.49999999999999
2023-05-18,2023-05-12,2023-05-12 09:35:00+05:30,2023-05-18 15:14:00+05:30,PUT,PE,18206.15,18200,17450.0,17400.0,17350.0,3.15,2.8,2.45,0.05,0.05,0.05,65,133.25000000000003
2023-06-01,2023-05-26,2023-05-26 09:35:00+05:30,2023-06-01 15:11:00+05:30,PUT,PE,18355.4,18350,17600.0,17550.0,17500.0,3.05,2.8,2.5,0.05,0.05,0.05,65,143.0
2023-06-08,2023-06-02,2023-06-02 09:35:00+05:30,2023-06-08 15:13:00+05:30,PUT,PE,18562.45,18550,17800.0,17750.0,17700.0,2.3,2.15,1.95,0.05,0.05,0.05,65,113.75
2023-06-15,2023-06-09,2023-06-09 09:35:00+05:30,2023-06-15 15:13:00+05:30,PUT,PE,18616.55,18600,17850.0,17800.0,17750.0,2.5,2.4,2.2,0.05,0.05,0.05,65,133.25000000000003
2023-06-22,2023-06-16,2023-06-16 09:35:00+05:30,2023-06-22 15:14:00+05:30,PUT,PE,18764.2,18750,18000.0,17950.0,17900.0,3.3,3.1,2.9,0.05,0.05,0.05,65,172.25000000000003
2023-07-06,2023-06-30,2023-06-30 09:35:00+05:30,2023-07-06 15:14:00+05:30,PUT,PE,19094.4,19100,18350.0,18300.0,18250.0,4.4,4.2,3.85,0.05,0.05,0.05,65,234.0
2023-07-13,2023-07-07,2023-07-07 09:35:00+05:30,2023-07-13 15:14:00+05:30,PUT,PE,19493.8,19500,18750.0,18700.0,18650.0,4.55,4.2,3.75,0.1,0.1,0.05,65,217.75000000000003
2023-07-20,2023-07-14,2023-07-14 09:35:00+05:30,2023-07-20 15:11:00+05:30,PUT,PE,19467.95,19450,18700.0,18650.0,18600.0,3.25,3.0,2.8,0.05,0.05,0.05,65,162.5
2023-08-03,2023-07-28,2023-07-28 09:35:00+05:30,2023-08-03 15:14:00+05:30,PUT,PE,19624.3,19600,18850.0,18800.0,18750.0,2.75,2.5,2.5,0.1,0.05,0.1,65,143.0
2023-08-10,2023-08-04,2023-08-04 09:35:00+05:30,2023-08-10 15:11:00+05:30,PUT,PE,19489.2,19500,18750.0,18700.0,18650.0,3.95,3.65,3.35,0.1,0.05,0.05,65,198.25000000000003
2023-08-17,2023-08-10,2023-08-10 09:35:00+05:30,2023-08-17 15:14:00+05:30,PUT,PE,19590.8,19600,18850.0,18800.0,18750.0,5.4,4.8,4.2,0.05,0.05,0.05,65,230.75
2023-08-24,2023-08-18,2023-08-18 09:35:00+05:30,2023-08-24 15:13:00+05:30,PUT,PE,19311.95,19300,18550.0,18500.0,18450.0,2.6,2.35,2.25,0.05,0.05,0.05,65,126.75000000000001
2023-09-07,2023-09-01,2023-09-01 09:35:00+05:30,2023-09-07 15:06:00+05:30,PUT,PE,19307.55,19300,18550.0,18500.0,18450.0,3.2,3.1,2.9,0.05,0.05,0.05,65,178.75
2023-09-14,2023-09-08,2023-09-08 09:35:00+05:30,2023-09-14 15:13:00+05:30,PUT,PE,19790.3,19800,19050.0,19000.0,18950.0,3.75,3.45,3.2,0.05,0.05,0.05,65,185.25000000000003
2023-09-21,2023-09-14,2023-09-14 09:35:00+05:30,2023-09-21 15:14:00+05:30,PUT,PE,20157.4,20150,19400.0,19350.0,19300.0,7.2,6.5,5.85,0.05,0.05,0.05,65,331.5
2023-10-05,2023-09-28,2023-09-28 09:35:00+05:30,2023-10-05 15:14:00+05:30,PUT,PE,19733.3,19750,19000.0,18950.0,18900.0,6.7,5.95,5.5,0.05,0.05,0.05,65,305.5
2023-10-12,2023-10-06,2023-10-06 09:35:00+05:30,2023-10-12 15:13:00+05:30,PUT,PE,19614.0,19600,18850.0,18800.0,18750.0,3.0,2.65,2.45,0.05,0.05,0.05,65,133.25000000000003
2023-10-19,2023-10-13,2023-10-13 09:35:00+05:30,2023-10-19 15:10:00+05:30,PUT,PE,19724.7,19700,18950.0,18900.0,18850.0,4.05,3.7,3.45,0.05,0.1,0.05,65,195.00000000000003
2023-11-02,2023-10-27,2023-10-27 09:35:00+05:30,2023-11-02 15:14:00+05:30,PUT,PE,18995.8,19000,18250.0,18200.0,18150.0,6.1,5.35,4.75,0.05,0.05,0.05,65,256.75
2023-11-09,2023-11-03,2023-11-03 09:35:00+05:30,2023-11-09 15:10:00+05:30,PUT,PE,19249.1,19250,18500.0,18450.0,18400.0,3.6,3.2,2.95,0.05,0.05,0.05,65,162.50000000000003
2023-11-16,2023-11-10,2023-11-10 09:35:00+05:30,2023-11-16 15:11:00+05:30,PUT,PE,19340.65,19350,18600.0,18550.0,18500.0,2.0,1.8,1.75,0.05,0.1,0.05,65,94.25
2023-11-23,2023-11-17,2023-11-17 09:35:00+05:30,2023-11-23 15:14:00+05:30,PUT,PE,19759.85,19750,19000.0,18950.0,18900.0,3.35,2.95,2.75,0.05,0.05,0.05,65,149.50000000000003
2023-12-07,2023-12-01,2023-12-01 09:35:00+05:30,2023-12-07 15:06:00+05:30,PUT,PE,20223.15,20200,19450.0,19400.0,19350.0,6.45,5.9,5.2,0.05,0.05,0.05,65,299.00000000000006
2023-12-14,2023-12-08,2023-12-08 09:35:00+05:30,2023-12-14 15:14:00+05:30,PUT,PE,20958.5,20950,20200.0,20150.0,20100.0,4.9,4.45,4.0,0.05,0.05,0.05,65,227.5
2023-12-21,2023-12-15,2023-12-15 09:35:00+05:30,2023-12-21 15:14:00+05:30,PUT,PE,21252.8,21250,20500.0,20450.0,20400.0,5.2,4.7,4.35,0.05,0.1,0.05,65,243.75
2024-01-04,2023-12-29,2023-12-29 09:35:00+05:30,2024-01-04 15:13:00+05:30,PUT,PE,21756.05,21750,21000.0,20950.0,20900.0,9.4,7.95,6.95,0.05,0.05,0.05,65,354.25000000000006
2024-01-11,2024-01-05,2024-01-05 09:35:00+05:30,2024-01-11 15:14:00+05:30,PUT,PE,21737.85,21750,21000.0,20950.0,20900.0,4.25,3.8,3.4,0.05,0.05,0.05,65,188.5
2024-01-18,2024-01-12,2024-01-12 09:35:00+05:30,2024-01-18 15:14:00+05:30,PUT,PE,21728.45,21750,21000.0,20950.0,20900.0,6.6,5.8,5.0,0.1,0.1,0.05,65,269.75
2024-02-01,2024-01-25,2024-01-25 09:35:00+05:30,2024-02-01 15:04:00+05:30,PUT,PE,21404.45,21400,20650.0,20600.0,20550.0,24.05,21.2,18.8,0.05,0.05,0.05,65,1033.5
2024-02-08,2024-02-02,2024-02-02 09:35:00+05:30,2024-02-08 15:14:00+05:30,PUT,PE,21952.5,21950,21200.0,21150.0,21100.0,12.55,11.0,9.8,0.05,0.05,0.05,65,533.0
2024-02-15,2024-02-09,2024-02-09 09:35:00+05:30,2024-02-15 15:14:00+05:30,PUT,PE,21778.05,21800,21050.0,21000.0,20950.0,13.8,11.75,9.7,0.05,0.05,0.05,65,493.9999999999999
2024-02-22,2024-02-16,2024-02-16 09:35:00+05:30,2024-02-22 15:14:00+05:30,PUT,PE,21995.6,22000,21250.0,21200.0,21150.0,11.05,9.3,7.95,0.05,0.1,0.1,65,393.2500000000001
2024-03-07,2024-03-02,2024-03-02 09:35:00+05:30,2024-03-07 15:14:00+05:30,PUT,PE,22399.05,22400,21650.0,21600.0,21550.0,13.0,11.2,9.35,0.05,0.05,0.05,65,487.4999999999999
2024-03-14,2024-03-07,2024-03-07 09:35:00+05:30,2024-03-14 15:14:00+05:30,PUT,PE,22482.4,22500,21750.0,21700.0,21650.0,10.25,8.75,7.65,0.1,0.1,0.05,65,396.50000000000006
2024-03-21,2024-03-15,2024-03-15 09:35:00+05:30,2024-03-21 15:14:00+05:30,PUT,PE,22051.1,22050,21300.0,21250.0,21200.0,9.65,8.0,6.65,0.05,0.05,0.1,65,318.50000000000006
2024-04-04,2024-03-28,2024-03-28 09:35:00+05:30,2024-04-04 15:12:00+05:30,PUT,PE,22221.6,22200,21450.0,21400.0,21350.0,5.5,4.8,4.05,0.05,0.05,0.05,65,214.5
2024-04-10,2024-04-04,2024-04-04 09:35:00+05:30,2024-04-10 15:14:00+05:30,PUT,PE,22469.0,22450,21700.0,21650.0,21600.0,4.8,4.25,3.85,0.05,0.1,0.05,65,208.00000000000003
2024-04-18,2024-04-10,2024-04-10 09:35:00+05:30,2024-04-18 15:14:00+05:30,PUT,PE,22718.1,22700,21950.0,21900.0,21850.0,7.55,6.4,5.55,0.95,0.15,0.1,65,331.50000000000006
2024-05-02,2024-04-25,2024-04-25 09:35:00+05:30,2024-05-02 15:14:00+05:30,PUT,PE,22378.5,22400,21650.0,21600.0,21550.0,8.25,7.15,6.3,0.05,0.05,0.05,65,334.75000000000006
2024-05-09,2024-05-03,2024-05-03 09:35:00+05:30,2024-05-09 15:14:00+05:30,PUT,PE,22781.15,22800,22050.0,22000.0,21950.0,7.9,6.9,6.05,96.3,46.5,2.6,65,3396.2499999999995
2024-05-16,2024-05-10,2024-05-10 09:35:00+05:30,2024-05-16 15:14:00+05:30,PUT,PE,22028.35,22050,21300.0,21250.0,21200.0,13.8,11.75,10.0,0.05,0.05,0.05,65,513.4999999999999
2024-05-23,2024-05-17,2024-05-17 09:35:00+05:30,2024-05-23 15:14:00+05:30,PUT,PE,22371.9,22350,21600.0,21550.0,21500.0,11.2,9.85,8.6,0.1,0.05,0.05,65,471.2499999999999
2024-06-06,2024-05-31,2024-05-31 09:35:00+05:30,2024-06-06 15:14:00+05:30,PUT,PE,22637.35,22650,21900.0,21850.0,21800.0,159.65,83.5,140.4,0.05,0.05,0.05,65,4173.0
2024-06-13,2024-06-07,2024-06-07 09:35:00+05:30,2024-06-13 15:14:00+05:30,PUT,PE,22925.0,22900,22150.0,22100.0,22050.0,39.5,35.25,31.55,0.1,0.1,0.05,65,1771.25
2024-06-20,2024-06-13,2024-06-13 09:35:00+05:30,2024-06-20 15:14:00+05:30,PUT,PE,23412.4,23400,22650.0,22600.0,22550.0,11.7,9.75,8.25,0.05,0.05,0.05,65,406.25
2024-07-04,2024-06-28,2024-06-28 09:35:00+05:30,2024-07-04 15:14:00+05:30,PUT,PE,24116.9,24100,23350.0,23300.0,23250.0,16.2,14.1,12.25,0.05,0.05,0.05,65,656.5
2024-07-11,2024-07-05,2024-07-05 09:35:00+05:30,2024-07-11 15:13:00+05:30,PUT,PE,24183.85,24200,23450.0,23400.0,23350.0,6.3,5.2,4.6,0.1,0.05,0.05,65,227.5
2024-07-18,2024-07-11,2024-07-11 09:35:00+05:30,2024-07-18 15:14:00+05:30,PUT,PE,24326.0,24350,23600.0,23550.0,23500.0,7.6,6.55,5.85,0.1,0.05,0.05,65,312.0
2024-08-01,2024-07-26,2024-07-26 09:35:00+05:30,2024-08-01 15:13:00+05:30,PUT,PE,24494.5,24500,23750.0,23700.0,23650.0,9.7,8.3,7.4,0.1,0.05,0.05,65,390.00000000000006
2024-08-08,2024-08-02,2024-08-02 09:35:00+05:30,2024-08-08 15:14:00+05:30,PUT,PE,24817.1,24800,24050.0,24000.0,23950.0,10.35,9.05,7.75,0.2,0.15,0.2,65,409.5
2024-08-14,2024-08-08,2024-08-08 09:35:00+05:30,2024-08-14 15:14:00+05:30,PUT,PE,24203.25,24200,23450.0,23400.0,23350.0,30.7,27.05,24.15,0.15,0.05,0.1,65,1332.4999999999998
2024-08-22,2024-08-16,2024-08-16 09:35:00+05:30,2024-08-22 15:14:00+05:30,PUT,PE,24392.4,24400,23650.0,23600.0,23550.0,10.25,8.95,7.8,0.05,0.05,0.05,65,419.24999999999994
2024-09-05,2024-08-30,2024-08-30 09:35:00+05:30,2024-09-05 15:14:00+05:30,PUT,PE,25222.0,25200,24450.0,24400.0,24350.0,8.05,7.1,6.35,0.05,0.05,0.05,65,347.75
2024-09-12,2024-09-06,2024-09-06 09:35:00+05:30,2024-09-12 15:14:00+05:30,PUT,PE,25143.3,25150,24400.0,24350.0,24300.0,7.65,6.75,6.0,0.15,0.15,0.15,65,321.74999999999994
2024-09-19,2024-09-13,2024-09-13 09:35:00+05:30,2024-09-19 15:14:00+05:30,PUT,PE,25361.45,25350,24600.0,24550.0,24500.0,12.45,11.2,10.05,0.1,0.05,0.05,65,571.9999999999999
2024-10-03,2024-09-26,2024-09-26 09:35:00+05:30,2024-10-03 15:14:00+05:30,PUT,PE,26035.0,26050,25300.0,25250.0,25200.0,13.75,12.35,10.8,43.3,0.2,0.15,65,3402.7499999999995
2024-10-10,2024-10-04,2024-10-04 09:35:00+05:30,2024-10-10 15:14:00+05:30,PUT,PE,25212.0,25200,24450.0,24400.0,24350.0,33.9,30.9,28.6,0.05,0.05,0.05,65,1660.7499999999998
2024-10-17,2024-10-11,2024-10-11 09:35:00+05:30,2024-10-17 15:14:00+05:30,PUT,PE,24968.85,24950,24200.0,24150.0,24100.0,13.2,11.45,10.2,0.05,0.05,0.05,65,545.9999999999999
2024-10-24,2024-10-18,2024-10-18 09:35:00+05:30,2024-10-24 15:14:00+05:30,PUT,PE,24649.2,24650,23900.0,23850.0,23800.0,16.3,14.3,12.3,0.05,0.05,0.05,65,666.25
2024-11-14,2024-11-08,2024-11-08 09:35:00+05:30,2024-11-14 15:14:00+05:30,PUT,PE,24173.9,24150,23400.0,23350.0,23300.0,17.65,15.45,13.2,0.1,0.1,0.1,65,708.5000000000001
2024-11-21,2024-11-13,2024-11-13 09:35:00+05:30,2024-11-21 15:14:00+05:30,PUT,PE,23798.85,23800,23050.0,23000.0,22950.0,20.0,17.8,15.35,0.15,0.15,0.15,65,845.0
2024-12-05,2024-11-29,2024-11-29 09:35:00+05:30,2024-12-05 15:14:00+05:30,PUT,PE,24019.55,24000,23250.0,23200.0,23150.0,18.0,15.6,13.7,0.15,0.15,0.15,65,724.7499999999998
2024-12-12,2024-12-06,2024-12-06 09:35:00+05:30,2024-12-12 15:14:00+05:30,PUT,PE,24693.85,24700,23950.0,23900.0,23850.0,41.75,36.8,32.55,0.1,0.1,0.15,65,1784.2499999999998
2024-12-19,2024-12-13,2024-12-13 09:35:00+05:30,2024-12-19 15:14:00+05:30,PUT,PE,24397.55,24400,23650.0,23600.0,23550.0,12.75,10.9,9.25,0.2,0.1,0.15,65,477.75
2025-01-02,2024-12-27,2024-12-27 09:35:00+05:30,2025-01-02 15:14:00+05:30,PUT,PE,23831.75,23850,23100.0,23050.0,23000.0,13.05,11.15,9.6,0.2,0.15,0.1,65,497.2499999999999
2025-01-09,2025-01-03,2025-01-03 09:35:00+05:30,2025-01-09 15:14:00+05:30,PUT,PE,24094.3,24100,23350.0,23300.0,23250.0,17.4,14.7,12.45,0.05,0.15,0.05,65,624.0
2025-01-16,2025-01-10,2025-01-10 09:35:00+05:30,2025-01-16 15:14:00+05:30,PUT,PE,23448.1,23450,22700.0,22650.0,22600.0,21.1,18.3,15.7,0.05,0.05,0.05,65,835.2499999999999
2025-01-23,2025-01-17,2025-01-17 09:35:00+05:30,2025-01-23 15:14:00+05:30,PUT,PE,23242.15,23250,22500.0,22450.0,22400.0,16.2,13.95,12.1,0.05,0.05,0.1,65,633.75
2025-02-06,2025-02-01,2025-02-01 09:35:00+05:30,2025-02-06 15:12:00+05:30,PUT,PE,23553.8,23550,22800.0,22750.0,22700.0,49.55,45.1,40.85,0.05,0.1,0.05,65,2359.5000000000005
2025-02-13,2025-02-07,2025-02-07 09:35:00+05:30,2025-02-13 15:14:00+05:30,PUT,PE,23602.6,23600,22850.0,22800.0,22750.0,18.65,15.85,13.4,0.05,0.05,0.05,65,685.75
2025-02-20,2025-02-14,2025-02-14 09:35:00+05:30,2025-02-20 15:14:00+05:30,PUT,PE,23008.7,23000,22250.0,22200.0,22150.0,13.35,11.1,9.35,0.05,0.1,0.05,65,455.0
2025-03-06,2025-02-28,2025-02-28 09:35:00+05:30,2025-03-06 15:14:00+05:30,PUT,PE,22276.0,22300,21550.0,21500.0,21450.0,7.3,6.4,5.5,0.05,0.05,0.05,65,295.75000000000006
2025-03-13,2025-03-07,2025-03-07 09:35:00+05:30,2025-03-13 15:14:00+05:30,PUT,PE,22539.75,22550,21800.0,21750.0,21700.0,8.6,7.2,6.2,0.05,0.05,0.05,65,308.7500000000001
2025-03-20,2025-03-13,2025-03-13 09:35:00+05:30,2025-03-20 15:14:00+05:30,PUT,PE,22476.75,22500,21750.0,21700.0,21650.0,9.2,7.9,6.9,0.1,0.15,0.1,65,354.25000000000006
2025-04-03,2025-03-27,2025-03-27 09:35:00+05:30,2025-04-03 15:14:00+05:30,PUT,PE,23522.4,23500,22750.0,22700.0,22650.0,18.0,15.7,14.05,0.05,0.05,0.05,65,760.5
2025-04-09,2025-04-03,2025-04-03 09:35:00+05:30,2025-04-09 15:14:00+05:30,PUT,PE,23270.3,23250,22500.0,22450.0,22400.0,17.45,14.9,13.05,100.1,50.0,0.6,65,3899.9999999999995
2025-04-17,2025-04-09,2025-04-09 09:35:00+05:30,2025-04-17 15:13:00+05:30,PUT,PE,22414.55,22400,21650.0,21600.0,21550.0,97.9,91.45,85.65,0.1,0.1,0.15,65,5138.25
2025-04-24,2025-04-17,2025-04-17 09:35:00+05:30,2025-04-24 15:12:00+05:30,PUT,PE,23324.75,23300,22550.0,22500.0,22450.0,26.05,23.55,21.1,0.15,0.1,0.15,65,1202.5
2025-05-08,2025-05-02,2025-05-02 09:35:00+05:30,2025-05-08 15:14:00+05:30,PUT,PE,24520.9,24500,23750.0,23700.0,23650.0,34.3,31.85,29.45,0.2,0.2,0.2,65,1742.0000000000005
2025-05-15,2025-05-09,2025-05-09 09:35:00+05:30,2025-05-15 15:14:00+05:30,PUT,PE,24050.35,24050,23300.0,23250.0,23200.0,121.95,117.45,112.55,0.1,0.1,0.1,65,7016.75
2025-05-22,2025-05-16,2025-05-16 09:35:00+05:30,2025-05-22 15:14:00+05:30,PUT,PE,25021.25,25000,24250.0,24200.0,24150.0,26.9,24.25,22.15,0.15,0.1,0.1,65,1264.2499999999998
2025-06-05,2025-05-30,2025-05-30 09:35:00+05:30,2025-06-05 15:14:00+05:30,PUT,PE,24814.1,24800,24050.0,24000.0,23950.0,18.55,15.65,13.45,0.05,0.05,0.05,65,682.4999999999999
2025-06-12,2025-06-06,2025-06-06 09:35:00+05:30,2025-06-12 15:14:00+05:30,PUT,PE,24712.65,24700,23950.0,23900.0,23850.0,14.65,12.6,11.0,0.05,0.05,0.05,65,578.4999999999999
2025-06-19,2025-06-13,2025-06-13 09:35:00+05:30,2025-06-19 15:14:00+05:30,PUT,PE,24593.8,24600,23850.0,23800.0,23750.0,33.3,29.9,27.25,0.05,0.05,0.1,65,1543.7499999999998
2025-07-03,2025-06-27,2025-06-27 09:35:00+05:30,2025-07-03 15:14:00+05:30,PUT,PE,25571.35,25550,24800.0,24750.0,24700.0,14.45,12.75,11.25,0.05,0.05,0.1,65,614.2500000000001
2025-07-10,2025-07-04,2025-07-04 09:35:00+05:30,2025-07-10 15:14:00+05:30,PUT,PE,25400.9,25400,24650.0,24600.0,24550.0,8.5,7.4,6.6,0.05,0.1,0.05,65,351.00000000000006
2025-07-17,2025-07-11,2025-07-11 09:35:00+05:30,2025-07-17 15:14:00+05:30,PUT,PE,25287.85,25300,24550.0,24500.0,24450.0,6.8,6.1,5.5,0.05,0.1,0.05,65,305.5
2025-07-24,2025-07-18,2025-07-18 09:35:00+05:30,2025-07-24 15:14:00+05:30,PUT,PE,25072.6,25050,24300.0,24250.0,24200.0,5.45,4.85,4.3,0.1,0.05,0.05,65,240.49999999999994
2025-08-07,2025-08-01,2025-08-01 09:35:00+05:30,2025-08-07 15:14:00+05:30,PUT,PE,24716.25,24700,23950.0,23900.0,23850.0,10.6,9.3,8.25,0.05,0.1,0.1,65,442.00000000000017
2025-08-14,2025-08-08,2025-08-08 09:35:00+05:30,2025-08-14 15:14:00+05:30,PUT,PE,24502.8,24500,23750.0,23700.0,23650.0,9.2,8.0,7.2,0.05,0.1,0.05,65,383.5000000000001
2025-08-21,2025-08-14,2025-08-14 09:35:00+05:30,2025-08-21 15:11:00+05:30,PUT,PE,24619.85,24600,23850.0,23800.0,23750.0,10.2,9.15,7.95,0.05,0.05,0.05,65,445.2500000000001
2025-09-02,2025-08-26,2025-08-26 09:35:00+05:30,2025-09-02 15:14:00+05:30,PUT,PE,24788.75,24800,24050.0,24000.0,23950.0,9.75,9.05,8.05,0.05,0.05,0.05,65,474.50000000000006
2025-09-09,2025-09-03,2025-09-03 09:35:00+05:30,2025-09-09 15:14:00+05:30,PUT,PE,24588.4,24600,23850.0,23800.0,23750.0,5.65,5.0,4.4,0.05,0.05,0.05,65,240.5
2025-09-16,2025-09-10,2025-09-10 09:35:00+05:30,2025-09-16 15:14:00+05:30,PUT,PE,24988.45,25000,24250.0,24200.0,24150.0,6.55,5.95,5.45,0.05,0.05,0.05,65,312.00000000000006
2025-09-23,2025-09-17,2025-09-17 09:35:00+05:30,2025-09-23 15:14:00+05:30,PUT,PE,25319.55,25300,24550.0,24500.0,24450.0,6.0,5.55,5.2,0.05,0.05,0.1,65,302.25
2025-10-07,2025-09-30,2025-09-30 09:35:00+05:30,2025-10-07 15:14:00+05:30,PUT,PE,24666.5,24650,23900.0,23850.0,23800.0,11.75,10.5,9.55,0.05,0.05,0.05,65,536.25
2025-10-14,2025-10-07,2025-10-07 09:35:00+05:30,2025-10-14 15:14:00+05:30,PUT,PE,25118.5,25100,24350.0,24300.0,24250.0,8.7,7.95,7.3,0.1,0.05,0.1,65,422.50000000000006
2025-11-04,2025-10-29,2025-10-29 09:35:00+05:30,2025-11-04 15:14:00+05:30,PUT,PE,25980.8,26000,25250.0,25200.0,25150.0,8.55,7.55,6.8,0.1,0.05,0.05,65,376.99999999999994
2025-11-11,2025-11-04,2025-11-04 09:35:00+05:30,2025-11-11 15:14:00+05:30,PUT,PE,25698.6,25700,24950.0,24900.0,24850.0,10.0,8.5,7.45,0.1,0.05,0.1,65,383.49999999999994
2025-11-18,2025-11-12,2025-11-12 09:35:00+05:30,2025-11-18 15:14:00+05:30,PUT,PE,25790.25,25800,25050.0,25000.0,24950.0,9.6,8.7,7.95,0.1,0.05,0.05,65,458.24999999999994
2025-12-02,2025-11-26,2025-11-26 09:35:00+05:30,2025-12-02 15:14:00+05:30,PUT,PE,26012.1,26000,25250.0,25200.0,25150.0,5.35,4.85,4.5,0.05,0.05,0.1,65,253.50000000000003
2025-12-09,2025-12-03,2025-12-03 09:35:00+05:30,2025-12-09 15:14:00+05:30,PUT,PE,25935.5,25950,25200.0,25150.0,25100.0,6.2,5.55,4.9,0.05,0.05,0.05,65,273.0
2025-12-16,2025-12-10,2025-12-10 09:35:00+05:30,2025-12-16 15:14:00+05:30,PUT,PE,25905.0,25900,25150.0,25100.0,25050.0,6.35,5.8,5.4,0.05,0.1,0.05,65,308.75000000000006
2025-12-23,2025-12-17,2025-12-17 09:35:00+05:30,2025-12-23 15:14:00+05:30,PUT,PE,25926.05,25950,25200.0,25150.0,25100.0,5.7,5.3,4.95,0.05,0.05,0.05,65,292.5
2026-01-06,2025-12-31,2025-12-31 09:35:00+05:30,2026-01-06 15:12:00+05:30,PUT,PE,25996.45,26000,25250.0,25200.0,25150.0,3.75,3.4,3.15,0.05,0.05,0.05,65,178.75
2026-01-13,2026-01-07,2026-01-07 09:35:00+05:30,2026-01-13 15:14:00+05:30,PUT,PE,26131.9,26150,25400.0,25350.0,25300.0,3.85,3.5,3.2,0.1,0.05,0.1,65,182.00000000000003
2026-01-20,2026-01-13,2026-01-13 09:35:00+05:30,2026-01-20 15:14:00+05:30,PUT,PE,25738.7,25750,25000.0,24950.0,24900.0,17.0,15.0,13.5,0.25,0.25,0.2,65,734.5
2026-02-03,2026-01-29,2026-01-29 09:35:00+05:30,2026-02-03 15:14:00+05:30,PUT,PE,25261.5,25250,24500.0,24450.0,24400.0,25.85,23.0,20.7,0.15,0.1,0.1,65,1156.9999999999995
2026-02-10,2026-02-04,2026-02-04 09:35:00+05:30,2026-02-10 15:14:00+05:30,PUT,PE,25760.95,25750,25000.0,24950.0,24900.0,22.2,20.05,18.5,0.05,0.05,0.05,65,1059.5
2026-02-17,2026-02-11,2026-02-11 09:35:00+05:30,2026-02-17 15:14:00+05:30,PUT,PE,25953.0,25950,25200.0,25150.0,25100.0,9.9,9.35,8.75,0.05,0.05,0.05,65,529.7499999999999
2026-03-02,2026-02-24,2026-02-24 09:35:00+05:30,2026-03-02 15:14:00+05:30,PUT,PE,25513.7,25500,24750.0,24700.0,24650.0,24.7,22.1,19.95,0.15,0.15,0.1,65,1121.25
2026-03-10,2026-03-04,2026-03-04 09:35:00+05:30,2026-03-10 15:14:00+05:30,PUT,PE,24324.5,24300,23550.0,23500.0,23450.0,112.4,105.3,99.5,0.1,0.05,0.05,65,6005.999999999999
2026-03-17,2026-03-11,2026-03-11 09:35:00+05:30,2026-03-17 15:14:00+05:30,PUT,PE,24215.4,24200,23450.0,23400.0,23350.0,63.15,58.25,53.6,0.05,0.15,0.15,65,3149.25
2026-03-24,2026-03-18,2026-03-18 09:35:00+05:30,2026-03-24 15:14:00+05:30,PUT,PE,23724.9,23700,22950.0,22900.0,22850.0,53.85,49.7,46.05,43.95,2.55,0.2,65,5401.5
2026-04-07,2026-03-30,2026-03-30 09:35:00+05:30,2026-04-07 15:14:00+05:30,PUT,PE,22668.0,22650,21900.0,21850.0,21800.0,191.3,180.35,170.35,0.05,0.05,0.05,65,10357.749999999998
2026-04-13,2026-04-07,2026-04-07 09:35:00+05:30,2026-04-13 15:11:00+05:30,PUT,PE,22841.05,22850,22100.0,22050.0,22000.0,123.55,114.0,104.55,0.05,0.05,0.05,65,6171.75
2026-04-21,2026-04-15,2026-04-15 09:35:00+05:30,2026-04-21 15:14:00+05:30,PUT,PE,24171.5,24150,23400.0,23350.0,23300.0,43.05,38.7,34.6,0.05,0.05,0.05,65,1963.0000000000007
2026-05-05,2026-04-28,2026-04-28 09:35:00+05:30,2026-05-05 15:14:00+05:30,PUT,PE,24094.7,24100,23350.0,23300.0,23250.0,34.1,29.4,25.55,0.05,0.05,0.1,65,1348.7499999999995
2026-05-12,2026-05-06,2026-05-06 09:35:00+05:30,2026-05-12 15:14:00+05:30,PUT,PE,24158.8,24150,23400.0,23350.0,23300.0,19.6,16.95,14.6,33.45,0.9,0.3,65,2873.0
2026-05-19,2026-05-13,2026-05-13 09:35:00+05:30,2026-05-19 15:14:00+05:30,PUT,PE,23315.7,23300,22550.0,22500.0,22450.0,38.65,34.55,31.15,0.05,0.05,0.05,65,1754.9999999999998
2026-07-07,2026-06-29,2026-06-29 09:35:00+05:30,2026-07-02 15:29:00+05:30,PUT,PE,24006.15,24000,23250.0,23200.0,23150.0,14.8,12.75,11.1,2.9,2.55,2.3,65,461.5
