strategy,split,trades,net,net50,net20,net20_50,mean,win_rate
TT02,DEV,130,-23155.410022775133,-36877.49003416263,-46000.21002277511,-71144.69003416262,-178.11853863673178,0.47692307692307695
TT02,VAL,97,26298.555837157448,13187.20875573621,8692.955837157459,-13221.191244263802,271.11913234182936,0.5876288659793815
TT02,HOLD,20,-6530.568246715501,-8536.477370073248,-9905.368246715501,-13598.677370073248,-326.52841233577504,0.45
TT03,DEV,121,50041.36932597501,45548.9289889625,41474.569325975,32698.7289889625,413.56503575185957,0.6776859504132231
TT03,VAL,76,33425.997485932494,30446.496228898748,28045.197485932502,22375.29622889875,439.81575639384863,0.8421052631578947
TT03,HOLD,3,6201.788113411,6078.682170116501,5989.388113411001,5760.0821701165005,2067.2627044703336,1.0
TT04,DEV,634,19111.027358574825,-2384.08396213767,-10813.77264142517,-47271.28396213767,30.143576275354615,0.6545741324921136
TT04,VAL,484,42927.981363772305,24962.597045658556,20083.181363772295,-9304.602954341452,88.69417637143039,0.6322314049586777
TT04,HOLD,96,-6456.294614748596,-11148.566922122847,-10987.494614748584,-17945.366922122852,-67.25306890363122,0.6041666666666666
TT05,DEV,632,12772.958021349834,-8691.812967975187,-17057.441978650175,-53437.41296797518,20.210376616059865,0.6471518987341772
TT05,VAL,474,79809.61329243226,62203.79493864852,57436.81329243227,28644.594938648508,168.37471158740982,0.5928270042194093
TT05,HOLD,78,-40244.680782598574,-44082.89617389783,-43926.280782598595,-49605.29617389782,-515.957445930751,0.44871794871794873
