n_regime,n_complement,mean_diff,ci_lo,ci_hi,p_perm,strategy,vix_mode,inference_sample,holdout_excluded,vix_level_mismatch_rows,regime_cost50_mean,complement_cost50_mean,regime_current20_mean,complement_current20_mean,regime_current20_stress_mean,complement_current20_stress_mean,p_holm,robust_positive
130,97,-379.1586918011632,-1982.1405817220443,1368.8141405061383,0.634936506349365,TT02,LOW,DEV+VAL,True,0,-260.7064587127898,105.17070468284801,-325.89904939827056,52.16105398100536,-527.2956894820205,-163.06640871921383,1.0,False
91,136,580.082821359371,-1240.5193938807938,2231.7616796544253,0.47505249475052497,TT02,NORMAL,DEV+VAL,True,0,234.53638715101653,-331.1256802144774,182.18066835708808,-396.21834563318146,-34.27020625557686,-597.4065625674185,1.0,False
6,221,,,,,TT02,HIGH,DEV+VAL,True,0,-1856.8754794177078,-56.78293394534006,-1919.803097389583,-116.68975385194646,-2116.475479417708,-324.285196388779,1.0,False
2,225,,,,,TT02,SPIKE,DEV+VAL,True,0,-1262.007320925,-94.07229616256188,-1334.0382139500002,-153.95190114541185,-1509.8073209249999,-361.5389628292285,1.0,False
15,212,-1061.1150571857402,-4791.046544173829,2086.119429713327,0.43495650434956507,TT02,FALLING,DEV+VAL,True,0,-1077.184630529333,-35.53071613436995,-1151.790864797333,-94.48297742291344,-1339.144630529333,-303.2014708513512,1.0,False
8,219,,,,,TT02,RISING,DEV+VAL,True,0,57.345942034687596,-110.26962929088555,-18.806871976874845,-169.66574981645053,-199.3040579653125,-377.95182107170746,1.0,False
0,227,,,,,TT02,HIGH_RISING,DEV+VAL,True,0,,-104.36247259218693,,-164.34913738157556,,-371.65586466267143,1.0,False
108,89,-704.3134323298282,-1164.478960502632,-235.72032765539925,0.0008999100089991,TT03,LOW,DEV+VAL,True,0,68.56806877221061,770.6749864096912,34.699854490115705,739.0132868199439,-37.63193122778939,664.474986409691,0.0251974802519748,False
84,113,660.7147730199639,214.65605138925307,1122.185802498466,0.0025997400259974,TT03,NORMAL,DEV+VAL,True,0,763.820448486741,104.73015526526544,731.8808942292562,71.16612120929199,657.6204484867411,-1.469844734734572,0.07019298070192981,False
5,192,,,,,TT03,HIGH,DEV+VAL,True,0,885.8312235152496,372.74098489731773,858.8374823434997,339.71655937598956,779.6312235152498,266.5409848973177,1.0,False
2,195,,,,,TT03,SPIKE,DEV+VAL,True,0,2436.7844199625006,364.72746860480135,2405.8062799750005,331.8366884715769,2330.5844199625003,258.52746860480124,1.0,False
12,185,719.5700045466106,29.058355749492826,1566.3973499495612,0.13158684131586842,TT03,FALLING,DEV+VAL,True,0,1061.3854030264583,341.93946152185816,1028.6305464620834,309.060541915473,955.1854030264584,235.73946152185806,1.0,False
8,189,,,,,TT03,RISING,DEV+VAL,True,0,978.9175199081252,360.65653470156747,946.6554299387502,327.7593829227381,872.7175199081253,254.45653470156742,1.0,False
0,197,,,,,TT03,HIGH_RISING,DEV+VAL,True,0,,385.76357978609775,,352.8922173193275,,279.5635797860977,1.0,False
590,528,-0.8301617361790079,-251.94147815365378,253.93374020249988,0.9951004899510049,TT04,LOW,DEV+VAL,True,0,21.295747541304898,18.96595082225565,7.899001185728591,8.729162921907642,-49.50425245869511,-51.83404917774433,1.0,False
491,627,134.84763122543865,-125.2357155766124,391.9440232295044,0.28177182281771823,TT04,NORMAL,DEV+VAL,True,0,94.44236550077345,-37.94687141524541,83.91670259454125,-50.93092863089739,23.642365500773437,-108.74687141524542,1.0,False
37,1081,-1031.4567398083698,-1963.035856282182,-162.78378942980453,0.0044995500449955,TT04,HIGH,DEV+VAL,True,0,-982.6264709926694,54.51960454232159,-989.0298094906086,42.426930317761,-1053.4264709926697,-16.280395457678406,0.116988301169883,False
20,1098,-306.7624986158896,-1828.7394635231403,1046.0528644110307,0.49795020497950204,TT04,SPIKE,DEV+VAL,True,0,-282.98810119575046,25.717919041380586,-292.9837341305007,13.778764485389004,-353.7881011957505,-45.08208095861942,1.0,False
53,1065,665.6876390174051,-87.53177303089927,1476.2505978852698,0.020997900209979003,TT04,FALLING,DEV+VAL,True,0,651.424513449434,-11.217827351454568,642.4210592807544,-23.266579736650584,580.6245134494337,-82.01782735145457,0.503949605039496,False
60,1058,253.30727125474863,-549.5221343950117,1050.07206612359,0.35836416358364165,TT04,RISING,DEV+VAL,True,0,258.58728986118695,6.676063980954321,248.00402657412445,-5.30324468062413,187.78728986118702,-64.1239360190457,1.0,False
13,1105,-869.3341131706493,-2744.5576287086024,658.0233928429568,0.12718728127187282,TT04,HIGH_RISING,DEV+VAL,True,0,-843.3421551850005,30.3547159284397,-850.9345137130774,18.399599457572055,-914.1421551850003,-40.44528407156029,1.0,False
579,527,-214.24139700584016,-456.6208868292664,32.02479092641822,0.0810918908109189,TT05,LOW,DEV+VAL,True,0,-52.17267698697125,158.86140786741876,-65.57490498037585,148.66649202546432,-122.97267698697125,88.0614078674188,1.0,False
489,617,309.4998222057616,57.542254056105,565.112154215838,0.014098590140985901,TT05,NORMAL,DEV+VAL,True,0,219.66448964822794,-87.364592329514,209.16886221947286,-100.3309599862887,148.86448964822796,-158.16459232951397,0.3524647535246475,False
38,1068,-690.1241786069364,-1395.6709079606733,33.8021716097613,0.047795220477952205,TT05,HIGH,DEV+VAL,True,0,-623.5782497856258,72.29209312970704,-629.9034823132243,60.22069629371218,-694.3782497856256,1.4920931297070323,1.0,False
20,1086,211.4655689969568,-749.1964743352684,1158.4058399150103,0.642935706429357,TT05,SPIKE,DEV+VAL,True,0,253.9014637131247,44.598483145866346,244.15097580874968,32.68540681179291,183.1014637131247,-26.201516854133647,1.0,False
52,1054,539.397991500305,-316.13369790015724,1473.682665623965,0.0704929507049295,TT05,FALLING,DEV+VAL,True,0,559.78138457536,23.153083465611605,550.5468845887012,11.14889308839622,488.98138457536,-47.64691653438841,1.0,False
59,1047,586.1389186356648,-129.11203284344415,1377.8669715674641,0.0344965503449655,TT05,RISING,DEV+VAL,True,0,601.8114091487284,17.196856572013722,591.3804874550842,5.241568819419409,531.0114091487284,-53.603143427986254,0.7934206579342066,False
13,1093,-347.8378311262205,-1613.712626515571,1047.4758043219078,0.5331466853314668,TT05,HIGH_RISING,DEV+VAL,True,0,-299.6753006739427,52.52311150908931,-307.23994403903896,40.5978870871817,-370.4753006739427,-18.276888490910704,1.0,False
