mode,skip_threshold,reverse_threshold,eligible_training,trades,net_pnl,control_net_pnl,uplift,win_count,winner_retention,control_winners,losses,profit_factor,max_dd,worst_trade,cvar5,skip_count,reverse_count,canonical_count,losing_pnl_removed,winner_pnl_sacrificed,top_trade_uplift_share
combined,0.55,0.55,True,98,83302.50588355002,63931.741976649995,19370.76390690003,95,0.96875,96,0,inf,0.0,0.0,26.54292041000001,3,13,82,25783.9651661,89138.5029806,1.0183903365252973
combined,0.55,0.6,True,98,83591.7912695,63931.741976649995,19660.049292850003,95,0.96875,96,0,inf,0.0,0.0,26.54292041000001,3,9,86,25783.9651661,89138.5029806,1.003405356723818
combined,0.55,0.65,True,98,83506.65624445,63931.741976649995,19574.914267800006,94,0.9583333333333334,96,0,inf,0.0,0.0,9.515915399999999,4,8,86,25783.9651661,89138.5029806,1.0077693574551265
combined,0.55,0.7,True,98,83721.8890029,63931.741976649995,19790.147026250008,94,0.9583333333333334,96,0,inf,0.0,0.0,13.5744396,4,6,88,25783.9651661,89138.5029806,0.9968091064575597
combined,0.55,0.75,True,98,83721.8890029,63931.741976649995,19790.147026250008,94,0.9583333333333334,96,0,inf,0.0,0.0,13.5744396,4,6,88,25783.9651661,89138.5029806,0.9968091064575597
combined,0.55,0.8,True,98,83721.8890029,63931.741976649995,19790.147026250008,94,0.9583333333333334,96,0,inf,0.0,0.0,13.5744396,4,6,88,25783.9651661,89138.5029806,0.9968091064575597
combined,0.6,0.55,True,98,84393.12828580002,63931.741976649995,20461.386309150024,96,0.9791666666666666,96,0,inf,0.0,0.0,47.67805834000001,2,13,83,25783.9651661,89138.5029806,0.9641086129671667
combined,0.6,0.6,True,98,84682.41367175001,63931.741976649995,20750.671695100013,96,0.9791666666666666,96,0,inf,0.0,0.0,47.67805834000001,2,9,87,25783.9651661,89138.5029806,0.9506679621632809
combined,0.6,0.65,True,98,84597.27864670001,63931.741976649995,20665.536670050016,95,0.96875,96,0,inf,0.0,0.0,30.651053329999996,3,8,87,25783.9651661,89138.5029806,0.9545843927919757
combined,0.6,0.7,True,98,84812.51140515001,63931.741976649995,20880.769428500018,95,0.96875,96,0,inf,0.0,0.0,34.709577530000004,3,6,89,25783.9651661,89138.5029806,0.9447448208960517
combined,0.6,0.75,True,98,84812.51140515001,63931.741976649995,20880.769428500018,95,0.96875,96,0,inf,0.0,0.0,34.709577530000004,3,6,89,25783.9651661,89138.5029806,0.9447448208960517
combined,0.6,0.8,True,98,84812.51140515001,63931.741976649995,20880.769428500018,95,0.96875,96,0,inf,0.0,0.0,34.709577530000004,3,6,89,25783.9651661,89138.5029806,0.9447448208960517
combined,0.65,0.55,True,98,84393.12828580002,63931.741976649995,20461.386309150024,96,0.9791666666666666,96,0,inf,0.0,0.0,47.67805834000001,2,13,83,25783.9651661,89138.5029806,0.9641086129671667
combined,0.65,0.6,True,98,84682.41367175001,63931.741976649995,20750.671695100013,96,0.9791666666666666,96,0,inf,0.0,0.0,47.67805834000001,2,9,87,25783.9651661,89138.5029806,0.9506679621632809
combined,0.65,0.65,True,98,85112.85252155001,63931.741976649995,21181.110544900017,96,0.9791666666666666,96,0,inf,0.0,0.0,51.79262201999999,2,8,88,25783.9651661,89138.5029806,0.9313486529463331
combined,0.65,0.7,True,98,85328.08528000001,63931.741976649995,21396.34330335002,96,0.9791666666666666,96,0,inf,0.0,0.0,55.85114621999999,2,6,90,25783.9651661,89138.5029806,0.9219799147086667
combined,0.65,0.75,True,98,85328.08528000001,63931.741976649995,21396.34330335002,96,0.9791666666666666,96,0,inf,0.0,0.0,55.85114621999999,2,6,90,25783.9651661,89138.5029806,0.9219799147086667
combined,0.65,0.8,True,98,85328.08528000001,63931.741976649995,21396.34330335002,96,0.9791666666666666,96,0,inf,0.0,0.0,55.85114621999999,2,6,90,25783.9651661,89138.5029806,0.9219799147086667
combined,0.7,0.55,True,98,84393.12828580002,63931.741976649995,20461.386309150024,96,0.9791666666666666,96,0,inf,0.0,0.0,47.67805834000001,2,13,83,25783.9651661,89138.5029806,0.9641086129671667
combined,0.7,0.6,True,98,84682.41367175001,63931.741976649995,20750.671695100013,96,0.9791666666666666,96,0,inf,0.0,0.0,47.67805834000001,2,9,87,25783.9651661,89138.5029806,0.9506679621632809
combined,0.7,0.65,True,98,85112.85252155001,63931.741976649995,21181.110544900017,96,0.9791666666666666,96,0,inf,0.0,0.0,51.79262201999999,2,8,88,25783.9651661,89138.5029806,0.9313486529463331
combined,0.7,0.7,True,98,85328.08528000001,63931.741976649995,21396.34330335002,96,0.9791666666666666,96,0,inf,0.0,0.0,55.85114621999999,2,6,90,25783.9651661,89138.5029806,0.9219799147086667
combined,0.7,0.75,True,98,85328.08528000001,63931.741976649995,21396.34330335002,96,0.9791666666666666,96,0,inf,0.0,0.0,55.85114621999999,2,6,90,25783.9651661,89138.5029806,0.9219799147086667
combined,0.7,0.8,True,98,85328.08528000001,63931.741976649995,21396.34330335002,96,0.9791666666666666,96,0,inf,0.0,0.0,55.85114621999999,2,6,90,25783.9651661,89138.5029806,0.9219799147086667
combined,0.75,0.55,True,98,84393.12828580002,63931.741976649995,20461.386309150024,96,0.9791666666666666,96,0,inf,0.0,0.0,47.67805834000001,2,13,83,25783.9651661,89138.5029806,0.9641086129671667
combined,0.75,0.6,True,98,84682.41367175001,63931.741976649995,20750.671695100013,96,0.9791666666666666,96,0,inf,0.0,0.0,47.67805834000001,2,9,87,25783.9651661,89138.5029806,0.9506679621632809
combined,0.75,0.65,True,98,85112.85252155001,63931.741976649995,21181.110544900017,96,0.9791666666666666,96,0,inf,0.0,0.0,51.79262201999999,2,8,88,25783.9651661,89138.5029806,0.9313486529463331
combined,0.75,0.7,True,98,85328.08528000001,63931.741976649995,21396.34330335002,96,0.9791666666666666,96,0,inf,0.0,0.0,55.85114621999999,2,6,90,25783.9651661,89138.5029806,0.9219799147086667
combined,0.75,0.75,True,98,85328.08528000001,63931.741976649995,21396.34330335002,96,0.9791666666666666,96,0,inf,0.0,0.0,55.85114621999999,2,6,90,25783.9651661,89138.5029806,0.9219799147086667
combined,0.75,0.8,True,98,85328.08528000001,63931.741976649995,21396.34330335002,96,0.9791666666666666,96,0,inf,0.0,0.0,55.85114621999999,2,6,90,25783.9651661,89138.5029806,0.9219799147086667
combined,0.8,0.55,True,98,86349.38995685002,63931.741976649995,22417.647980200025,97,0.9895833333333334,96,0,inf,0.0,0.0,68.81962702999999,1,13,84,25783.9651661,89138.5029806,0.8799762932901575
combined,0.8,0.6,True,98,86638.6753428,63931.741976649995,22706.93336615,97,0.9895833333333334,96,0,inf,0.0,0.0,68.81962702999999,1,9,88,25783.9651661,89138.5029806,0.8687654319410526
combined,0.8,0.65,True,98,87069.1141926,63931.741976649995,23137.372215950003,97,0.9895833333333334,96,0,inf,0.0,0.0,73.38672993999998,1,8,89,25783.9651661,89138.5029806,0.852603251128967
combined,0.8,0.7,True,98,87284.34695105,63931.741976649995,23352.604974400005,97,0.9895833333333334,96,0,inf,0.0,0.0,77.44525414,1,6,91,25783.9651661,89138.5029806,0.8447451064035671
combined,0.8,0.75,True,98,87284.34695105,63931.741976649995,23352.604974400005,97,0.9895833333333334,96,0,inf,0.0,0.0,77.44525414,1,6,91,25783.9651661,89138.5029806,0.8447451064035671
combined,0.8,0.8,True,98,87284.34695105,63931.741976649995,23352.604974400005,97,0.9895833333333334,96,0,inf,0.0,0.0,77.44525414,1,6,91,25783.9651661,89138.5029806,0.8447451064035671
skip_only,0.55,,False,98,77030.15286645001,63931.741976649995,13098.410889800012,89,0.9270833333333334,96,0,inf,0.0,0.0,0.0,9,0,89,25783.9651661,89715.70714275,1.4474021351982083
skip_only,0.6,,False,98,78120.7752687,63931.741976649995,14189.033292050008,90,0.9375,96,0,inf,0.0,0.0,0.0,8,0,90,25783.9651661,89715.70714275,1.3361493696841473
skip_only,0.65,,False,98,78636.34914355,63931.741976649995,14704.607166900008,91,0.9479166666666666,96,0,inf,0.0,0.0,0.0,7,0,91,25783.9651661,89715.70714275,1.2893012152188505
skip_only,0.7,,False,98,78636.34914355,63931.741976649995,14704.607166900008,91,0.9479166666666666,96,0,inf,0.0,0.0,0.0,7,0,91,25783.9651661,89715.70714275,1.2893012152188505
skip_only,0.75,,False,98,78636.34914355,63931.741976649995,14704.607166900008,91,0.9479166666666666,96,0,inf,0.0,0.0,0.0,7,0,91,25783.9651661,89715.70714275,1.2893012152188505
skip_only,0.8,,True,98,81625.27490620001,63931.741976649995,17693.532929550012,93,0.96875,96,0,inf,0.0,0.0,0.0,5,0,93,25783.9651661,89715.70714275,1.0715026764347941
reverse_only,,0.55,True,98,87997.0254115,63931.741976649995,24065.283434850004,98,1.0,96,0,inf,0.0,47.57957699999999,90.41373495,0,13,85,25783.9651661,89138.5029806,0.8197285033980718
reverse_only,,0.6,True,98,88286.31079745,63931.741976649995,24354.568820800007,98,1.0,96,0,inf,0.0,47.57957699999999,90.41373495,0,9,89,25783.9651661,89138.5029806,0.8099917070612299
reverse_only,,0.65,True,98,88716.74964725,63931.741976649995,24785.00767060001,98,1.0,96,0,inf,0.0,47.57957699999999,95.53443188999998,0,8,90,25783.9651661,89138.5029806,0.7959246588130041
reverse_only,,0.7,True,98,88931.98240570001,63931.741976649995,25000.240429050013,98,1.0,96,0,inf,0.0,67.872198,99.59295608999999,0,6,92,25783.9651661,89138.5029806,0.7890723623192616
reverse_only,,0.75,True,98,88931.98240570001,63931.741976649995,25000.240429050013,98,1.0,96,0,inf,0.0,67.872198,99.59295608999999,0,6,92,25783.9651661,89138.5029806,0.7890723623192616
reverse_only,,0.8,True,98,88931.98240570001,63931.741976649995,25000.240429050013,98,1.0,96,0,inf,0.0,67.872198,99.59295608999999,0,6,92,25783.9651661,89138.5029806,0.7890723623192616
