rank,model,margin,gate,development_uplift,validation_uplift,development_overrides,validation_overrides,validation_override_rate,validation_policy_dd,validation_control_dd,split,control_net_rupees,policy_net_rupees,uplift_rupees,overrides,override_rate,policy_max_drawdown_rupees,control_max_drawdown_rupees,boot_n,boot_mean,boot_total,boot_ci_mean_low,boot_ci_mean_high,boot_ci_total_low,boot_ci_total_high,boot_p_one_sided,boot_positive_expiry_share
1,SPLINE_RIDGE_VIX,0.0,ALL,0.0,0.0,0,0,0.0,32021.645578619973,32021.645578619973,development,17657.14692755023,17657.14692755023,0.0,0,0.0,94492.82573569984,94492.82573569984,135,0.0,0.0,0.0,0.0,0.0,0.0,1.0,0.0
1,SPLINE_RIDGE_VIX,0.0,ALL,0.0,0.0,0,0,0.0,32021.645578619973,32021.645578619973,validation,63948.222105380155,63948.222105380155,0.0,0,0.0,32021.645578619973,32021.645578619973,82,0.0,0.0,0.0,0.0,0.0,0.0,1.0,0.0
1,SPLINE_RIDGE_VIX,0.0,ALL,0.0,0.0,0,0,0.0,32021.645578619973,32021.645578619973,holdout,-275.6468036679098,-275.6468036679098,0.0,0,0.0,37326.62801647292,37326.62801647292,20,0.0,0.0,0.0,0.0,0.0,0.0,1.0,0.0
2,SPLINE_RIDGE_VIX,0.0,HIGH_VIX,0.0,0.0,0,0,0.0,32021.645578619973,32021.645578619973,development,17657.14692755023,17657.14692755023,0.0,0,0.0,94492.82573569984,94492.82573569984,135,0.0,0.0,0.0,0.0,0.0,0.0,1.0,0.0
2,SPLINE_RIDGE_VIX,0.0,HIGH_VIX,0.0,0.0,0,0,0.0,32021.645578619973,32021.645578619973,validation,63948.222105380155,63948.222105380155,0.0,0,0.0,32021.645578619973,32021.645578619973,82,0.0,0.0,0.0,0.0,0.0,0.0,1.0,0.0
2,SPLINE_RIDGE_VIX,0.0,HIGH_VIX,0.0,0.0,0,0,0.0,32021.645578619973,32021.645578619973,holdout,-275.6468036679098,-275.6468036679098,0.0,0,0.0,37326.62801647292,37326.62801647292,20,0.0,0.0,0.0,0.0,0.0,0.0,1.0,0.0
3,SPLINE_RIDGE_VIX,0.0,HIGH_VIX_RISING,0.0,0.0,0,0,0.0,32021.645578619973,32021.645578619973,development,17657.14692755023,17657.14692755023,0.0,0,0.0,94492.82573569984,94492.82573569984,135,0.0,0.0,0.0,0.0,0.0,0.0,1.0,0.0
3,SPLINE_RIDGE_VIX,0.0,HIGH_VIX_RISING,0.0,0.0,0,0,0.0,32021.645578619973,32021.645578619973,validation,63948.222105380155,63948.222105380155,0.0,0,0.0,32021.645578619973,32021.645578619973,82,0.0,0.0,0.0,0.0,0.0,0.0,1.0,0.0
3,SPLINE_RIDGE_VIX,0.0,HIGH_VIX_RISING,0.0,0.0,0,0,0.0,32021.645578619973,32021.645578619973,holdout,-275.6468036679098,-275.6468036679098,0.0,0,0.0,37326.62801647292,37326.62801647292,20,0.0,0.0,0.0,0.0,0.0,0.0,1.0,0.0
