requirement,description,status,evidence,consequence
timestamp,Timestamp for each observation and decision time,BLOCKED,No qualifying point-in-time exact-contract training matrix is present in the registered Phase 89/85 evidence artifacts checked by this phase.,Do not fit paper-exact ML model or claim executable options P&L.
underlying,Underlying instrument identity,BLOCKED,No qualifying point-in-time exact-contract training matrix is present in the registered Phase 89/85 evidence artifacts checked by this phase.,Do not fit paper-exact ML model or claim executable options P&L.
expiry,Contract expiry,BLOCKED,No qualifying point-in-time exact-contract training matrix is present in the registered Phase 89/85 evidence artifacts checked by this phase.,Do not fit paper-exact ML model or claim executable options P&L.
strike,Exact strike,BLOCKED,No qualifying point-in-time exact-contract training matrix is present in the registered Phase 89/85 evidence artifacts checked by this phase.,Do not fit paper-exact ML model or claim executable options P&L.
right,Call/put,BLOCKED,No qualifying point-in-time exact-contract training matrix is present in the registered Phase 89/85 evidence artifacts checked by this phase.,Do not fit paper-exact ML model or claim executable options P&L.
contract_id,Stable exact-contract identifier,BLOCKED,No qualifying point-in-time exact-contract training matrix is present in the registered Phase 89/85 evidence artifacts checked by this phase.,Do not fit paper-exact ML model or claim executable options P&L.
iv,Point-in-time implied volatility,BLOCKED,No qualifying point-in-time exact-contract training matrix is present in the registered Phase 89/85 evidence artifacts checked by this phase.,Do not fit paper-exact ML model or claim executable options P&L.
greeks,Point-in-time Greeks or reproducible inputs,BLOCKED,No qualifying point-in-time exact-contract training matrix is present in the registered Phase 89/85 evidence artifacts checked by this phase.,Do not fit paper-exact ML model or claim executable options P&L.
underlying_context,Time-aligned underlying price/features,BLOCKED,No qualifying point-in-time exact-contract training matrix is present in the registered Phase 89/85 evidence artifacts checked by this phase.,Do not fit paper-exact ML model or claim executable options P&L.
label_rule,Paper-faithful label definition and horizon,BLOCKED,No qualifying point-in-time exact-contract training matrix is present in the registered Phase 89/85 evidence artifacts checked by this phase.,Do not fit paper-exact ML model or claim executable options P&L.
bid_ask_or_fill,Contemporaneous bid/ask or validated fill assumptions,BLOCKED,No qualifying point-in-time exact-contract training matrix is present in the registered Phase 89/85 evidence artifacts checked by this phase.,Do not fit paper-exact ML model or claim executable options P&L.
source_provenance,"Source, collection date, licensing and completeness",BLOCKED,No qualifying point-in-time exact-contract training matrix is present in the registered Phase 89/85 evidence artifacts checked by this phase.,Do not fit paper-exact ML model or claim executable options P&L.
paytm_cost_model,Verified brokerage/levies and slippage stress model,BLOCKED,No qualifying point-in-time exact-contract training matrix is present in the registered Phase 89/85 evidence artifacts checked by this phase.,Do not fit paper-exact ML model or claim executable options P&L.
