expiry,entry_ts,spot_entry,atm,x_call_direction,x_put_direction,direction
2021-06-03,2021-05-27 10:00:00+05:30,15309.3,15300,8.049999999999997,20.75,BULLISH
2021-06-10,2021-06-03 10:00:00+05:30,15650.25,15650,6.800000000000001,14.200000000000003,BULLISH
2021-06-17,2021-06-10 10:00:00+05:30,15705.05,15700,3.5500000000000007,14.75,BULLISH
2021-07-01,2021-06-24 10:00:00+05:30,15746.75,15750,5.350000000000001,20.050000000000004,BULLISH
2021-07-08,2021-07-01 10:00:00+05:30,15729.6,15750,3.6500000000000004,7.349999999999998,BULLISH
2021-07-15,2021-07-08 10:00:00+05:30,15850.1,15850,2.2499999999999982,8.95,BULLISH
2021-07-22,2021-07-14 10:00:00+05:30,15767.1,15750,2.599999999999998,12.5,BULLISH
2021-08-05,2021-07-29 10:00:00+05:30,15758.45,15750,2.75,8.3,BULLISH
2021-08-12,2021-08-05 10:00:00+05:30,16253.3,16250,3.6499999999999986,18.849999999999994,BULLISH
2021-08-18,2021-08-11 10:00:00+05:30,16227.5,16250,4.349999999999998,15.25,BULLISH
2021-09-02,2021-08-26 10:00:00+05:30,16669.4,16650,3.25,14.250000000000004,BULLISH
2021-09-09,2021-09-02 10:00:00+05:30,17121.65,17100,7.5,15.8,BULLISH
2021-09-16,2021-09-08 10:00:00+05:30,17373.55,17350,10.600000000000001,16.6,BULLISH
2021-09-23,2021-09-16 10:00:00+05:30,17512.8,17500,4.900000000000002,13.250000000000007,BULLISH
2021-10-07,2021-09-30 10:00:00+05:30,17710.35,17700,30.85,28.85000000000001,BEARISH
2021-10-14,2021-10-07 10:00:00+05:30,17809.05,17800,13.550000000000004,22.949999999999996,BULLISH
2021-10-21,2021-10-13 10:00:00+05:30,18113.25,18100,11.200000000000003,29.14999999999999,BULLISH
2021-11-11,2021-11-03 10:00:00+05:30,17972.75,17950,20.449999999999996,20.85,BULLISH
2021-11-18,2021-11-11 10:00:00+05:30,17907.6,17900,20.049999999999997,22.400000000000006,BULLISH
2021-12-02,2021-11-25 10:00:00+05:30,17367.85,17350,13.649999999999999,25.35000000000001,BULLISH
2021-12-09,2021-12-02 10:00:00+05:30,17255.8,17250,15.950000000000003,58.40000000000002,BULLISH
2021-12-16,2021-12-09 10:00:00+05:30,17431.7,17450,12.300000000000004,38.699999999999996,BULLISH
2021-12-23,2021-12-16 10:00:00+05:30,17274.65,17250,23.849999999999994,31.949999999999996,BULLISH
2022-01-06,2021-12-30 10:00:00+05:30,17232.7,17250,9.5,32.300000000000004,BULLISH
2022-01-13,2022-01-06 10:00:00+05:30,17721.55,17700,27.80000000000001,35.55000000000001,BULLISH
2022-01-20,2022-01-13 10:00:00+05:30,18239.2,18250,13.100000000000009,24.35000000000001,BULLISH
2022-02-03,2022-01-27 10:00:00+05:30,17025.15,17050,116.20000000000002,140.14999999999998,BULLISH
2022-02-10,2022-02-03 10:00:00+05:30,17721.7,17700,27.5,29.14999999999999,BULLISH
2022-02-17,2022-02-10 10:00:00+05:30,17442.05,17450,23.599999999999994,30.35000000000001,BULLISH
2022-03-03,2022-02-23 10:00:00+05:30,17180.55,17200,56.400000000000006,99.25,BULLISH
2022-03-10,2022-03-03 10:00:00+05:30,16646.8,16650,91.09999999999997,135.95,BULLISH
2022-03-17,2022-03-10 10:00:00+05:30,16695.75,16700,66.44999999999999,86.75,BULLISH
2022-03-24,2022-03-16 10:00:00+05:30,16888.75,16900,85.19999999999999,123.34999999999997,BULLISH
2022-04-07,2022-03-31 10:00:00+05:30,17543.0,17550,24.400000000000006,46.3,BULLISH
2022-04-13,2022-04-06 10:00:00+05:30,17815.6,17800,39.099999999999994,41.44999999999999,BULLISH
2022-04-21,2022-04-12 10:00:00+05:30,17508.05,17500,30.549999999999997,35.84999999999999,BULLISH
2022-05-05,2022-04-27 10:00:00+05:30,17076.25,17100,32.05,63.2,BULLISH
2022-05-12,2022-05-05 10:00:00+05:30,16835.85,16850,36.60000000000001,45.75,BULLISH
2022-05-19,2022-05-12 10:00:00+05:30,15885.0,15900,49.69999999999999,70.55000000000001,BULLISH
2022-06-02,2022-05-26 10:00:00+05:30,16044.0,16050,40.35000000000001,72.05000000000001,BULLISH
2022-06-09,2022-06-02 10:00:00+05:30,16528.05,16550,25.700000000000003,58.2,BULLISH
2022-06-16,2022-06-09 10:00:00+05:30,16316.85,16300,26.450000000000003,36.250000000000014,BULLISH
2022-06-23,2022-06-16 10:00:00+05:30,15777.0,15800,25.650000000000013,49.55,BULLISH
2022-07-07,2022-06-30 10:00:00+05:30,15871.45,15850,32.45,51.499999999999986,BULLISH
2022-07-14,2022-07-07 10:00:00+05:30,16078.25,16100,19.85,47.099999999999994,BULLISH
2022-07-21,2022-07-14 10:00:00+05:30,16061.0,16050,15.600000000000001,33.10000000000001,BULLISH
2022-08-04,2022-07-28 10:00:00+05:30,16796.85,16800,16.550000000000004,24.799999999999997,BULLISH
2022-08-11,2022-08-03 10:00:00+05:30,17319.65,17300,39.75,56.10000000000001,BULLISH
2022-08-18,2022-08-10 10:00:00+05:30,17454.15,17450,31.0,51.900000000000006,BULLISH
2022-09-01,2022-08-24 10:00:00+05:30,17537.15,17550,31.599999999999994,43.05000000000001,BULLISH
2022-09-08,2022-09-01 10:00:00+05:30,17618.65,17600,38.5,45.5,BULLISH
2022-09-15,2022-09-08 10:00:00+05:30,17763.85,17750,24.549999999999997,34.50000000000001,BULLISH
2022-09-22,2022-09-15 10:00:00+05:30,17970.05,17950,35.2,48.249999999999986,BULLISH
2022-10-06,2022-09-28 10:00:00+05:30,16915.75,16900,67.60000000000001,67.85,BULLISH
2022-10-13,2022-10-06 10:00:00+05:30,17399.9,17400,19.549999999999997,43.650000000000006,BULLISH
2022-10-20,2022-10-13 10:00:00+05:30,17042.2,17050,29.299999999999997,54.999999999999986,BULLISH
2022-11-03,2022-10-27 10:00:00+05:30,17743.45,17750,9.600000000000001,27.599999999999994,BULLISH
2022-11-10,2022-11-02 10:00:00+05:30,18120.1,18100,26.700000000000003,36.75,BULLISH
2022-11-17,2022-11-10 10:00:00+05:30,18025.0,18000,16.400000000000006,16.049999999999997,BEARISH
2022-12-01,2022-11-24 10:00:00+05:30,18346.0,18350,3.25,7.449999999999999,BULLISH
2022-12-08,2022-12-01 10:00:00+05:30,18842.0,18850,8.250000000000004,16.699999999999996,BULLISH
2022-12-15,2022-12-08 10:00:00+05:30,18615.8,18600,11.350000000000001,9.0,BEARISH
2022-12-22,2022-12-15 10:00:00+05:30,18578.65,18600,4.350000000000001,10.000000000000004,BULLISH
2023-01-05,2022-12-29 10:00:00+05:30,18020.0,18000,9.950000000000003,21.699999999999996,BULLISH
2023-01-12,2023-01-05 10:00:00+05:30,18045.1,18050,11.350000000000001,17.550000000000004,BULLISH
2023-01-19,2023-01-12 10:00:00+05:30,17879.7,17900,15.200000000000003,24.550000000000004,BULLISH
2023-02-02,2023-01-25 10:00:00+05:30,17999.75,18000,21.500000000000007,22.999999999999993,BULLISH
2023-02-09,2023-02-02 10:00:00+05:30,17577.5,17600,32.5,43.64999999999999,BULLISH
2023-02-16,2023-02-09 10:00:00+05:30,17856.35,17850,3.849999999999998,12.149999999999999,BULLISH
2023-03-02,2023-02-23 10:00:00+05:30,17567.7,17550,17.15,19.300000000000004,BULLISH
2023-03-09,2023-03-01 10:00:00+05:30,17398.6,17400,7.150000000000002,15.0,BULLISH
2023-03-16,2023-03-09 10:00:00+05:30,17690.0,17700,3.5,11.600000000000001,BULLISH
2023-03-23,2023-03-16 10:00:00+05:30,16866.95,16850,25.900000000000006,38.699999999999996,BULLISH
2023-04-06,2023-03-28 10:00:00+05:30,16975.6,17000,14.300000000000004,26.54999999999999,BULLISH
2023-04-13,2023-04-05 10:00:00+05:30,17471.1,17450,3.8999999999999986,13.549999999999997,BULLISH
2023-04-20,2023-04-12 10:00:00+05:30,17755.45,17750,2.349999999999998,9.0,BULLISH
2023-05-04,2023-04-26 10:00:00+05:30,17734.65,17750,1.6000000000000014,9.75,BULLISH
2023-05-11,2023-05-04 10:00:00+05:30,18117.4,18100,1.6999999999999993,5.949999999999999,BULLISH
2023-05-18,2023-05-11 10:00:00+05:30,18311.0,18300,2.8000000000000007,9.95,BULLISH
2023-06-01,2023-05-25 10:00:00+05:30,18268.85,18250,3.1499999999999986,10.649999999999999,BULLISH
2023-06-08,2023-06-01 10:00:00+05:30,18571.05,18550,2.1999999999999993,8.150000000000002,BULLISH
2023-06-15,2023-06-08 10:00:00+05:30,18743.95,18750,0.8499999999999979,9.350000000000001,BULLISH
2023-06-22,2023-06-15 10:00:00+05:30,18771.45,18750,0.2500000000000018,5.800000000000001,BULLISH
2023-07-06,2023-06-28 10:00:00+05:30,18891.5,18900,3.700000000000001,7.900000000000002,BULLISH
2023-07-13,2023-07-06 10:00:00+05:30,19426.2,19450,5.150000000000002,16.549999999999997,BULLISH
2023-07-20,2023-07-13 10:00:00+05:30,19544.6,19550,3.950000000000003,9.399999999999999,BULLISH
2023-08-03,2023-07-27 10:00:00+05:30,19812.75,19800,9.5,9.650000000000002,BULLISH
2023-08-10,2023-08-03 10:00:00+05:30,19497.2,19500,7.799999999999997,17.0,BULLISH
2023-08-17,2023-08-09 10:00:00+05:30,19506.5,19500,5.550000000000001,12.650000000000006,BULLISH
2023-08-24,2023-08-17 10:00:00+05:30,19383.35,19400,4.449999999999999,9.199999999999996,BULLISH
2023-09-07,2023-08-31 10:00:00+05:30,19378.9,19400,2.1500000000000004,7.850000000000001,BULLISH
2023-09-14,2023-09-07 10:00:00+05:30,19587.95,19600,1.049999999999999,7.449999999999999,BULLISH
2023-09-21,2023-09-13 10:00:00+05:30,19982.5,20000,10.700000000000003,21.9,BULLISH
2023-10-05,2023-09-27 10:00:00+05:30,19590.65,19600,8.000000000000004,13.0,BULLISH
2023-10-12,2023-10-05 10:00:00+05:30,19534.05,19550,3.75,8.05,BULLISH
2023-10-19,2023-10-12 10:00:00+05:30,19776.7,19800,2.350000000000003,13.549999999999997,BULLISH
2023-11-02,2023-10-26 10:00:00+05:30,18930.7,18950,15.549999999999997,27.0,BULLISH
2023-11-09,2023-11-02 10:00:00+05:30,19139.25,19150,4.699999999999999,8.649999999999999,BULLISH
2023-11-16,2023-11-09 10:00:00+05:30,19438.6,19450,2.049999999999999,5.599999999999998,BULLISH
2023-11-23,2023-11-16 10:00:00+05:30,19692.55,19700,1.3499999999999979,5.4499999999999975,BULLISH
2023-12-07,2023-11-30 10:00:00+05:30,20047.6,20050,10.799999999999997,18.950000000000003,BULLISH
2023-12-14,2023-12-07 10:00:00+05:30,20875.75,20900,13.100000000000001,16.0,BULLISH
2023-12-21,2023-12-14 10:00:00+05:30,21181.3,21200,12.7,9.55,BEARISH
2024-01-04,2023-12-28 10:00:00+05:30,21735.15,21750,44.400000000000006,36.849999999999994,BEARISH
2024-01-11,2024-01-04 10:00:00+05:30,21607.15,21600,15.249999999999993,16.4,BULLISH
2024-01-18,2024-01-11 10:00:00+05:30,21669.35,21650,15.149999999999999,19.85,BULLISH
2024-02-01,2024-01-24 10:00:00+05:30,21394.35,21400,82.09999999999997,68.30000000000001,BEARISH
2024-02-08,2024-02-01 10:00:00+05:30,21755.6,21750,75.94999999999997,70.65,BEARISH
2024-02-15,2024-02-08 10:00:00+05:30,21975.7,22000,32.2,40.400000000000006,BULLISH
2024-02-22,2024-02-15 10:00:00+05:30,21814.1,21800,30.700000000000003,34.099999999999994,BULLISH
2024-03-07,2024-03-01 10:00:00+05:30,22166.1,22150,23.30000000000001,31.199999999999996,BULLISH
2024-03-14,2024-03-06 10:00:00+05:30,22271.05,22250,31.85000000000001,31.249999999999993,BEARISH
2024-03-21,2024-03-14 10:00:00+05:30,22030.25,22050,36.2,33.10000000000001,BEARISH
2024-04-04,2024-03-27 10:00:00+05:30,22139.1,22150,31.400000000000006,22.5,BEARISH
2024-04-10,2024-04-03 10:00:00+05:30,22384.6,22400,14.049999999999997,20.849999999999994,BULLISH
2024-04-18,2024-04-09 10:00:00+05:30,22745.9,22750,25.299999999999997,27.549999999999997,BULLISH
2024-05-02,2024-04-24 10:00:00+05:30,22438.85,22450,14.700000000000003,28.650000000000006,BULLISH
2024-05-09,2024-05-02 10:00:00+05:30,22642.1,22650,17.25,20.75,BULLISH
2024-05-16,2024-05-09 10:00:00+05:30,22230.4,22250,28.450000000000003,36.400000000000006,BULLISH
2024-05-23,2024-05-16 10:00:00+05:30,22233.2,22250,26.5,31.200000000000003,BULLISH
2024-06-06,2024-05-30 10:00:00+05:30,22593.65,22600,262.34999999999997,244.2,BEARISH
2024-06-13,2024-06-06 10:00:00+05:30,22758.25,22750,94.1,106.80000000000001,BULLISH
2024-06-20,2024-06-12 10:00:00+05:30,23400.85,23400,32.849999999999994,48.7,BULLISH
2024-07-04,2024-06-27 10:00:00+05:30,23917.4,23900,33.849999999999994,36.35,BULLISH
2024-07-11,2024-07-04 10:00:00+05:30,24395.85,24400,16.599999999999994,29.749999999999993,BULLISH
2024-07-18,2024-07-10 10:00:00+05:30,24358.9,24350,24.150000000000006,23.89999999999999,BEARISH
2024-08-01,2024-07-25 10:00:00+05:30,24276.7,24300,25.85,39.04999999999998,BULLISH
2024-08-08,2024-08-01 10:00:00+05:30,25051.35,25050,19.85000000000001,31.650000000000006,BULLISH
2024-08-14,2024-08-07 10:00:00+05:30,24241.9,24250,46.500000000000014,80.4,BULLISH
2024-08-22,2024-08-14 10:00:00+05:30,24119.65,24100,40.5,55.35000000000002,BULLISH
2024-09-05,2024-08-29 10:00:00+05:30,25102.05,25100,15.649999999999999,21.849999999999994,BULLISH
2024-09-12,2024-09-05 10:00:00+05:30,25204.35,25200,14.800000000000004,25.450000000000003,BULLISH
2024-09-19,2024-09-12 10:00:00+05:30,24995.7,25000,19.450000000000003,28.39999999999999,BULLISH
2024-10-03,2024-09-25 10:00:00+05:30,25944.3,25950,30.25,45.89999999999999,BULLISH
2024-10-10,2024-10-03 10:00:00+05:30,25562.5,25550,35.44999999999999,36.400000000000006,BULLISH
2024-10-17,2024-10-10 10:00:00+05:30,25066.45,25050,42.8,36.65,BEARISH
2024-10-24,2024-10-17 10:00:00+05:30,24830.35,24850,22.75,34.15,BULLISH
2024-11-07,2024-10-31 10:00:00+05:30,24301.75,24300,57.599999999999994,61.45,BULLISH
2024-11-14,2024-11-07 10:00:00+05:30,24258.25,24250,46.95,47.55,BULLISH
2024-11-21,2024-11-12 10:00:00+05:30,24207.45,24200,34.5,35.650000000000006,BULLISH
2024-12-05,2024-11-28 10:00:00+05:30,24312.45,24300,39.05,29.400000000000006,BEARISH
2024-12-12,2024-12-05 10:00:00+05:30,24432.7,24450,71.24999999999999,89.44999999999999,BULLISH
2024-12-19,2024-12-12 10:00:00+05:30,24634.2,24650,26.999999999999993,31.299999999999997,BULLISH
2025-01-02,2024-12-26 10:00:00+05:30,23797.9,23800,30.35000000000001,30.4,BULLISH
2025-01-09,2025-01-02 10:00:00+05:30,23831.0,23850,53.750000000000014,69.14999999999998,BULLISH
2025-01-16,2025-01-09 10:00:00+05:30,23629.9,23650,33.35000000000001,37.3,BULLISH
2025-01-23,2025-01-16 10:00:00+05:30,23322.75,23300,32.8,34.7,BULLISH
2025-02-06,2025-01-31 10:00:00+05:30,23391.85,23400,127.05000000000001,144.5,BULLISH
2025-02-13,2025-02-06 10:00:00+05:30,23637.75,23650,47.650000000000006,52.69999999999999,BULLISH
2025-02-20,2025-02-13 10:00:00+05:30,23180.15,23200,37.099999999999994,49.60000000000001,BULLISH
2025-03-06,2025-02-27 10:00:00+05:30,22541.75,22550,14.25,19.0,BULLISH
2025-03-13,2025-03-06 10:00:00+05:30,22316.5,22300,29.849999999999994,33.349999999999994,BULLISH
2025-03-20,2025-03-12 10:00:00+05:30,22459.4,22450,26.900000000000006,36.44999999999999,BULLISH
2025-04-03,2025-03-26 10:00:00+05:30,23665.9,23650,51.25000000000003,38.300000000000004,BEARISH
2025-04-09,2025-04-02 10:00:00+05:30,23226.4,23250,38.39999999999999,47.8,BULLISH
2025-04-17,2025-04-08 10:00:00+05:30,22409.75,22400,130.79999999999995,160.60000000000002,BULLISH
2025-04-24,2025-04-16 10:00:00+05:30,23360.35,23350,41.45,47.2,BULLISH
2025-05-08,2025-04-30 10:00:00+05:30,24361.65,24350,60.8,89.25,BULLISH
2025-05-15,2025-05-08 10:00:00+05:30,24385.35,24400,34.099999999999994,72.55000000000003,BULLISH
2025-05-22,2025-05-15 10:00:00+05:30,24544.15,24550,66.65,64.64999999999999,BEARISH
2025-06-05,2025-05-29 10:00:00+05:30,24800.05,24800,80.6,57.89999999999999,BEARISH
2025-06-12,2025-06-05 10:00:00+05:30,24754.25,24750,48.19999999999999,44.75,BEARISH
2025-06-19,2025-06-12 10:00:00+05:30,25070.65,25050,39.85000000000001,34.2,BEARISH
2025-07-03,2025-06-26 10:00:00+05:30,25426.15,25450,31.900000000000006,59.349999999999994,BULLISH
2025-07-10,2025-07-03 10:00:00+05:30,25555.55,25550,28.799999999999997,29.499999999999993,BULLISH
2025-07-17,2025-07-10 10:00:00+05:30,25434.3,25450,20.10000000000001,24.599999999999994,BULLISH
2025-07-24,2025-07-17 10:00:00+05:30,25190.55,25200,14.850000000000001,19.699999999999996,BULLISH
2025-08-07,2025-07-31 10:00:00+05:30,24668.1,24650,32.25,33.95,BULLISH
2025-08-14,2025-08-07 10:00:00+05:30,24484.15,24500,17.799999999999997,25.14999999999999,BULLISH
2025-08-21,2025-08-13 10:00:00+05:30,24598.3,24600,25.950000000000003,25.049999999999997,BEARISH
2025-09-02,2025-08-25 10:00:00+05:30,24925.8,24950,21.299999999999997,22.749999999999993,BULLISH
2025-09-09,2025-09-02 10:00:00+05:30,24725.9,24750,11.200000000000003,19.9,BULLISH
2025-09-16,2025-09-09 10:00:00+05:30,24845.95,24850,14.649999999999999,19.65,BULLISH
2025-09-23,2025-09-16 10:00:00+05:30,25165.9,25150,15.799999999999997,15.450000000000003,BEARISH
2025-10-07,2025-09-29 10:00:00+05:30,24764.95,24750,28.85000000000001,23.450000000000003,BEARISH
2025-10-14,2025-10-06 10:00:00+05:30,24960.35,24950,11.950000000000003,16.6,BULLISH
2025-11-04,2025-10-28 10:00:00+05:30,25958.05,25950,56.900000000000006,32.449999999999996,BEARISH
2025-11-11,2025-11-03 10:00:00+05:30,25746.05,25750,44.250000000000014,31.9,BEARISH
2025-11-18,2025-11-11 10:00:00+05:30,25514.25,25500,36.25,25.199999999999996,BEARISH
2025-12-02,2025-11-25 10:00:00+05:30,25995.9,26000,29.599999999999987,23.950000000000003,BEARISH
2025-12-09,2025-12-02 10:00:00+05:30,26072.5,26050,30.25,17.349999999999994,BEARISH
2025-12-16,2025-12-09 10:00:00+05:30,25736.45,25750,30.549999999999997,24.9,BEARISH
2025-12-23,2025-12-16 10:00:00+05:30,25898.9,25900,18.199999999999996,16.75,BEARISH
2026-01-06,2025-12-30 10:00:00+05:30,25934.6,25950,9.899999999999999,10.750000000000004,BULLISH
2026-01-13,2026-01-06 10:00:00+05:30,26262.9,26250,10.999999999999993,10.799999999999997,BEARISH
2026-01-20,2026-01-12 10:00:00+05:30,25564.15,25550,43.14999999999999,33.8,BEARISH
2026-02-03,2026-01-28 10:00:00+05:30,25304.45,25300,78.05000000000003,76.6,BEARISH
2026-02-10,2026-02-03 10:00:00+05:30,25717.45,25700,84.94999999999999,77.6,BEARISH
2026-02-17,2026-02-10 10:00:00+05:30,25955.45,25950,19.4,28.550000000000004,BULLISH
2026-03-02,2026-02-23 10:00:00+05:30,25722.65,25700,46.500000000000014,61.10000000000001,BULLISH
2026-03-10,2026-03-02 10:00:00+05:30,24939.65,24950,84.90000000000003,114.15000000000003,BULLISH
2026-03-17,2026-03-10 10:00:00+05:30,24098.7,24100,136.20000000000002,154.99999999999997,BULLISH
2026-03-24,2026-03-17 10:00:00+05:30,23498.15,23500,94.95000000000002,142.2,BULLISH
2026-04-13,2026-04-06 10:00:00+05:30,22568.0,22550,209.5,213.5,BULLISH
2026-04-21,2026-04-13 10:00:00+05:30,23657.45,23650,120.04999999999995,144.65,BULLISH
2026-05-05,2026-04-27 10:00:00+05:30,24099.9,24100,101.15,94.74999999999997,BEARISH
2026-05-12,2026-05-05 10:00:00+05:30,24036.25,24050,65.64999999999999,77.0,BULLISH
2026-05-19,2026-05-12 10:00:00+05:30,23622.15,23600,89.15,69.80000000000001,BEARISH
2026-07-07,2026-06-25 10:00:00+05:30,24170.95,24150,44.95,49.349999999999994,BULLISH
