expiry,entry_ts,exit_ts,direction,short_delta_entry,short_delta_exit,short_strike,long_strike,lot_size,gross_rupees,cost_rupees,net_rupees,exit_reason,direction_after,cum_net,peak,drawdown
2024-01-11,2024-01-05 09:20:00+05:30,2024-01-08 14:31:00+05:30,PUT,-0.2612309760265359,-0.5075431075189698,21550.0,21500.0,50,-3134.999999999998,115.5955237,-3250.5955236999985,DELTA_EXIT,CALL,16897.30947495019,20147.90499865019,3250.595523699998
2024-01-11,2024-01-08 14:32:00+05:30,2024-01-11 14:10:00+05:30,CALL,0.2261613632937305,0.0382067499889484,21750.0,21800.0,50,2745.000000000001,65.2556677,2679.7443323000007,DELTA_EXIT,CALL,19577.05380725019,20147.90499865019,570.8511913999973
2024-01-18,2024-01-12 09:20:00+05:30,2024-01-15 09:15:00+05:30,CALL,0.2561660369104015,0.5981968003761446,21950.0,22000.0,50,-5595.00000000001,154.74357249999997,-5749.74357250001,DELTA_EXIT,PUT,13827.31023475018,20147.90499865019,6320.594763900008
2024-01-18,2024-01-15 09:20:00+05:30,2024-01-17 09:15:00+05:30,PUT,-0.2619160613860665,-0.6785619845288101,21850.0,21800.0,50,-2234.9999999999964,124.4345581,-2359.434558099996,DELTA_EXIT,CALL,11467.875676650185,20147.90499865019,8680.029322000004
2024-01-18,2024-01-17 09:20:00+05:30,2024-01-17 15:17:00+05:30,CALL,0.242261692973606,0.0378259720271177,22000.0,22050.0,50,3060.000000000002,65.6938852,2994.306114800002,DELTA_EXIT,CALL,14462.181791450186,20147.90499865019,5685.723207200002
2024-01-18,2024-01-17 15:18:00+05:30,2024-01-18 09:36:00+05:30,CALL,0.2551450873999987,0.0392245365819151,21700.0,21750.0,50,2505.0000000000005,63.25503970000001,2441.7449603000005,DELTA_EXIT,CALL,16903.926751750187,20147.90499865019,3243.978246900002
2024-01-25,2024-01-19 09:20:00+05:30,2024-01-24 09:15:00+05:30,CALL,0.2650209263327991,0.0297037266880828,21900.0,21950.0,50,3180.0000000000027,82.37606680000002,3097.6239332000027,DELTA_EXIT,CALL,20001.55068495019,20147.90499865019,146.35431369999787
2024-01-25,2024-01-24 09:20:00+05:30,2024-01-24 10:31:00+05:30,CALL,0.2301367880298183,0.502987074650207,21400.0,21450.0,50,-5114.999999999999,124.9006573,-5239.900657299999,DELTA_EXIT,PUT,14761.650027650192,20147.90499865019,5386.254970999997
2024-01-25,2024-01-24 10:32:00+05:30,2024-01-25 14:55:00+05:30,PUT,-0.2299697521571002,-0.0372743299430685,21200.0,21150.0,50,2265.0000000000005,65.4987133,2199.5012867000005,DELTA_EXIT,PUT,16961.151314350194,20147.90499865019,3186.7536842999943
2024-02-01,2024-01-29 09:20:00+05:30,2024-02-01 12:06:00+05:30,PUT,-0.2340824863388061,-0.0313602847292593,21200.0,21150.0,50,2160.000000000001,78.7929292,2081.207070800001,DELTA_EXIT,PUT,19042.3583851502,20147.90499865019,1105.5466134999915
2024-02-08,2024-02-02 09:20:00+05:30,2024-02-08 09:16:00+05:30,PUT,-0.2483137692606325,-0.0383601127884647,21650.0,21600.0,50,2745.000000000004,80.93753530000001,2664.062464700004,DELTA_EXIT,PUT,21706.4208498502,21706.4208498502,0.0
2024-02-15,2024-02-09 09:20:00+05:30,2024-02-14 15:17:00+05:30,PUT,-0.25144501758855,-0.0398904944778589,21400.0,21350.0,50,2715.0000000000014,83.3814859,2631.618514100001,DELTA_EXIT,PUT,24338.039363950204,24338.039363950204,0.0
2024-02-15,2024-02-14 15:18:00+05:30,2024-02-15 13:39:00+05:30,PUT,-0.2304535299063712,-0.0324190861756008,21700.0,21650.0,50,1679.999999999999,60.1295404,1619.870459599999,DELTA_EXIT,PUT,25957.9098235502,25957.9098235502,0.0
2024-02-22,2024-02-16 09:20:00+05:30,2024-02-21 12:35:00+05:30,PUT,-0.2592210028429338,-0.0396502041103619,21750.0,21700.0,50,2625.0,82.2247345,2542.7752655,DELTA_EXIT,PUT,28500.685089050203,28500.685089050203,0.0
2024-02-22,2024-02-21 12:36:00+05:30,2024-02-21 14:23:00+05:30,PUT,-0.2683192315592462,-0.5290115913213549,22100.0,22050.0,50,-5144.999999999997,114.8321863,-5259.832186299997,DELTA_EXIT,CALL,23240.852902750205,28500.685089050203,5259.832186299998
2024-02-22,2024-02-21 14:24:00+05:30,2024-02-22 11:19:00+05:30,CALL,0.2572000011607931,0.0384347483381761,22200.0,22250.0,50,2804.999999999998,62.9860045,2742.013995499998,DELTA_EXIT,CALL,25982.8668982502,28500.685089050203,2517.8181908000006
2024-02-29,2024-02-23 09:20:00+05:30,2024-02-28 10:50:00+05:30,CALL,0.2358021910322147,0.0385428621883473,22550.0,22600.0,50,3285.0000000000027,76.8263233,3208.173676700003,DELTA_EXIT,CALL,29191.04057495021,29191.04057495021,0.0
2024-02-29,2024-02-28 10:51:00+05:30,2024-02-29 10:10:00+05:30,CALL,0.2224214276031513,0.0399930516877488,22300.0,22350.0,50,2489.999999999999,62.409985,2427.5900149999998,DELTA_EXIT,CALL,31618.630589950204,31618.630589950204,0.0
2024-03-07,2024-03-01 09:20:00+05:30,2024-03-02 09:34:00+05:30,CALL,0.2530427437588181,0.5007219239962977,22400.0,22450.0,50,-3645.0000000000064,154.74492909999998,-3799.744929100006,DELTA_EXIT,PUT,27818.8856608502,31618.630589950204,3799.744929100005
2024-03-07,2024-03-02 09:35:00+05:30,2024-03-07 09:15:00+05:30,PUT,-0.2412967491696775,-0.0334363226538709,22100.0,22050.0,50,2475.0,81.13281430000002,2393.8671857,DELTA_EXIT,PUT,30212.7528465502,31618.630589950204,1405.877743400004
2024-03-14,2024-03-11 09:20:00+05:30,2024-03-13 11:04:00+05:30,PUT,-0.2341622678033005,-0.506585762687581,22250.0,22200.0,50,-3179.999999999996,106.7214676,-3286.721467599996,DELTA_EXIT,CALL,26926.031378950203,31618.630589950204,4692.599211000001
2024-03-14,2024-03-13 11:05:00+05:30,2024-03-14 09:15:00+05:30,CALL,0.2527503607929928,0.0307851535354117,22400.0,22450.0,50,3135.000000000001,67.4938435,3067.506156500001,DELTA_EXIT,CALL,29993.537535450203,31618.630589950204,1625.093054500001
2024-03-21,2024-03-15 09:20:00+05:30,2024-03-19 15:11:00+05:30,CALL,0.2535482621470148,0.0395792056652799,22350.0,22400.0,50,3465.000000000004,79.9666381,3385.0333619000035,DELTA_EXIT,CALL,33378.570897350204,33378.570897350204,0.0
2024-03-21,2024-03-19 15:12:00+05:30,2024-03-21 09:15:00+05:30,CALL,0.242556726046686,0.5178547154533244,22000.0,22050.0,50,-2969.9999999999964,88.759441,-3058.7594409999965,DELTA_EXIT,PUT,30319.81145635021,33378.570897350204,3058.7594409999947
2024-03-28,2024-03-22 09:20:00+05:30,2024-03-27 11:37:00+05:30,PUT,-0.2378523665043007,-0.0394148734972883,21750.0,21700.0,50,2220.000000000002,70.73558200000001,2149.264418000002,DELTA_EXIT,PUT,32469.07587435021,33378.570897350204,909.4950229999922
2024-03-28,2024-03-27 11:38:00+05:30,2024-03-28 10:41:00+05:30,PUT,-0.2653550517651923,-0.0395501211682742,22050.0,22000.0,50,2265.0000000000005,63.65216650000001,2201.3478335000004,DELTA_EXIT,PUT,34670.42370785021,34670.42370785021,0.0
2024-04-04,2024-04-01 09:20:00+05:30,2024-04-04 13:27:00+05:30,PUT,-0.2657451932360621,-0.0358152070450537,22300.0,22250.0,50,2880.0000000000045,76.33377039999999,2803.6662296000045,DELTA_EXIT,PUT,37474.08993745022,37474.08993745022,0.0
2024-04-10,2024-04-05 09:20:00+05:30,2024-04-09 09:15:00+05:30,PUT,-0.2488184994458504,-0.0373201448956432,22200.0,22150.0,50,2685.000000000003,76.4549005,2608.5450995000037,DELTA_EXIT,PUT,40082.63503695023,40082.63503695023,0.0
2024-04-10,2024-04-09 09:20:00+05:30,2024-04-10 13:39:00+05:30,PUT,-0.2384282323630799,-0.0399809811677981,22550.0,22500.0,50,2219.9999999999995,63.5974384,2156.4025615999994,DELTA_EXIT,PUT,42239.03759855023,42239.03759855023,0.0
2024-04-18,2024-04-12 09:20:00+05:30,2024-04-15 09:15:00+05:30,PUT,-0.2703738616684703,-0.783765285157014,22500.0,22450.0,50,-5100.000000000008,156.1723936,-5256.172393600008,DELTA_EXIT,CALL,36982.86520495022,42239.03759855023,5256.172393600005
2024-04-18,2024-04-15 09:20:00+05:30,2024-04-16 13:25:00+05:30,CALL,0.2692958982782667,0.0395619628937234,22550.0,22600.0,50,4094.999999999999,79.52017389999999,4015.479826099999,DELTA_EXIT,CALL,40998.345031050216,42239.03759855023,1240.692567500009
2024-04-18,2024-04-16 13:26:00+05:30,2024-04-18 09:15:00+05:30,CALL,0.2291623311177084,0.5008376954081641,22250.0,22300.0,50,-3075.0,78.07610890000001,-3153.0761089,DELTA_EXIT,PUT,37845.268922150215,42239.03759855023,4393.76867640001
2024-04-25,2024-04-19 09:20:00+05:30,2024-04-22 09:16:00+05:30,PUT,-0.2383987139823302,-0.0389802212237141,21450.0,21400.0,50,2219.9999999999995,88.59472120000001,2131.4052787999995,DELTA_EXIT,PUT,39976.67420095021,42239.03759855023,2262.363397600013
2024-04-25,2024-04-22 09:20:00+05:30,2024-04-24 15:19:00+05:30,PUT,-0.2612413848717247,-0.0373958941453397,22050.0,22000.0,50,3045.000000000002,77.9400205,2967.0599795000016,DELTA_EXIT,PUT,42943.73418045021,42943.73418045021,0.0
2024-04-25,2024-04-24 15:20:00+05:30,2024-04-25 14:20:00+05:30,PUT,-0.2281864361802387,-0.0380813056822674,22300.0,22250.0,50,1845.0,57.8773345,1787.1226655,DELTA_EXIT,PUT,44730.85684595021,44730.85684595021,0.0
2024-05-02,2024-04-26 09:20:00+05:30,2024-05-02 10:28:00+05:30,PUT,-0.245876622811726,-0.039920544572083,22350.0,22300.0,25,1102.5000000000002,61.42532545,1041.0746745500005,DELTA_EXIT,PUT,45771.93152050021,45771.93152050021,0.0
2024-05-09,2024-05-03 09:20:00+05:30,2024-05-03 11:22:00+05:30,PUT,-0.2554072650698951,-0.5082188620223946,22550.0,22500.0,25,-1740.0000000000014,94.92683019999998,-1834.9268302000012,DELTA_EXIT,CALL,43937.004690300215,45771.93152050021,1834.9268301999984
2024-05-09,2024-05-03 11:23:00+05:30,2024-05-08 09:15:00+05:30,CALL,0.2695487603839952,0.0367388840537163,22800.0,22850.0,25,1852.5000000000005,65.42422525,1787.0757747500004,DELTA_EXIT,CALL,45724.08046505022,45771.93152050021,47.85105544999533
2024-05-09,2024-05-08 09:20:00+05:30,2024-05-09 11:54:00+05:30,CALL,0.2589484390654923,0.0399957300527854,22400.0,22450.0,25,1410.0000000000014,58.4782726,1351.5217274000013,DELTA_EXIT,CALL,47075.60219245022,47075.60219245022,0.0
2024-05-16,2024-05-10 09:20:00+05:30,2024-05-14 13:52:00+05:30,CALL,0.2667128532756191,0.5043970996146472,22250.0,22300.0,25,-1732.4999999999973,89.65813495,-1822.1581349499968,DELTA_EXIT,PUT,45253.44405750022,47075.60219245022,1822.1581349499972
2024-05-16,2024-05-14 13:53:00+05:30,2024-05-16 14:43:00+05:30,PUT,-0.2230145733874734,-0.0331885535799216,22050.0,22000.0,25,1079.9999999999998,56.38196860000001,1023.6180313999996,DELTA_EXIT,PUT,46277.062088900224,47075.60219245022,798.5401035499963
2024-05-23,2024-05-17 09:20:00+05:30,2024-05-22 13:42:00+05:30,PUT,-0.2386346963699849,-0.0395629219443857,22100.0,22050.0,25,1185.000000000001,63.31708629999999,1121.6829137000009,DELTA_EXIT,PUT,47398.74500260023,47398.74500260023,0.0
2024-05-23,2024-05-22 13:43:00+05:30,2024-05-23 12:34:00+05:30,PUT,-0.2662356749235047,-0.0396005374893396,22450.0,22400.0,25,1162.5,56.48230345,1106.01769655,DELTA_EXIT,PUT,48504.76269915023,48504.76269915023,0.0
2024-05-30,2024-05-24 09:20:00+05:30,2024-05-30 09:16:00+05:30,PUT,-0.2388508542403626,-0.5205720080874683,22650.0,22600.0,25,-1852.4999999999968,80.89956835000001,-1933.3995683499968,DELTA_EXIT,CALL,46571.36313080023,48504.76269915023,1933.399568349996
2024-06-06,2024-05-31 09:20:00+05:30,2024-06-06 15:29:00+05:30,CALL,0.2471502362559607,,23350.0,23400.0,25,-3225.000000000004,90.5301253,-3315.530125300004,CONTRACT_EXPIRY,PUT,43255.83300550022,48504.76269915023,5248.929693650003
2024-06-13,2024-06-07 09:20:00+05:30,2024-06-10 13:58:00+05:30,PUT,-0.239008087427592,-0.0393284871602173,22450.0,22400.0,25,1237.500000000002,71.69039635,1165.809603650002,DELTA_EXIT,PUT,44421.64260915022,48504.76269915023,4083.120090000004
2024-06-13,2024-06-10 13:59:00+05:30,2024-06-13 09:15:00+05:30,PUT,-0.2406676748060554,-0.0336570878447931,23050.0,23000.0,25,1492.5000000000025,65.09664205,1427.4033579500026,DELTA_EXIT,PUT,45849.04596710023,48504.76269915023,2655.716732050001
2024-06-20,2024-06-14 09:20:00+05:30,2024-06-20 10:42:00+05:30,PUT,-0.2703134135898567,-0.0385451986008926,23200.0,23150.0,25,1417.5000000000005,62.85571734999999,1354.6442826500004,DELTA_EXIT,PUT,47203.69024975022,48504.76269915023,1301.0724494000024
2024-06-27,2024-06-21 09:20:00+05:30,2024-06-26 13:40:00+05:30,PUT,-0.2423932711255128,-0.0399634488963991,23350.0,23300.0,25,1335.000000000001,62.50733890000001,1272.492661100001,DELTA_EXIT,PUT,48476.18291085023,48504.76269915023,28.579788299997745
2024-06-27,2024-06-26 13:41:00+05:30,2024-06-27 12:51:00+05:30,PUT,-0.2277199946902817,-0.0374823762022763,23700.0,23650.0,25,1057.4999999999995,54.79744195,1002.7025580499997,DELTA_EXIT,PUT,49478.88546890023,49478.88546890023,0.0
2024-07-04,2024-06-28 09:20:00+05:30,2024-07-03 12:57:00+05:30,PUT,-0.2466181647902274,-0.0397386060173705,23800.0,23750.0,25,1282.500000000001,65.57159485,1216.9284051500008,DELTA_EXIT,PUT,50695.81387405023,50695.81387405023,0.0
2024-07-04,2024-07-03 12:58:00+05:30,2024-07-04 12:22:00+05:30,PUT,-0.2675437907498181,-0.0376623292654406,24150.0,24100.0,25,1350.0000000000005,56.18668960000001,1293.8133104000003,DELTA_EXIT,PUT,51989.62718445023,51989.62718445023,0.0
2024-07-11,2024-07-05 09:20:00+05:30,2024-07-10 09:15:00+05:30,PUT,-0.2400478479392618,-0.0382291643045732,23950.0,23900.0,25,1290.0000000000014,60.9643492,1229.0356508000011,DELTA_EXIT,PUT,53218.66283525023,53218.66283525023,0.0
2024-07-11,2024-07-10 09:20:00+05:30,2024-07-10 10:27:00+05:30,PUT,-0.237416920938789,-0.5371338620463317,24250.0,24200.0,25,-2129.999999999998,77.502874,-2207.502873999998,DELTA_EXIT,CALL,51011.15996125023,53218.66283525023,2207.502873999998
2024-07-11,2024-07-10 10:28:00+05:30,2024-07-11 14:42:00+05:30,CALL,0.2561577920449335,0.0384697016885227,24400.0,24450.0,25,1635.0000000000005,56.39549890000001,1578.6045011000006,DELTA_EXIT,CALL,52589.76446235024,53218.66283525023,628.8983728999956
2024-07-18,2024-07-12 09:20:00+05:30,2024-07-12 11:01:00+05:30,CALL,0.2692879413434799,0.5315898449684426,24550.0,24600.0,25,-2310.000000000003,94.30250859999998,-2404.302508600003,DELTA_EXIT,PUT,50185.46195375023,53218.66283525023,3033.200881500001
2024-07-18,2024-07-12 11:02:00+05:30,2024-07-18 10:01:00+05:30,PUT,-0.2632093217835508,-0.039923178170966,24350.0,24300.0,25,1342.5000000000016,62.28219685,1280.2178031500016,DELTA_EXIT,PUT,51465.67975690023,53218.66283525023,1752.98307835
2024-07-25,2024-07-19 09:20:00+05:30,2024-07-23 12:19:00+05:30,PUT,-0.2513312179850777,-0.5420676329241889,24350.0,24300.0,25,-2580.0000000000027,136.9821442,-2716.982144200003,DELTA_EXIT,CALL,48748.69761270023,53218.66283525023,4469.965222550003
2024-07-25,2024-07-23 12:20:00+05:30,2024-07-25 09:21:00+05:30,CALL,0.2558689773328189,0.0363788633281773,24600.0,24650.0,25,1425.000000000002,68.2528969,1356.747103100002,DELTA_EXIT,CALL,50105.44471580023,53218.66283525023,3113.218119450001
2024-08-01,2024-07-26 09:20:00+05:30,2024-07-26 12:40:00+05:30,CALL,0.2493588413021763,0.5057665768840718,24700.0,24750.0,25,-2400.000000000004,99.0023422,-2499.002342200004,DELTA_EXIT,PUT,47606.44237360023,53218.66283525023,5612.220461650002
2024-08-01,2024-07-26 12:41:00+05:30,2024-07-31 15:13:00+05:30,PUT,-0.2394774389365015,-0.0394949938088214,24450.0,24400.0,25,1042.5000000000016,61.297233850000005,981.2027661500016,DELTA_EXIT,PUT,48587.64513975023,53218.66283525023,4631.017695499999
2024-08-01,2024-07-31 15:14:00+05:30,2024-08-01 11:13:00+05:30,PUT,-0.2442300896021814,-0.0396802249189416,24800.0,24750.0,25,1109.9999999999998,55.4676202,1054.5323797999995,DELTA_EXIT,PUT,49642.17751955024,53218.66283525023,3576.485315699996
2024-08-08,2024-08-02 09:20:00+05:30,2024-08-05 09:15:00+05:30,PUT,-0.2464598924620651,-0.7141969953170051,24550.0,24500.0,25,-3487.500000000004,135.97492225,-3623.474922250004,DELTA_EXIT,CALL,46018.70259730023,53218.66283525023,7199.960237949999
2024-08-08,2024-08-05 09:20:00+05:30,2024-08-08 10:33:00+05:30,CALL,0.2620828676002249,0.0395348512287965,24550.0,24600.0,25,1515.0000000000014,64.54523769999999,1450.4547623000014,DELTA_EXIT,CALL,47469.15735960024,53218.66283525023,5749.505475649996
2024-08-14,2024-08-09 09:20:00+05:30,2024-08-13 13:50:00+05:30,CALL,0.2407829941419628,0.0397519503719557,24650.0,24700.0,25,1665.0000000000005,62.55039309999999,1602.4496069000004,DELTA_EXIT,CALL,49071.60696650024,53218.66283525023,4147.055868749994
2024-08-14,2024-08-13 13:51:00+05:30,2024-08-14 12:41:00+05:30,CALL,0.2592962769691855,0.0371169426884284,24350.0,24400.0,25,1439.999999999999,56.69577159999999,1383.3042283999991,DELTA_EXIT,CALL,50454.91119490023,53218.66283525023,2763.7516403499976
2024-08-22,2024-08-16 09:20:00+05:30,2024-08-19 09:15:00+05:30,CALL,0.2643955825447538,0.5430957040014801,24600.0,24650.0,25,-2084.9999999999995,95.71990569999998,-2180.7199057,DELTA_EXIT,PUT,48274.19128920024,53218.66283525023,4944.471546049994
2024-08-22,2024-08-19 09:20:00+05:30,2024-08-21 15:07:00+05:30,PUT,-0.2497873632178272,-0.0397463139359531,24400.0,24350.0,25,1192.5000000000005,60.50126664999999,1131.9987333500003,DELTA_EXIT,PUT,49406.19002255024,53218.66283525023,3812.472812699991
2024-08-22,2024-08-21 15:08:00+05:30,2024-08-22 11:36:00+05:30,PUT,-0.2206199235718517,-0.037695994081905,24650.0,24600.0,25,892.4999999999993,52.18523724999999,840.3147627499993,DELTA_EXIT,PUT,50246.50478530024,53218.66283525023,2972.1580499499905
2024-08-29,2024-08-23 09:20:00+05:30,2024-08-27 10:55:00+05:30,PUT,-0.233683250209734,-0.0394742402332354,24550.0,24500.0,25,1230.0000000000005,60.72601599999999,1169.2739840000004,DELTA_EXIT,PUT,51415.77876930024,53218.66283525023,1802.884065949991
2024-08-29,2024-08-27 10:56:00+05:30,2024-08-29 10:26:00+05:30,PUT,-0.2190911315350637,-0.0390361387639004,24850.0,24800.0,25,1079.9999999999998,54.59054259999999,1025.4094573999998,DELTA_EXIT,PUT,52441.18822670024,53218.66283525023,777.4746085499937
2024-09-05,2024-08-30 09:20:00+05:30,2024-09-05 11:32:00+05:30,PUT,-0.2505809883527455,-0.0394259888932183,25000.0,24950.0,25,1357.500000000001,60.81217795,1296.6878220500007,DELTA_EXIT,PUT,53737.87604875024,53737.87604875024,0.0
2024-09-12,2024-09-06 09:20:00+05:30,2024-09-06 13:24:00+05:30,PUT,-0.2389521550656754,-0.5028827634007548,24850.0,24800.0,25,-2145.000000000002,101.29681689999998,-2246.296816900002,DELTA_EXIT,CALL,51491.57923185024,53737.87604875024,2246.296816900001
2024-09-12,2024-09-06 13:25:00+05:30,2024-09-10 13:12:00+05:30,CALL,0.257638161214907,0.5067135883612565,25100.0,25150.0,25,-1799.999999999998,82.2587566,-1882.258756599998,DELTA_EXIT,PUT,49609.32047525024,53737.87604875024,4128.555573500002
2024-09-12,2024-09-10 13:13:00+05:30,2024-09-11 14:13:00+05:30,PUT,-0.2575602192663884,-0.503873969841578,24950.0,24900.0,25,-2332.4999999999995,77.71134415,-2410.21134415,DELTA_EXIT,CALL,47199.10913110024,53737.87604875024,6538.766917649999
2024-09-12,2024-09-11 14:14:00+05:30,2024-09-12 09:21:00+05:30,CALL,0.262210882698298,0.5133891501104988,25050.0,25100.0,25,-1679.999999999999,64.2286144,-1744.2286143999993,DELTA_EXIT,PUT,45454.88051670024,53737.87604875024,8282.995532050001
2024-09-19,2024-09-13 09:20:00+05:30,2024-09-19 09:15:00+05:30,PUT,-0.2565154309638024,-0.0265049909558775,25100.0,25050.0,25,1342.5000000000005,63.191690050000005,1279.3083099500004,DELTA_EXIT,PUT,46734.18882665024,53737.87604875024,7003.687222100001
2024-09-26,2024-09-20 09:20:00+05:30,2024-09-24 12:40:00+05:30,PUT,-0.2653551899280579,-0.0395854543893385,25200.0,25150.0,25,1297.5000000000018,67.90491115,1229.5950888500015,DELTA_EXIT,PUT,47963.78391550024,53737.87604875024,5774.09213325
2024-09-26,2024-09-24 12:41:00+05:30,2024-09-26 11:42:00+05:30,PUT,-0.2337058590535929,-0.0397241006199183,25750.0,25700.0,25,1020.0000000000002,57.4527544,962.5472456000002,DELTA_EXIT,PUT,48926.33116110024,53737.87604875024,4811.544887650001
2024-10-03,2024-09-27 09:20:00+05:30,2024-09-30 10:40:00+05:30,PUT,-0.2322593805251219,-0.5012371273511831,25950.0,25900.0,25,-1612.499999999998,86.56572954999999,-1699.065729549998,DELTA_EXIT,CALL,47227.26543155024,53737.87604875024,6510.6106172
2024-10-03,2024-09-30 10:41:00+05:30,2024-10-01 14:43:00+05:30,CALL,0.2345615858021148,0.0384839555473507,26200.0,26250.0,25,1477.5000000000014,59.377170115,1418.1228298850017,DELTA_EXIT,CALL,48645.38826143524,53737.87604875024,5092.487787314996
2024-10-03,2024-10-01 14:44:00+05:30,2024-10-03 10:02:00+05:30,CALL,0.2446920763331008,0.0389929831190457,25900.0,25950.0,25,1312.5,55.448656675,1257.051343325,DELTA_EXIT,CALL,49902.43960476024,53737.87604875024,3835.4364439899946
2024-10-10,2024-10-04 09:20:00+05:30,2024-10-09 14:28:00+05:30,CALL,0.2639168126405249,0.0387255340202415,25500.0,25550.0,25,1965.0000000000011,70.01411758,1894.9858824200012,DELTA_EXIT,CALL,51797.42548718024,53737.87604875024,1940.4505615699964
2024-10-10,2024-10-09 14:29:00+05:30,2024-10-10 13:52:00+05:30,CALL,0.2298014963390436,0.0399334491435555,25200.0,25250.0,25,1109.999999999999,54.99264067,1055.0073593299994,DELTA_EXIT,CALL,52852.43284651024,53737.87604875024,885.4432022399997
2024-10-17,2024-10-11 09:20:00+05:30,2024-10-17 09:34:00+05:30,CALL,0.2486113208916048,0.0375357389704127,25250.0,25300.0,25,1687.500000000001,64.694887135,1622.8051128650009,DELTA_EXIT,CALL,54475.23795937524,54475.23795937524,0.0
2024-10-24,2024-10-18 09:20:00+05:30,2024-10-21 09:15:00+05:30,CALL,0.2511350431830973,0.5728157421554223,24900.0,24950.0,25,-2519.9999999999995,102.01965094,-2622.01965094,DELTA_EXIT,PUT,51853.21830843525,54475.23795937524,2622.019650939997
2024-10-24,2024-10-21 09:20:00+05:30,2024-10-21 09:51:00+05:30,PUT,-0.2387958124392839,-0.5062128576228511,24700.0,24650.0,25,-2722.500000000003,98.645080855,-2821.145080855003,DELTA_EXIT,CALL,49032.07322758024,54475.23795937524,5443.164731794997
2024-10-24,2024-10-21 09:52:00+05:30,2024-10-23 12:17:00+05:30,CALL,0.2262724576041981,0.0397028098622492,24950.0,25000.0,25,1222.5000000000014,59.796869305,1162.7031306950014,DELTA_EXIT,CALL,50194.776358275245,54475.23795937524,4280.461601099996
2024-10-24,2024-10-23 12:18:00+05:30,2024-10-24 09:40:00+05:30,CALL,0.2250766204659111,0.0395608364616927,24700.0,24750.0,25,1275.0,55.61989455999999,1219.38010544,DELTA_EXIT,CALL,51414.15646371525,54475.23795937524,3061.0814956599934
2024-10-31,2024-10-25 09:20:00+05:30,2024-10-30 15:14:00+05:30,CALL,0.2328971329360867,0.0393745661931493,24700.0,24750.0,25,1455.0000000000016,61.88105896,1393.1189410400016,DELTA_EXIT,CALL,52807.27540475525,54475.23795937524,1667.9625546199895
2024-10-31,2024-10-30 15:15:00+05:30,2024-10-31 12:24:00+05:30,CALL,0.28971873648419,0.0388091250793919,24450.0,24500.0,25,1927.500000000001,57.136051165,1870.3639488350009,DELTA_EXIT,CALL,54677.63935359025,54677.63935359025,0.0
2024-11-07,2024-11-04 09:20:00+05:30,2024-11-06 13:10:00+05:30,CALL,0.2606573306599177,0.5092203040423254,24450.0,24500.0,25,-1312.4999999999957,89.899756135,-1402.3997561349956,DELTA_EXIT,PUT,53275.23959745526,54677.63935359025,1402.399756134997
2024-11-07,2024-11-06 13:11:00+05:30,2024-11-07 09:58:00+05:30,PUT,-0.2351144293857233,-0.5122305080744328,24300.0,24250.0,25,-1650.0,71.81081461,-1721.81081461,DELTA_EXIT,CALL,51553.42878284526,54677.63935359025,3124.2105707449955
2024-11-14,2024-11-08 09:20:00+05:30,2024-11-13 09:39:00+05:30,CALL,0.2355766329011681,0.0381782163979315,24400.0,24450.0,25,1672.4999999999995,64.589391565,1607.9106084349996,DELTA_EXIT,CALL,53161.33939128026,54677.63935359025,1516.2999623099968
2024-11-14,2024-11-13 09:40:00+05:30,2024-11-14 09:28:00+05:30,CALL,0.2360156285391289,0.0386308942948778,24000.0,24050.0,25,1312.5,58.760093035,1253.739906965,DELTA_EXIT,CALL,54415.079298245255,54677.63935359025,262.56005534499855
2024-11-21,2024-11-18 09:20:00+05:30,2024-11-19 11:25:00+05:30,CALL,0.2453271384734682,0.5095257873815882,23750.0,23800.0,25,-2384.999999999998,83.47934368000001,-2468.4793436799987,DELTA_EXIT,PUT,51946.59995456526,54677.63935359025,2731.039399024994
2024-11-21,2024-11-19 11:26:00+05:30,2024-11-19 14:58:00+05:30,PUT,-0.2551332504707406,-0.5072945145319424,23600.0,23550.0,25,-2564.999999999999,85.81949491,-2650.819494909999,DELTA_EXIT,CALL,49295.78045965526,54677.63935359025,5381.858893934994
2024-11-21,2024-11-19 14:59:00+05:30,2024-11-21 09:32:00+05:30,CALL,0.2254371756363263,0.0365545637828104,23750.0,23800.0,25,1237.5,55.426313185,1182.073686815,DELTA_EXIT,CALL,50477.85414647026,54677.63935359025,4199.785207119996
2024-11-28,2024-11-22 09:20:00+05:30,2024-11-22 13:00:00+05:30,CALL,0.269068034498489,0.5013156931512168,23700.0,23750.0,25,-1642.5000000000027,122.166525745,-1764.666525745003,DELTA_EXIT,PUT,48713.18762072526,54677.63935359025,5964.451732864996
2024-11-28,2024-11-22 13:01:00+05:30,2024-11-25 10:24:00+05:30,PUT,-0.2562439832815735,-0.0397457223896999,23350.0,23300.0,25,1282.4999999999975,73.25412437499999,1209.2458756249976,DELTA_EXIT,PUT,49922.433496350255,54677.63935359025,4755.205857239998
2024-11-28,2024-11-25 10:25:00+05:30,2024-11-28 11:23:00+05:30,PUT,-0.2493387845104554,-0.5024477588270337,24050.0,24000.0,25,-2294.999999999998,82.17596872,-2377.1759687199988,DELTA_EXIT,CALL,47545.25752763026,54677.63935359025,7132.381825959994
2024-12-05,2024-11-29 09:20:00+05:30,2024-12-03 10:16:00+05:30,CALL,0.2359016819011996,0.5126856105906095,24350.0,24400.0,25,-2032.4999999999995,100.593354505,-2133.093354505,DELTA_EXIT,PUT,45412.16417312526,54677.63935359025,9265.475180464991
2024-12-05,2024-12-03 10:17:00+05:30,2024-12-05 13:41:00+05:30,PUT,-0.2538591047898213,-0.0360969983076299,24100.0,24050.0,25,1275.000000000001,64.31943076,1210.680569240001,DELTA_EXIT,PUT,46622.84474236526,54677.63935359025,8054.794611224992
2024-12-12,2024-12-06 09:20:00+05:30,2024-12-12 12:34:00+05:30,PUT,-0.2571967101992445,-0.0392856053689635,24300.0,24250.0,25,1500.000000000002,74.62946353000001,1425.370536470002,DELTA_EXIT,PUT,48048.21527883526,54677.63935359025,6629.424074754992
2024-12-19,2024-12-13 09:20:00+05:30,2024-12-19 09:15:00+05:30,PUT,-0.2533552271275807,-0.9618725045398364,24150.0,24100.0,25,-3907.500000000004,113.392764775,-4020.892764775004,DELTA_EXIT,CALL,44027.32251406026,54677.63935359025,10650.316839529994
2024-12-26,2024-12-20 09:20:00+05:30,2024-12-24 09:32:00+05:30,CALL,0.2470146248560069,0.0389268490595745,24300.0,24350.0,25,1425.0,69.59787097,1355.40212903,DELTA_EXIT,CALL,45382.72464309026,54677.63935359025,9294.914710499994
2024-12-26,2024-12-24 09:33:00+05:30,2024-12-26 14:09:00+05:30,CALL,0.2271109493938163,0.0389377335159653,23900.0,23950.0,25,1072.499999999999,55.514666305000006,1016.9853336949992,DELTA_EXIT,CALL,46399.709976785256,54677.63935359025,8277.929376804997
2025-01-02,2024-12-27 09:20:00+05:30,2024-12-31 10:12:00+05:30,CALL,0.238717774783331,0.0398275154342585,24150.0,24200.0,75,4860.000000000002,101.16499378,4758.835006220002,DELTA_EXIT,CALL,51158.54498300526,54677.63935359025,3519.094370584993
2025-01-02,2024-12-31 10:13:00+05:30,2025-01-01 10:49:00+05:30,CALL,0.2585361047319261,0.5141660210042458,23700.0,23750.0,75,-7987.500000000007,212.525025835,-8200.025025835008,DELTA_EXIT,PUT,42958.519957170254,54677.63935359025,11719.11939642
2025-01-02,2025-01-01 10:50:00+05:30,2025-01-02 12:25:00+05:30,PUT,-0.2277662272212616,-0.0391718312502711,23500.0,23450.0,75,3397.500000000005,84.607090735,3312.892909265005,DELTA_EXIT,PUT,46271.41286643526,54677.63935359025,8406.226487154992
2025-01-09,2025-01-03 09:20:00+05:30,2025-01-06 10:51:00+05:30,PUT,-0.252052627518272,-0.5046209301038151,23850.0,23800.0,75,-6615.000000000014,239.18406061,-6854.184060610014,DELTA_EXIT,CALL,39417.228805825245,54677.63935359025,15260.410547765008
2025-01-09,2025-01-06 10:52:00+05:30,2025-01-08 10:34:00+05:30,CALL,0.2666290032242678,0.0395172516175198,24100.0,24150.0,75,4680.000000000003,101.2460719,4578.753928100003,DELTA_EXIT,CALL,43995.98273392525,54677.63935359025,10681.656619665002
2025-01-09,2025-01-08 10:35:00+05:30,2025-01-09 13:01:00+05:30,CALL,0.2457203471241914,0.0387194485191789,23750.0,23800.0,75,3554.999999999999,72.41292274,3482.587077259999,DELTA_EXIT,CALL,47478.56981118525,54677.63935359025,7199.069542404999
2025-01-16,2025-01-10 09:20:00+05:30,2025-01-13 14:23:00+05:30,CALL,0.2364975293481895,0.0398452270329859,23900.0,23950.0,75,4657.500000000004,99.530330935,4557.969669065004,DELTA_EXIT,CALL,52036.539480250256,54677.63935359025,2641.099873339997
2025-01-16,2025-01-13 14:24:00+05:30,2025-01-16 09:32:00+05:30,CALL,0.2545159326974913,0.5333869162552348,23350.0,23400.0,75,-337.4999999999968,108.641657155,-446.1416571549968,DELTA_EXIT,PUT,51590.397823095256,54677.63935359025,3087.2415304949973
2025-01-23,2025-01-17 09:20:00+05:30,2025-01-23 10:07:00+05:30,PUT,-0.2620542323617574,-0.038793956398282,22900.0,22850.0,75,4365.000000000002,108.96497401,4256.0350259900015,DELTA_EXIT,PUT,55846.43284908526,55846.43284908526,0.0
2025-01-30,2025-01-24 09:20:00+05:30,2025-01-27 09:15:00+05:30,PUT,-0.2509314528969544,-0.5035611645579499,22950.0,22900.0,25,-1395.0000000000018,108.61285675,-1503.6128567500018,DELTA_EXIT,CALL,54342.81999233525,55846.43284908526,1503.6128567500054
2025-01-30,2025-01-27 09:20:00+05:30,2025-01-30 09:32:00+05:30,CALL,0.2579164752576057,0.5032822081224928,23200.0,23250.0,25,-1717.4999999999964,93.225240145,-1810.7252401449964,DELTA_EXIT,PUT,52532.094752190256,55846.43284908526,3314.3380968950005
2025-02-06,2025-01-31 09:20:00+05:30,2025-02-04 09:15:00+05:30,PUT,-0.2410977908213649,-0.0300861543482554,22750.0,22700.0,75,4140.000000000002,146.82511507,3993.174884930002,DELTA_EXIT,PUT,56525.26963712026,56525.26963712026,0.0
2025-02-06,2025-02-04 09:20:00+05:30,2025-02-06 09:16:00+05:30,PUT,-0.2690075782620217,-0.0357104618927088,23350.0,23300.0,75,3622.5000000000055,85.05297197499999,3537.447028025005,DELTA_EXIT,PUT,60062.716665145264,60062.716665145264,0.0
2025-02-13,2025-02-07 09:20:00+05:30,2025-02-11 12:09:00+05:30,PUT,-0.2466716117721463,-0.5026679066932199,23250.0,23200.0,75,-5242.499999999996,176.81316443500003,-5419.313164434996,DELTA_EXIT,CALL,54643.403500710265,60062.716665145264,5419.313164435
2025-02-13,2025-02-11 12:10:00+05:30,2025-02-12 09:46:00+05:30,CALL,0.2636708651670499,0.0380918532023415,23450.0,23500.0,75,4522.500000000002,90.709193695,4431.790806305002,DELTA_EXIT,CALL,59075.19430701526,60062.716665145264,987.5223581300016
2025-02-13,2025-02-12 09:47:00+05:30,2025-02-12 11:45:00+05:30,CALL,0.2634885007034673,0.5012464887005315,23050.0,23100.0,75,-5534.999999999993,169.70465722000003,-5704.704657219992,DELTA_EXIT,PUT,53370.48964979527,60062.716665145264,6692.227015349992
2025-02-13,2025-02-12 11:46:00+05:30,2025-02-13 11:01:00+05:30,PUT,-0.2754261050941847,-0.039787480801768,22850.0,22800.0,75,4275.000000000004,83.66460601000001,4191.335393990004,DELTA_EXIT,PUT,57561.82504378528,60062.716665145264,2500.891621359988
2025-02-20,2025-02-14 09:20:00+05:30,2025-02-14 13:02:00+05:30,PUT,-0.2482652724131272,-0.507157274942019,22800.0,22750.0,75,-5265.000000000007,224.68477981,-5489.684779810007,DELTA_EXIT,CALL,52072.14026397527,60062.716665145264,7990.576401169994
2025-02-20,2025-02-14 13:03:00+05:30,2025-02-20 12:30:00+05:30,CALL,0.2554355098637857,0.0397690802998631,23100.0,23150.0,75,4995.000000000004,107.08160845000002,4887.918391550003,DELTA_EXIT,CALL,56960.05865552528,60062.716665145264,3102.6580096199905
2025-02-27,2025-02-21 09:20:00+05:30,2025-02-24 13:38:00+05:30,CALL,0.2438016935245619,0.0389096153559849,23200.0,23250.0,75,4725.000000000004,97.43729467,4627.562705330004,DELTA_EXIT,CALL,61587.62136085528,61587.62136085528,0.0
2025-02-27,2025-02-24 13:39:00+05:30,2025-02-27 11:12:00+05:30,CALL,0.242467523897118,0.039473219794202,22750.0,22800.0,75,4770.000000000004,82.64184511000002,4687.358154890004,DELTA_EXIT,CALL,66274.97951574528,66274.97951574528,0.0
2025-03-06,2025-02-28 09:20:00+05:30,2025-03-04 09:15:00+05:30,CALL,0.2480355984666965,0.0316895861180052,22600.0,22650.0,75,5557.500000000004,96.978119305,5460.521880695003,DELTA_EXIT,CALL,71735.50139644028,71735.50139644028,0.0
2025-03-06,2025-03-04 09:20:00+05:30,2025-03-05 09:31:00+05:30,CALL,0.2345473131887481,0.5023538262924179,22200.0,22250.0,75,-6817.5,135.343878925,-6952.843878925,DELTA_EXIT,PUT,64782.65751751528,71735.50139644028,6952.843878924999
2025-03-06,2025-03-05 09:32:00+05:30,2025-03-06 09:15:00+05:30,PUT,-0.2455453250215431,-0.0356329486123552,22050.0,22000.0,75,3600.000000000004,75.25508125,3524.744918750004,DELTA_EXIT,PUT,68307.40243626529,71735.50139644028,3428.0989601749898
2025-03-13,2025-03-07 09:20:00+05:30,2025-03-13 10:00:00+05:30,PUT,-0.2307536757365913,-0.0390812599789431,22250.0,22200.0,75,3757.500000000004,92.905935025,3664.594064975004,DELTA_EXIT,PUT,71971.99650124028,71971.99650124028,0.0
2025-03-20,2025-03-17 09:20:00+05:30,2025-03-19 09:15:00+05:30,PUT,-0.2359820904285788,-0.0377588174239802,22300.0,22250.0,75,3285.0,83.56330677999999,3201.43669322,DELTA_EXIT,PUT,75173.43319446029,75173.43319446029,0.0
2025-03-20,2025-03-19 09:20:00+05:30,2025-03-20 09:44:00+05:30,PUT,-0.242187294395975,-0.0395287883803241,22700.0,22650.0,75,3172.500000000002,75.78439802499999,3096.715601975002,DELTA_EXIT,PUT,78270.14879643529,78270.14879643529,0.0
2025-03-27,2025-03-21 09:20:00+05:30,2025-03-25 09:34:00+05:30,PUT,-0.2427956890334068,-0.0392645044612242,22950.0,22900.0,75,4117.5000000000055,92.99634596500002,4024.5036540350056,DELTA_EXIT,PUT,82294.6524504703,82294.6524504703,0.0
2025-03-27,2025-03-25 09:35:00+05:30,2025-03-26 13:18:00+05:30,PUT,-0.264548339989586,-0.5226757873252132,23550.0,23500.0,75,-4882.500000000001,150.089359765,-5032.589359765001,DELTA_EXIT,CALL,77262.0630907053,82294.6524504703,5032.589359764999
2025-03-27,2025-03-26 13:19:00+05:30,2025-03-27 14:31:00+05:30,CALL,0.2687109913015247,0.0352590002581931,23700.0,23750.0,75,5332.499999999999,79.399764355,5253.100235644999,DELTA_EXIT,CALL,82515.1633263503,82515.1633263503,0.0
2025-04-03,2025-03-28 09:20:00+05:30,2025-04-01 10:31:00+05:30,CALL,0.2520534252390087,0.0398726707922235,23900.0,23950.0,75,4410.000000000002,104.01964447,4305.980355530002,DELTA_EXIT,CALL,86821.1436818803,86821.1436818803,0.0
2025-04-03,2025-04-01 10:32:00+05:30,2025-04-03 09:15:00+05:30,CALL,0.2307781126841512,0.0373670015221406,23500.0,23550.0,75,4477.5,79.40603465500001,4398.093965345,DELTA_EXIT,CALL,91219.23764722532,91219.23764722532,0.0
2025-09-02,2025-08-26 09:20:00+05:30,2025-08-28 15:07:00+05:30,CALL,0.2360071350568398,0.038878559532598,25100.0,25150.0,75,3937.500000000004,90.762224935,3846.737775065004,DELTA_EXIT,CALL,95065.97542229031,95065.97542229031,0.0
2025-09-02,2025-08-28 15:08:00+05:30,2025-09-02 09:50:00+05:30,CALL,0.2671114388717115,0.5030799174681255,24700.0,24750.0,75,-3239.9999999999964,108.51782782,-3348.5178278199965,DELTA_EXIT,PUT,91717.45759447032,95065.97542229031,3348.517827819989
2025-09-09,2025-09-03 09:20:00+05:30,2025-09-08 09:15:00+05:30,PUT,-0.2629061775385238,-0.0372077195388231,24350.0,24300.0,75,3915.000000000002,91.31958859,3823.6804114100014,DELTA_EXIT,PUT,95541.13800588032,95541.13800588032,0.0
2025-09-09,2025-09-08 09:20:00+05:30,2025-09-09 13:28:00+05:30,PUT,-0.2186539597158526,-0.0396472703374533,24650.0,24600.0,75,2812.499999999999,66.727852195,2745.772147804999,DELTA_EXIT,PUT,98286.91015368533,98286.91015368533,0.0
2025-09-16,2025-09-10 09:20:00+05:30,2025-09-15 12:00:00+05:30,PUT,-0.2316645279620411,-0.0398033965105834,24750.0,24700.0,75,3442.500000000001,82.22952752500001,3360.270472475001,DELTA_EXIT,PUT,101647.18062616032,101647.18062616032,0.0
2025-09-16,2025-09-15 12:01:00+05:30,2025-09-16 13:23:00+05:30,PUT,-0.2134899584594698,-0.0395112492573852,25000.0,24950.0,75,2542.499999999999,62.00859842499999,2480.491401574999,DELTA_EXIT,PUT,104127.67202773532,104127.67202773532,0.0
2025-09-23,2025-09-17 09:20:00+05:30,2025-09-23 11:13:00+05:30,PUT,-0.2275288257024507,-0.5037915216327065,25100.0,25050.0,75,-4252.499999999998,93.441010675,-4345.941010674998,DELTA_EXIT,CALL,99781.73101706032,104127.67202773532,4345.941010675
2025-09-30,2025-09-24 09:20:00+05:30,2025-09-26 14:08:00+05:30,CALL,0.2610792859428108,0.0393592817763555,25300.0,25350.0,75,5129.999999999999,93.29798308,5036.702016919999,DELTA_EXIT,CALL,104818.43303398031,104818.43303398031,0.0
2025-09-30,2025-09-26 14:09:00+05:30,2025-09-30 13:23:00+05:30,CALL,0.2400503351547434,0.0390236271304358,24850.0,24900.0,75,3915.000000000002,78.22818976,3836.771810240001,DELTA_EXIT,CALL,108655.20484422032,108655.20484422032,0.0
2025-10-07,2025-10-01 09:20:00+05:30,2025-10-01 14:43:00+05:30,CALL,0.2470084026836889,0.5156659804697101,24850.0,24900.0,75,-7289.999999999994,164.22308392000002,-7454.223083919995,DELTA_EXIT,PUT,101200.98176030032,108655.20484422032,7454.223083919991
2025-10-07,2025-10-01 14:44:00+05:30,2025-10-07 09:15:00+05:30,PUT,-0.2693811844329352,-0.0248741792139224,24700.0,24650.0,75,3667.500000000001,81.24419474499999,3586.2558052550007,DELTA_EXIT,PUT,104787.23756555532,108655.20484422032,3867.96727866499
2025-10-14,2025-10-08 09:20:00+05:30,2025-10-14 09:28:00+05:30,PUT,-0.2765703977037801,-0.0390634966429455,25000.0,24950.0,75,4027.500000000005,84.36541184499998,3943.1345881550046,DELTA_EXIT,PUT,108730.37215371033,108730.37215371033,0.0
2025-10-28,2025-10-23 09:20:00+05:30,2025-10-24 11:06:00+05:30,PUT,-0.2387523398411525,-0.5011172136221073,25800.0,25750.0,75,-5804.999999999999,141.32827759,-5946.328277589999,DELTA_EXIT,CALL,102784.04387612033,108730.37215371033,5946.328277590001
2025-10-28,2025-10-24 11:07:00+05:30,2025-10-27 12:05:00+05:30,CALL,0.2684352192738208,0.5032456363472864,26000.0,26050.0,75,-8527.499999999993,160.739421115,-8688.239421114993,DELTA_EXIT,PUT,94095.80445500532,108730.37215371033,14634.567698704996
2025-10-28,2025-10-27 12:06:00+05:30,2025-10-28 10:07:00+05:30,PUT,-0.2827095172861511,-0.5013945725812503,25900.0,25850.0,75,-6097.499999999997,111.27825152500002,-6208.778251524997,DELTA_EXIT,CALL,87887.02620348033,108730.37215371033,20843.34595023
2025-11-04,2025-10-29 09:20:00+05:30,2025-11-03 09:15:00+05:30,CALL,0.2472452076437811,0.0319796468643294,26300.0,26350.0,75,5085.0000000000055,102.83161639,4982.168383610006,DELTA_EXIT,CALL,92869.19458709034,108730.37215371033,15861.177566619985
2025-11-04,2025-11-03 09:20:00+05:30,2025-11-04 12:28:00+05:30,CALL,0.2362563689494086,0.0395734241877175,25900.0,25950.0,75,3847.5,78.595350295,3768.904649705,DELTA_EXIT,CALL,96638.09923679534,108730.37215371033,12092.272916914982
2025-11-11,2025-11-06 09:20:00+05:30,2025-11-07 10:09:00+05:30,CALL,0.2610257279615894,0.0396211996717623,25900.0,25950.0,75,5354.999999999999,94.45947133,5260.540528669999,DELTA_EXIT,CALL,101898.63976546534,108730.37215371033,6831.7323882449855
2025-11-11,2025-11-07 10:10:00+05:30,2025-11-07 12:50:00+05:30,CALL,0.2771078578745833,0.503545837443212,25500.0,25550.0,75,-5444.999999999991,150.51110701000002,-5595.511107009991,DELTA_EXIT,PUT,96303.12865845536,108730.37215371033,12427.24349525498
2025-11-11,2025-11-07 12:51:00+05:30,2025-11-11 12:21:00+05:30,PUT,-0.2589614887982101,-0.0393677680880278,25350.0,25300.0,75,3960.0,76.01900466999999,3883.98099533,DELTA_EXIT,PUT,100187.10965378534,108730.37215371033,8543.262499924982
2025-11-18,2025-11-12 09:20:00+05:30,2025-11-17 15:09:00+05:30,PUT,-0.2477166811888689,-0.0399285346317598,25600.0,25550.0,75,3375.0,89.28971833,3285.71028167,DELTA_EXIT,PUT,103472.81993545537,108730.37215371033,5257.552218254976
2025-11-18,2025-11-17 15:10:00+05:30,2025-11-18 09:59:00+05:30,PUT,-0.2587398893142496,-0.5095234610606307,25900.0,25850.0,75,-6390.0,103.07528653,-6493.07528653,DELTA_EXIT,CALL,96979.74464892536,108730.37215371033,11750.627504784978
2025-11-25,2025-11-19 09:20:00+05:30,2025-11-20 12:00:00+05:30,CALL,0.2434926604255094,0.503129633707321,26150.0,26200.0,75,-6862.5,187.098325825,-7049.598325825,DELTA_EXIT,PUT,89930.14632310034,108730.37215371033,18800.225830609983
2025-11-25,2025-11-20 12:01:00+05:30,2025-11-24 15:20:00+05:30,PUT,-0.2588572809192454,-0.5050850344694031,25950.0,25900.0,75,-3779.999999999993,121.30523212,-3901.305232119993,DELTA_EXIT,CALL,86028.84109098035,108730.37215371033,22701.531062729977
2025-11-25,2025-11-24 15:21:00+05:30,2025-11-25 14:27:00+05:30,CALL,0.2192921879561044,0.0312435479472955,26100.0,26150.0,75,3914.999999999998,68.25178615,3846.748213849998,DELTA_EXIT,CALL,89875.58930483036,108730.37215371033,18854.78284887997
2025-12-02,2025-11-26 09:20:00+05:30,2025-11-27 09:19:00+05:30,CALL,0.2309530209992929,0.5048996283137503,26250.0,26300.0,75,-7560.000000000005,190.94844406,-7750.948444060005,DELTA_EXIT,PUT,82124.64086077035,108730.37215371033,26605.731292939978
2025-12-02,2025-11-27 09:20:00+05:30,2025-12-02 10:17:00+05:30,PUT,-0.2439871898412262,-0.5010098468113406,26050.0,26000.0,75,-5309.999999999997,105.91428568,-5415.914285679997,DELTA_EXIT,CALL,76708.72657509035,108730.37215371033,32021.64557861998
2025-12-09,2025-12-03 09:20:00+05:30,2025-12-09 09:15:00+05:30,CALL,0.2684367338630169,0.0310015518893802,26250.0,26300.0,75,5512.500000000004,95.81974199500002,5416.680258005003,DELTA_EXIT,CALL,82125.40683309535,108730.37215371033,26604.96532061498
2025-12-16,2025-12-10 09:20:00+05:30,2025-12-16 11:42:00+05:30,CALL,0.2404667243489103,0.0398961525009737,26100.0,26150.0,75,4635.000000000002,87.50143011999998,4547.498569880002,DELTA_EXIT,CALL,86672.90540297535,108730.37215371033,22057.46675073498
2025-12-23,2025-12-17 09:20:00+05:30,2025-12-22 09:20:00+05:30,CALL,0.2615788280454714,0.517356504188924,26100.0,26150.0,75,-6074.999999999994,141.44989477,-6216.449894769994,DELTA_EXIT,PUT,80456.45550820536,108730.37215371033,28273.91664550497
2025-12-23,2025-12-22 09:21:00+05:30,2025-12-23 11:10:00+05:30,PUT,-0.2507879998537381,-0.0379171786961506,26000.0,25950.0,75,3532.499999999999,68.67664433499999,3463.823355665,DELTA_EXIT,PUT,83920.27886387035,108730.37215371033,24810.093289839977
2025-12-30,2025-12-24 09:20:00+05:30,2025-12-26 11:47:00+05:30,PUT,-0.2737987131216279,-0.5005227164507458,26050.0,26000.0,75,-3689.9999999999945,116.50801117,-3806.5080111699945,DELTA_EXIT,CALL,80113.77085270036,108730.37215371033,28616.60130100997
2025-12-30,2025-12-26 11:48:00+05:30,2025-12-30 09:15:00+05:30,CALL,0.221755634278058,0.0338247574974603,26200.0,26250.0,75,4050.0,67.64374867000001,3982.35625133,DELTA_EXIT,CALL,84096.12710403035,108730.37215371033,24634.24504967997
2026-01-06,2025-12-31 09:20:00+05:30,2026-01-02 09:27:00+05:30,CALL,0.2666002166181183,0.5014379144570509,26200.0,26250.0,65,-4913.999999999998,124.274344828,-5038.274344827998,DELTA_EXIT,PUT,79057.85275920236,108730.37215371033,29672.519394507966
2026-01-06,2026-01-02 09:28:00+05:30,2026-01-06 14:47:00+05:30,PUT,-0.2723562983460522,-0.0337649832970128,26100.0,26050.0,65,3393.0,67.341941482,3325.658058518,DELTA_EXIT,PUT,82383.51081772037,108730.37215371033,26346.86133598996
2026-01-13,2026-01-07 09:20:00+05:30,2026-01-08 11:58:00+05:30,PUT,-0.2274812972490337,-0.5174506951291287,25950.0,25900.0,65,-4601.999999999996,126.432170758,-4728.432170757997,DELTA_EXIT,CALL,77655.07864696237,108730.37215371033,31075.29350674796
2026-01-13,2026-01-08 11:59:00+05:30,2026-01-12 09:15:00+05:30,CALL,0.2330681153697683,0.038603069072254,26150.0,26200.0,65,3549.000000000002,76.611046834,3472.388953166002,DELTA_EXIT,CALL,81127.46760012837,108730.37215371033,27602.90455358196
2026-01-13,2026-01-12 09:20:00+05:30,2026-01-12 13:36:00+05:30,CALL,0.248098716747344,0.5045172958045796,25750.0,25800.0,65,-5693.999999999995,120.649153414,-5814.649153413995,DELTA_EXIT,PUT,75312.81844671437,108730.37215371033,33417.553706995954
2026-01-13,2026-01-12 13:37:00+05:30,2026-01-13 14:46:00+05:30,PUT,-0.235658772696679,-0.0348020149018438,25600.0,25550.0,65,2827.499999999998,65.772565609,2761.7274343909985,DELTA_EXIT,PUT,78074.54588110537,108730.37215371033,30655.82627260496
2026-01-20,2026-01-14 09:20:00+05:30,2026-01-20 09:54:00+05:30,PUT,-0.2331016243582196,-0.543153007194054,25450.0,25400.0,65,-6025.499999999996,115.946376127,-6141.446376126996,DELTA_EXIT,CALL,71933.09950497837,108730.37215371033,36797.27264873196
2026-01-27,2026-01-21 09:20:00+05:30,2026-01-27 09:21:00+05:30,CALL,0.2505832836136937,0.0358046139310933,25500.0,25550.0,65,4368.000000000002,94.410140536,4273.589859464002,DELTA_EXIT,CALL,76206.68936444237,108730.37215371033,32523.68278926796
2026-02-03,2026-01-28 09:20:00+05:30,2026-02-01 14:49:00+05:30,CALL,0.238775495581444,0.037620646838275,25800.0,25850.0,65,4134.000000000004,113.011878574,4020.988121426004,DELTA_EXIT,CALL,80227.67748586838,108730.37215371033,28502.694667841948
2026-02-03,2026-02-01 14:50:00+05:30,2026-02-03 09:23:00+05:30,CALL,0.2506068513987516,0.9274073305596172,25250.0,25300.0,65,-14761.499999999964,503.92660255300007,-15265.426602552963,DELTA_EXIT,PUT,64962.25088331541,108730.37215371033,43768.12127039491
2026-02-10,2026-02-04 09:20:00+05:30,2026-02-10 09:15:00+05:30,PUT,-0.2415389026836785,-0.0257485040247704,25400.0,25350.0,65,3510.0,98.043504322,3411.956495678,DELTA_EXIT,PUT,68374.20737899341,108730.37215371033,40356.16477471692
2026-02-17,2026-02-11 09:20:00+05:30,2026-02-13 09:15:00+05:30,PUT,-0.2308011556139203,-0.8195212842538554,25750.0,25700.0,65,-9282.000000000004,189.100199038,-9471.100199038005,DELTA_EXIT,CALL,58903.107179955405,108730.37215371033,49827.26497375492
2026-02-17,2026-02-13 09:20:00+05:30,2026-02-17 14:31:00+05:30,CALL,0.2480391773008103,0.0394104674376826,25800.0,25850.0,65,3588.0000000000014,77.505528058,3510.4944719420014,DELTA_EXIT,CALL,62413.60165189741,108730.37215371033,46316.77050181292
2026-02-24,2026-02-18 09:20:00+05:30,2026-02-24 09:18:00+05:30,CALL,0.2655651992187415,0.0381525414113055,25950.0,26000.0,65,4153.499999999999,88.30483120900001,4065.195168790999,DELTA_EXIT,CALL,66478.79682068841,108730.37215371033,42251.57533302192
2026-03-02,2026-02-25 09:20:00+05:30,2026-03-02 09:15:00+05:30,CALL,0.2391534687802912,0.013705931588832,25850.0,25900.0,65,4017.000000000004,87.45426730000001,3929.545732700004,DELTA_EXIT,CALL,70408.34255338841,108730.37215371033,38322.02960032191
2026-03-10,2026-03-04 09:20:00+05:30,2026-03-09 09:18:00+05:30,CALL,0.2493852556047791,0.0383258543493817,24900.0,24950.0,65,4406.999999999998,129.925969534,4277.074030465999,DELTA_EXIT,CALL,74685.41658385441,108730.37215371033,34044.95556985591
2026-03-10,2026-03-09 09:20:00+05:30,2026-03-10 09:15:00+05:30,CALL,0.2633865160171249,0.5721428559426204,24150.0,24200.0,65,-5284.500000000004,190.364070907,-5474.864070907003,DELTA_EXIT,PUT,69210.55251294741,108730.37215371033,39519.81964076292
2026-03-17,2026-03-11 09:20:00+05:30,2026-03-12 09:15:00+05:30,PUT,-0.2472421565853796,-0.6512901600143601,23850.0,23800.0,65,-7819.499999999982,405.472417087,-8224.972417086981,DELTA_EXIT,CALL,60985.58009586043,108730.37215371033,47744.792057849896
2026-03-17,2026-03-12 09:20:00+05:30,2026-03-16 09:21:00+05:30,CALL,0.2608761704709319,0.0388415609383082,24050.0,24100.0,65,4601.999999999998,128.196448234,4473.803551765998,DELTA_EXIT,CALL,65459.383647626426,108730.37215371033,43270.9885060839
2026-03-17,2026-03-16 09:22:00+05:30,2026-03-16 14:49:00+05:30,CALL,0.2546042107293145,0.5072661774584974,23450.0,23500.0,65,-5070.0,190.85116363,-5260.85116363,DELTA_EXIT,PUT,60198.53248399642,108730.37215371033,48531.8396697139
2026-03-17,2026-03-16 14:50:00+05:30,2026-03-17 11:02:00+05:30,PUT,-0.2606899033238083,-0.0398298205927789,23150.0,23100.0,65,3451.5000000000064,101.243782273,3350.2562177270065,DELTA_EXIT,PUT,63548.78870172343,108730.37215371033,45181.583451986895
2026-03-24,2026-03-18 09:20:00+05:30,2026-03-19 09:18:00+05:30,PUT,-0.2432508427745872,-0.5011548237934513,23300.0,23250.0,65,-4972.5,278.984061457,-5251.484061457,DELTA_EXIT,CALL,58297.30464026643,108730.37215371033,50433.06751344389
2026-03-24,2026-03-19 09:20:00+05:30,2026-03-23 09:52:00+05:30,CALL,0.2446908895608852,0.0398692868443998,23650.0,23700.0,65,3724.499999999999,105.717536467,3618.7824635329994,DELTA_EXIT,CALL,61916.08710379943,108730.37215371033,46814.2850499109
2026-03-24,2026-03-23 09:53:00+05:30,2026-03-24 12:52:00+05:30,CALL,0.245992657795766,0.5430879021783652,23000.0,23050.0,65,-5342.999999999996,165.473265838,-5508.473265837996,DELTA_EXIT,PUT,56407.61383796144,108730.37215371033,52322.75831574889
2026-03-30,2026-03-25 09:20:00+05:30,2026-03-30 09:15:00+05:30,PUT,-0.2475918689998283,-0.6930335888778659,22650.0,22600.0,65,-9360.000000000004,278.114750404,-9638.114750404004,DELTA_EXIT,CALL,46769.49908755743,108730.37215371033,61960.8730661529
2026-04-07,2026-04-01 09:20:00+05:30,2026-04-07 09:15:00+05:30,CALL,0.2477222551328366,0.0143137244966203,23450.0,23500.0,65,4212.000000000004,151.68243371800003,4060.317566282004,DELTA_EXIT,CALL,50829.81665383944,108730.37215371033,57900.55549987089
2026-04-13,2026-04-08 09:20:00+05:30,2026-04-13 09:15:00+05:30,CALL,0.2593331236274938,0.0115483011186042,24300.0,24350.0,65,4465.500000000002,129.14576458899998,4336.354235411002,DELTA_EXIT,CALL,55166.17088925044,108730.37215371033,53564.20126445989
2026-04-21,2026-04-15 09:20:00+05:30,2026-04-21 15:08:00+05:30,CALL,0.2480800392205999,0.0284836549541731,24600.0,24650.0,65,4738.500000000002,116.540176087,4621.959823913002,DELTA_EXIT,CALL,59788.13071316344,108730.37215371033,48942.24144054689
2026-04-28,2026-04-22 09:20:00+05:30,2026-04-24 10:27:00+05:30,CALL,0.2516782089886994,0.0399480510315366,24850.0,24900.0,65,4192.5,125.246555509,4067.253444491,DELTA_EXIT,CALL,63855.38415765444,108730.37215371033,44874.98799605589
2026-04-28,2026-04-24 10:28:00+05:30,2026-04-28 12:19:00+05:30,CALL,0.26250863653347,0.0398761387360957,24250.0,24300.0,65,4251.000000000002,112.090338136,4138.9096618640015,DELTA_EXIT,CALL,67994.29381951844,108730.37215371033,40736.07833419189
2026-05-05,2026-04-29 09:20:00+05:30,2026-05-05 09:15:00+05:30,CALL,0.2377491663130361,0.0284619293175615,24450.0,24500.0,65,3919.500000000002,105.397331959,3814.1026680410014,DELTA_EXIT,CALL,71808.39648755944,108730.37215371033,36921.97566615089
2026-05-12,2026-05-06 09:20:00+05:30,2026-05-11 09:39:00+05:30,CALL,0.2358668498611394,0.039920961963146,24550.0,24600.0,65,4114.500000000002,113.769939787,4000.7300602130017,DELTA_EXIT,CALL,75809.12654777244,108730.37215371033,32921.24560593789
2026-05-12,2026-05-11 09:40:00+05:30,2026-05-12 09:15:00+05:30,CALL,0.2585709064870591,0.0361592188073214,24100.0,24150.0,65,4134.000000000001,95.54577748,4038.4542225200007,DELTA_EXIT,CALL,79847.58077029244,108730.37215371033,28882.79138341789
2026-05-19,2026-05-13 09:20:00+05:30,2026-05-19 13:41:00+05:30,CALL,0.2385755934481275,0.0386341959084899,23850.0,23900.0,65,4095.0,122.10046993,3972.89953007,DELTA_EXIT,CALL,83820.48030036244,108730.37215371033,24909.891853347886
