expiry,entry_ts,spot_entry,atm,x_call,x_put,direction
2021-06-03,2021-05-28 10:15:00+05:30,15417.25,15400,1.4499999999999997,3.1500000000000004,BULLISH
2021-06-10,2021-06-04 10:15:00+05:30,15722.75,15700,1.5,4.35,BULLISH
2021-07-15,2021-07-09 10:15:00+05:30,15673.45,15650,1.8499999999999996,2.75,BULLISH
2021-09-02,2021-08-27 10:15:00+05:30,16644.45,16650,1.4000000000000001,3.3,BULLISH
2021-09-09,2021-09-03 10:15:00+05:30,17301.3,17300,1.3499999999999996,5.1000000000000005,BULLISH
2021-10-07,2021-10-01 10:15:00+05:30,17493.6,17500,3.0,7.199999999999999,BULLISH
2021-11-18,2021-11-12 10:15:00+05:30,17959.1,17950,1.7500000000000004,3.1500000000000004,BULLISH
2021-12-02,2021-11-26 10:15:00+05:30,17244.05,17250,3.249999999999999,5.25,BULLISH
2021-12-09,2021-12-03 10:15:00+05:30,17385.7,17400,1.7999999999999998,9.500000000000004,BULLISH
2021-12-16,2021-12-10 10:15:00+05:30,17447.05,17450,1.7499999999999991,6.450000000000001,BULLISH
2021-12-23,2021-12-17 10:15:00+05:30,17091.45,17100,3.3,5.15,BULLISH
2022-01-06,2021-12-31 10:15:00+05:30,17358.65,17350,1.25,5.800000000000001,BULLISH
2022-01-13,2022-01-07 10:15:00+05:30,17888.9,17900,1.6,6.200000000000001,BULLISH
2022-01-20,2022-01-14 10:15:00+05:30,18197.85,18200,1.3499999999999996,4.949999999999999,BULLISH
2022-02-03,2022-01-28 10:15:00+05:30,17335.6,17350,15.950000000000006,26.1,BULLISH
2022-02-10,2022-02-04 10:15:00+05:30,17548.05,17550,2.3999999999999995,8.9,BULLISH
2022-02-17,2022-02-11 10:15:00+05:30,17308.6,17300,3.0,9.500000000000002,BULLISH
2022-03-03,2022-02-24 10:15:00+05:30,16535.95,16550,32.60000000000001,72.55000000000001,BULLISH
2022-03-10,2022-03-04 10:15:00+05:30,16211.2,16200,14.650000000000002,44.9,BULLISH
2022-03-17,2022-03-11 10:15:00+05:30,16626.2,16650,7.049999999999997,39.699999999999996,BULLISH
2022-03-24,2022-03-17 10:15:00+05:30,17269.55,17250,4.5000000000000036,28.250000000000007,BULLISH
2022-04-07,2022-04-01 10:15:00+05:30,17527.95,17550,1.1500000000000004,8.3,BULLISH
2022-04-13,2022-04-07 10:15:00+05:30,17730.8,17750,3.75,5.799999999999999,BULLISH
2022-04-21,2022-04-13 10:15:00+05:30,17557.5,17550,3.1000000000000005,2.6000000000000005,BEARISH
2022-05-05,2022-04-28 10:15:00+05:30,17101.35,17100,3.950000000000001,9.499999999999996,BULLISH
2022-05-12,2022-05-06 10:15:00+05:30,16373.7,16350,6.0500000000000025,13.199999999999996,BULLISH
2022-05-19,2022-05-13 10:15:00+05:30,15891.15,15900,4.649999999999999,13.849999999999998,BULLISH
2022-06-02,2022-05-27 10:15:00+05:30,16275.0,16250,2.55,9.900000000000002,BULLISH
2022-06-09,2022-06-03 10:15:00+05:30,16753.25,16750,1.6499999999999995,7.350000000000001,BULLISH
2022-06-16,2022-06-10 10:15:00+05:30,16266.0,16250,2.05,4.6,BULLISH
2022-06-23,2022-06-17 10:15:00+05:30,15297.05,15300,4.200000000000001,21.5,BULLISH
2022-07-07,2022-07-01 10:15:00+05:30,15544.1,15550,3.0500000000000007,8.75,BULLISH
2022-07-21,2022-07-15 10:15:00+05:30,15988.6,16000,1.1500000000000001,3.05,BULLISH
2022-08-04,2022-07-29 10:15:00+05:30,17120.55,17100,1.1500000000000004,4.299999999999999,BULLISH
2022-08-11,2022-08-04 10:15:00+05:30,17439.15,17450,3.3,11.100000000000001,BULLISH
2022-08-18,2022-08-11 10:15:00+05:30,17676.65,17700,2.2,7.300000000000001,BULLISH
2022-09-01,2022-08-25 10:15:00+05:30,17691.85,17700,2.7,5.75,BULLISH
2022-09-08,2022-09-02 10:15:00+05:30,17494.75,17500,2.6000000000000005,7.249999999999998,BULLISH
2022-09-15,2022-09-09 10:15:00+05:30,17894.3,17900,1.4500000000000002,5.1,BULLISH
2022-09-22,2022-09-16 10:15:00+05:30,17657.45,17650,3.0999999999999996,6.35,BULLISH
2022-10-06,2022-09-29 10:15:00+05:30,16985.55,17000,3.0999999999999996,13.050000000000004,BULLISH
2022-10-13,2022-10-07 10:15:00+05:30,17282.1,17300,1.75,5.15,BULLISH
2022-10-20,2022-10-14 10:15:00+05:30,17307.4,17300,1.7999999999999998,4.749999999999998,BULLISH
2022-11-03,2022-10-28 10:15:00+05:30,17836.2,17850,1.15,3.8500000000000005,BULLISH
2022-11-10,2022-11-03 10:15:00+05:30,18092.4,18100,1.6500000000000004,5.600000000000001,BULLISH
2022-11-17,2022-11-11 10:15:00+05:30,18315.55,18300,1.5499999999999998,2.5500000000000007,BULLISH
2022-12-08,2022-12-02 10:15:00+05:30,18704.5,18700,2.0500000000000003,2.6499999999999995,BULLISH
2022-12-15,2022-12-09 10:15:00+05:30,18609.5,18600,1.8500000000000005,2.0,BULLISH
2022-12-22,2022-12-16 10:15:00+05:30,18336.9,18350,2.05,2.8999999999999995,BULLISH
2023-01-05,2022-12-30 10:15:00+05:30,18225.4,18250,1.4,3.5500000000000007,BULLISH
2023-01-12,2023-01-06 10:15:00+05:30,17949.55,17950,1.9500000000000002,2.1500000000000004,BULLISH
2023-01-19,2023-01-13 10:15:00+05:30,17783.95,17800,2.5999999999999996,2.5999999999999996,NO_TRADE_TIE
2023-02-02,2023-01-27 10:15:00+05:30,17688.0,17700,5.9,9.75,BULLISH
2023-02-09,2023-02-03 10:15:00+05:30,17684.45,17700,1.9499999999999997,4.6499999999999995,BULLISH
2023-02-16,2023-02-10 10:15:00+05:30,17823.7,17800,1.2500000000000004,1.9499999999999997,BULLISH
2023-03-02,2023-02-24 10:15:00+05:30,17557.3,17550,1.8500000000000005,2.3499999999999996,BULLISH
2023-03-16,2023-03-10 10:15:00+05:30,17390.3,17400,1.75,3.0999999999999996,BULLISH
2023-03-23,2023-03-17 10:15:00+05:30,17094.45,17100,2.250000000000001,4.3500000000000005,BULLISH
2023-04-06,2023-03-29 10:15:00+05:30,17016.7,17000,1.9,3.3499999999999988,BULLISH
2023-05-04,2023-04-27 10:15:00+05:30,17827.75,17850,1.2000000000000004,3.5999999999999996,BULLISH
2023-05-11,2023-05-05 10:15:00+05:30,18198.4,18200,1.4,1.9,BULLISH
2023-06-01,2023-05-26 10:15:00+05:30,18375.9,18400,1.5,2.2499999999999996,BULLISH
2023-06-08,2023-06-02 10:15:00+05:30,18493.2,18500,1.9000000000000004,2.0000000000000004,BULLISH
2023-06-15,2023-06-09 10:15:00+05:30,18639.7,18650,1.5499999999999998,2.1499999999999995,BULLISH
2023-06-22,2023-06-16 10:15:00+05:30,18769.1,18750,1.5499999999999998,2.3000000000000003,BULLISH
2023-07-06,2023-06-30 10:15:00+05:30,19093.8,19100,1.2500000000000002,3.3499999999999996,BULLISH
2023-07-13,2023-07-07 10:15:00+05:30,19492.35,19500,1.35,3.500000000000001,BULLISH
2023-07-20,2023-07-14 10:15:00+05:30,19448.6,19450,1.7499999999999996,2.25,BULLISH
2023-08-03,2023-07-28 10:15:00+05:30,19618.65,19600,2.8000000000000003,2.249999999999999,BEARISH
2023-08-10,2023-08-04 10:15:00+05:30,19474.5,19450,1.7499999999999996,2.6,BULLISH
2023-08-17,2023-08-10 10:15:00+05:30,19614.5,19600,1.9499999999999997,3.549999999999999,BULLISH
2023-08-24,2023-08-18 10:15:00+05:30,19262.65,19250,1.5,1.9999999999999996,BULLISH
2023-09-07,2023-09-01 10:15:00+05:30,19302.6,19300,1.2000000000000002,2.2,BULLISH
2023-09-14,2023-09-08 10:15:00+05:30,19776.95,19800,1.35,2.75,BULLISH
2023-10-05,2023-09-28 10:15:00+05:30,19727.9,19750,2.4000000000000004,3.8999999999999986,BULLISH
2023-10-12,2023-10-06 10:15:00+05:30,19602.95,19600,1.25,2.0000000000000004,BULLISH
2023-10-19,2023-10-13 10:15:00+05:30,19689.8,19700,1.2000000000000004,2.6999999999999997,BULLISH
2023-11-02,2023-10-27 10:15:00+05:30,18984.45,19000,1.75,4.0,BULLISH
2023-11-09,2023-11-03 10:15:00+05:30,19264.0,19250,1.0499999999999998,2.45,BULLISH
2023-11-16,2023-11-10 10:15:00+05:30,19352.5,19350,1.1,1.6500000000000004,BULLISH
2023-11-23,2023-11-17 10:15:00+05:30,19749.5,19750,1.3499999999999996,2.8,BULLISH
2023-12-07,2023-12-01 10:15:00+05:30,20254.35,20250,1.35,4.699999999999999,BULLISH
2023-12-14,2023-12-08 10:15:00+05:30,20987.65,21000,2.0,3.749999999999999,BULLISH
2023-12-21,2023-12-15 10:15:00+05:30,21325.5,21350,1.2000000000000002,4.950000000000001,BULLISH
2024-01-04,2023-12-29 10:15:00+05:30,21688.75,21700,4.050000000000002,4.549999999999999,BULLISH
2024-01-11,2024-01-05 10:15:00+05:30,21733.95,21750,1.2999999999999998,2.75,BULLISH
2024-01-18,2024-01-12 10:15:00+05:30,21806.4,21800,1.35,5.3500000000000005,BULLISH
2024-02-01,2024-01-25 10:15:00+05:30,21359.85,21350,10.149999999999999,15.05,BULLISH
2024-02-08,2024-02-02 10:15:00+05:30,21933.05,21950,2.3,7.599999999999998,BULLISH
2024-02-15,2024-02-09 10:15:00+05:30,21730.45,21750,2.7500000000000018,8.4,BULLISH
2024-02-22,2024-02-16 10:15:00+05:30,22029.25,22050,1.549999999999999,7.200000000000001,BULLISH
2024-03-14,2024-03-07 10:15:00+05:30,22483.2,22500,2.1,4.249999999999999,BULLISH
2024-03-21,2024-03-15 10:15:00+05:30,22016.8,22000,2.450000000000001,5.500000000000002,BULLISH
2024-04-04,2024-03-28 10:15:00+05:30,22317.15,22300,1.65,3.8500000000000005,BULLISH
2024-04-10,2024-04-04 10:15:00+05:30,22391.15,22400,2.1500000000000004,3.0,BULLISH
2024-04-18,2024-04-10 10:15:00+05:30,22709.3,22700,1.75,4.1,BULLISH
2024-05-02,2024-04-25 10:15:00+05:30,22443.9,22450,2.0000000000000004,5.75,BULLISH
2024-05-09,2024-05-03 10:15:00+05:30,22687.8,22700,2.05,4.300000000000001,BULLISH
2024-05-16,2024-05-10 10:15:00+05:30,22106.8,22100,2.7500000000000018,6.500000000000002,BULLISH
2024-05-23,2024-05-17 10:15:00+05:30,22387.25,22400,2.0000000000000004,6.549999999999999,BULLISH
2024-06-06,2024-05-31 10:15:00+05:30,22542.85,22550,88.9,9.150000000000006,BEARISH
2024-06-13,2024-06-07 10:15:00+05:30,22966.5,22950,12.75,27.199999999999996,BULLISH
2024-06-20,2024-06-13 10:15:00+05:30,23405.5,23400,2.8,5.9,BULLISH
2024-07-04,2024-06-28 10:15:00+05:30,24137.9,24150,2.749999999999999,10.750000000000004,BULLISH
2024-07-11,2024-07-05 10:15:00+05:30,24231.8,24250,1.25,3.3499999999999996,BULLISH
2024-07-18,2024-07-11 10:15:00+05:30,24273.15,24250,2.049999999999999,4.1,BULLISH
2024-08-01,2024-07-26 10:15:00+05:30,24584.5,24600,1.7000000000000006,6.199999999999999,BULLISH
2024-08-08,2024-08-02 10:15:00+05:30,24781.1,24800,2.95,7.75,BULLISH
2024-08-14,2024-08-08 10:15:00+05:30,24153.35,24150,7.400000000000002,19.6,BULLISH
2024-08-22,2024-08-16 10:15:00+05:30,24301.5,24300,2.05,6.6,BULLISH
2024-09-05,2024-08-30 10:15:00+05:30,25219.7,25200,1.6999999999999993,4.750000000000001,BULLISH
2024-09-12,2024-09-06 10:15:00+05:30,24909.35,24900,2.950000000000001,10.200000000000001,BULLISH
2024-09-19,2024-09-13 10:15:00+05:30,25326.9,25350,2.650000000000001,8.450000000000001,BULLISH
2024-10-03,2024-09-26 10:15:00+05:30,26059.45,26050,3.75,6.5,BULLISH
2024-10-10,2024-10-04 10:15:00+05:30,25198.15,25200,7.800000000000001,25.5,BULLISH
2024-10-17,2024-10-11 10:15:00+05:30,25009.15,25000,3.9499999999999993,6.199999999999999,BULLISH
2024-10-24,2024-10-18 10:15:00+05:30,24678.65,24700,3.95,8.349999999999998,BULLISH
2024-11-14,2024-11-08 10:15:00+05:30,24192.45,24200,3.5999999999999988,7.9999999999999964,BULLISH
2024-11-21,2024-11-13 10:15:00+05:30,23682.95,23700,11.649999999999999,16.699999999999996,BULLISH
2024-12-05,2024-11-29 10:15:00+05:30,23968.3,23950,5.650000000000002,11.3,BULLISH
2024-12-12,2024-12-06 10:15:00+05:30,24649.35,24650,9.700000000000003,17.749999999999993,BULLISH
2024-12-19,2024-12-13 10:15:00+05:30,24315.7,24300,5.700000000000001,6.099999999999998,BULLISH
2025-01-02,2024-12-27 10:15:00+05:30,23927.1,23950,2.2,8.450000000000001,BULLISH
2025-01-09,2025-01-03 10:15:00+05:30,24050.05,24050,3.9499999999999993,7.35,BULLISH
2025-01-16,2025-01-10 10:15:00+05:30,23394.05,23400,5.75,12.649999999999999,BULLISH
2025-01-23,2025-01-17 10:15:00+05:30,23204.35,23200,3.9000000000000004,8.150000000000002,BULLISH
2025-02-06,2025-02-01 10:15:00+05:30,23562.3,23550,23.950000000000003,32.699999999999996,BULLISH
2025-02-13,2025-02-07 10:15:00+05:30,23611.35,23600,3.1500000000000004,6.249999999999998,BULLISH
2025-02-20,2025-02-14 10:15:00+05:30,23049.15,23050,3.249999999999999,5.499999999999998,BULLISH
2025-03-06,2025-02-28 10:15:00+05:30,22275.95,22300,2.25,4.000000000000001,BULLISH
2025-03-13,2025-03-07 10:15:00+05:30,22596.7,22600,1.5,4.799999999999999,BULLISH
2025-03-20,2025-03-13 10:15:00+05:30,22551.65,22550,1.65,4.949999999999999,BULLISH
2025-04-03,2025-03-27 10:15:00+05:30,23601.85,23600,15.749999999999993,11.8,BEARISH
2025-04-09,2025-04-03 10:15:00+05:30,23264.45,23250,3.5999999999999996,8.1,BULLISH
2025-04-17,2025-04-09 10:15:00+05:30,22380.1,22400,28.950000000000003,75.35000000000002,BULLISH
2025-04-24,2025-04-17 10:15:00+05:30,23349.9,23350,10.55,18.249999999999996,BULLISH
2025-05-08,2025-05-02 10:15:00+05:30,24568.2,24550,4.049999999999999,28.150000000000006,BULLISH
2025-05-15,2025-05-09 10:15:00+05:30,24070.7,24050,11.5,84.25000000000001,BULLISH
2025-05-22,2025-05-16 10:15:00+05:30,25008.15,25000,9.699999999999996,19.650000000000002,BULLISH
2025-06-05,2025-05-30 10:15:00+05:30,24777.5,24800,11.75,13.650000000000002,BULLISH
2025-06-12,2025-06-06 10:15:00+05:30,24746.95,24750,5.9499999999999975,7.699999999999999,BULLISH
2025-06-19,2025-06-13 10:15:00+05:30,24634.8,24650,6.75,24.199999999999996,BULLISH
2025-07-03,2025-06-27 10:15:00+05:30,25576.35,25600,2.7,10.699999999999998,BULLISH
2025-07-10,2025-07-04 10:15:00+05:30,25413.15,25400,2.95,5.199999999999999,BULLISH
2025-07-17,2025-07-11 10:15:00+05:30,25253.95,25250,2.6500000000000004,4.8500000000000005,BULLISH
2025-07-24,2025-07-18 10:15:00+05:30,24996.35,25000,3.000000000000001,5.6,BULLISH
2025-08-07,2025-08-01 10:15:00+05:30,24748.85,24750,3.0500000000000016,7.15,BULLISH
2025-08-14,2025-08-08 10:15:00+05:30,24447.35,24450,2.75,5.399999999999999,BULLISH
2025-08-21,2025-08-14 10:15:00+05:30,24625.2,24650,3.500000000000001,8.249999999999996,BULLISH
2025-09-02,2025-08-26 10:15:00+05:30,24783.75,24800,5.1000000000000005,8.049999999999999,BULLISH
2025-09-09,2025-09-03 10:15:00+05:30,24595.85,24600,1.7999999999999994,3.8,BULLISH
2025-09-16,2025-09-10 10:15:00+05:30,25005.2,25000,1.6499999999999995,4.850000000000001,BULLISH
2025-09-23,2025-09-17 10:15:00+05:30,25311.85,25300,1.7999999999999998,4.8500000000000005,BULLISH
2025-10-07,2025-09-30 10:15:00+05:30,24639.5,24650,5.15,8.499999999999996,BULLISH
2025-10-14,2025-10-07 10:15:00+05:30,25189.0,25200,2.8499999999999996,7.550000000000001,BULLISH
2025-11-04,2025-10-29 10:15:00+05:30,26002.8,26000,3.75,5.499999999999998,BULLISH
2025-11-11,2025-11-04 10:15:00+05:30,25677.55,25700,5.6,5.6,NO_TRADE_TIE
2025-11-18,2025-11-12 10:15:00+05:30,25840.85,25850,2.3999999999999995,7.050000000000001,BULLISH
2025-12-02,2025-11-26 10:15:00+05:30,26088.65,26100,2.1000000000000005,4.800000000000001,BULLISH
2025-12-09,2025-12-03 10:15:00+05:30,25927.35,25950,2.8000000000000007,4.35,BULLISH
2025-12-16,2025-12-10 10:15:00+05:30,25930.15,25950,2.0499999999999994,4.449999999999999,BULLISH
2025-12-23,2025-12-17 10:15:00+05:30,25835.15,25850,2.6499999999999995,4.299999999999999,BULLISH
2026-01-06,2025-12-31 10:15:00+05:30,26004.05,26000,1.4,2.9499999999999997,BULLISH
2026-01-13,2026-01-07 10:15:00+05:30,26183.8,26200,1.25,3.5,BULLISH
2026-01-20,2026-01-13 10:15:00+05:30,25754.7,25750,7.200000000000001,9.900000000000002,BULLISH
2026-02-03,2026-01-29 10:15:00+05:30,25215.35,25200,15.2,18.299999999999997,BULLISH
2026-02-10,2026-02-04 10:15:00+05:30,25781.65,25800,7.300000000000001,15.75,BULLISH
2026-02-17,2026-02-11 10:15:00+05:30,25925.3,25950,4.400000000000001,9.15,BULLISH
2026-03-02,2026-02-24 10:15:00+05:30,25488.85,25500,6.849999999999998,16.099999999999998,BULLISH
2026-03-10,2026-03-04 10:15:00+05:30,24409.95,24400,30.15,96.99999999999999,BULLISH
2026-03-17,2026-03-11 10:15:00+05:30,24119.25,24100,24.750000000000007,53.94999999999999,BULLISH
2026-03-24,2026-03-18 10:15:00+05:30,23673.75,23650,13.349999999999998,42.749999999999986,BULLISH
2026-04-07,2026-03-30 10:15:00+05:30,22579.0,22600,101.65,158.70000000000002,BULLISH
2026-04-13,2026-04-07 10:15:00+05:30,22925.6,22950,51.89999999999999,97.49999999999999,BULLISH
2026-04-21,2026-04-15 10:15:00+05:30,24247.9,24250,7.500000000000002,28.75,BULLISH
2026-05-05,2026-04-28 10:15:00+05:30,24152.6,24150,10.75,19.300000000000004,BULLISH
2026-05-12,2026-05-06 10:15:00+05:30,24132.9,24150,7.400000000000002,11.350000000000001,BULLISH
2026-05-19,2026-05-13 10:15:00+05:30,23413.8,23400,21.5,29.999999999999993,BULLISH
2026-07-07,2026-06-29 10:15:00+05:30,24055.2,24050,5.800000000000001,9.149999999999999,BULLISH
