split,variant,n_pairs,n_expiry_clusters,mean_inr_per_pair,median_inr_per_pair,mean_cluster_mean_inr,positive_expiry_cluster_fraction,cluster_robust_se,cluster_robust_t,p_value_raw,cr1_t_ci95_low,cr1_t_ci95_high,expiry_cluster_bootstrap_ci95_low,expiry_cluster_bootstrap_ci95_high,mean_two_tick_inr_per_pair,two_tick_median_inr_per_pair,two_tick_bootstrap_ci95_low,two_tick_bootstrap_ci95_high,two_tick_raw_p_value_diagnostic,p_value_holm_family20,holm_significant_alpha_0_05
development,bear_call_credit_100_300,636,135,-38.81995314,-179.01580850,-30.64247835,0.45185185,48.74736984,-0.79634970,0.42723740,-135.23375685,57.59385058,-134.04259357,55.88909033,-38.81995314,-179.01580850,-132.79448963,54.79486155,0.42723740,1.00000000,False
development,bull_put_credit_100_300,636,135,-5.07078759,-215.22816500,-14.57441766,0.46666667,45.57149557,-0.11127104,0.91156792,-95.20326536,85.06169018,-93.61299396,84.92247119,-5.07078759,-215.22816500,-94.98761479,82.66369945,0.91156792,1.00000000,False
development,long_iron_fly_w100,635,135,8.97947966,12.83389700,9.42334988,0.56296296,7.76558836,1.15631672,0.24960900,-6.37950102,24.33846035,-6.08126403,24.35581381,8.97947968,12.83389700,-6.37502429,24.21559060,0.24960900,1.00000000,False
development,long_iron_fly_w200,635,135,26.66581942,68.31087800,28.55972223,0.58518519,20.59612824,1.29470059,0.19765004,-14.06973353,67.40137236,-14.02372734,66.22730081,26.66581941,68.31087800,-14.18417265,67.16681444,0.19765004,1.00000000,False
development,long_iron_fly_w300,635,135,52.66028274,131.97782700,53.70149257,0.60000000,33.72145613,1.56162541,0.12073490,-14.03488179,119.35544726,-12.69855360,117.43915914,52.66028275,131.97782800,-15.05698563,116.34592289,0.12073490,1.00000000,False
development,short_atm_straddle,635,135,-259.91640243,-406.55884600,-250.80539338,0.34074074,88.83702295,-2.92576669,0.00403707,-435.62055470,-84.21225016,-431.11775217,-78.86726480,-259.91640246,-406.55884600,-435.64155185,-78.93316338,0.00403707,0.08074149,False
development,short_iron_condor_100_300,636,135,-43.89074074,-120.05112800,-45.21689602,0.37777778,27.54893567,-1.59319188,0.11347329,-98.37773531,10.59625384,-98.35942497,10.83142336,-43.89074073,-120.05112800,-97.79257464,11.05660878,0.11347329,1.00000000,False
development,short_iron_fly_w100,635,135,-8.51924994,-10.52341600,-8.94278953,0.45185185,7.78524309,-1.09428182,0.27579452,-23.91710425,6.87860437,-23.98780691,7.14515981,-8.51924994,-10.52341600,-23.77348103,6.80664072,0.27579452,1.00000000,False
development,short_iron_fly_w200,635,135,-26.20033798,-66.53048800,-28.07465860,0.41481481,20.61591540,-1.27087920,0.20597348,-66.97502648,14.57435051,-66.40376296,13.86240996,-26.20033798,-66.53048800,-66.12325268,13.94311890,0.20597348,1.00000000,False
development,short_iron_fly_w300,635,135,-52.18253299,-128.54196400,-53.20743329,0.40000000,33.73297916,-1.54692927,0.12423880,-118.90048806,14.53542209,-115.94526026,14.57741122,-52.18253299,-128.54196400,-118.03262381,13.38590503,0.12423880,1.00000000,False
validation,bear_call_credit_100_300,481,104,-17.48057025,-79.90215600,-35.42519993,0.48076923,65.53665390,-0.26672967,0.79021058,-147.45706610,112.49592561,-147.77384640,111.66959379,-17.48056928,-79.90215600,-146.26804089,109.31562239,0.79021059,1.00000000,False
validation,bull_put_credit_100_300,481,104,-25.77461986,-225.16155300,-15.17278434,0.43269231,69.35515443,-0.37163236,0.71093000,-163.32421090,111.77497119,-162.94869382,111.57024685,-25.77461888,-225.16155300,-160.40908063,111.49499867,0.71093001,1.00000000,False
validation,long_iron_fly_w100,480,104,15.33239546,20.88596850,19.20525509,0.55769231,9.74385085,1.57354579,0.11865929,-3.99223456,34.65702548,-3.30136591,34.88405477,15.33239741,20.88596850,-3.09690952,34.48139410,0.11865924,1.00000000,False
validation,long_iron_fly_w200,482,104,45.25423672,59.48922800,54.05345431,0.57692308,28.00027035,1.61620714,0.10910846,-10.27769551,100.78616895,-8.54535166,99.25810790,45.25423865,59.48922800,-9.69767249,101.61804618,0.10910844,1.00000000,False
validation,long_iron_fly_w300,481,104,64.56485261,117.29371600,78.45455039,0.58653846,49.53465091,1.30342803,0.19533467,-33.67544446,162.80514968,-32.86612719,159.43498126,64.56485456,117.29371600,-34.43803304,161.49745333,0.19533465,1.00000000,False
validation,short_atm_straddle,482,104,-331.66147898,-419.16077650,-367.18573955,0.36538462,215.34319294,-1.54015307,0.12658970,-758.74391236,95.42095440,-771.92215353,74.21701759,-331.66147809,-419.16077600,-779.11344569,68.76666564,0.12658970,1.00000000,False
validation,short_iron_condor_100_300,480,104,-47.89429909,-79.29639250,-56.72168655,0.42307692,42.62295600,-1.12367380,0.26376357,-132.42687947,36.63828128,-131.92417454,32.79748815,-47.89429714,-79.29639250,-130.68732049,34.97339294,0.26376359,1.00000000,False
validation,short_iron_fly_w100,480,104,-14.45930684,-15.29327400,-18.27033798,0.44230769,9.56641328,-1.51146583,0.13373187,-33.43203129,4.51341762,-33.36407027,4.23712506,-14.45930489,-15.29327400,-33.15064358,4.08045738,0.13373193,1.00000000,False
validation,short_iron_fly_w200,482,104,-44.45787304,-55.41373000,-53.21764036,0.42307692,27.97503893,-1.58919790,0.11508067,-99.93976471,11.02401862,-99.59961493,10.46915272,-44.45787110,-55.41373000,-99.46091130,8.52442698,0.11508069,1.00000000,False
validation,short_iron_fly_w300,481,104,-63.78652178,-114.19039700,-77.65318878,0.41346154,49.48807876,-1.28892702,0.20031081,-161.93445397,34.36141042,-160.26821520,32.60902450,-63.78651983,-114.19039700,-159.27065356,32.69689878,0.20031083,1.00000000,False
