name,buffer,confirm,family,trades,base_net,candidate_net,net_uplift,winner_affected,loss_reduction,losses_eliminated,stops,base_dd,candidate_dd,period
boundary_b0_c1_boundary_only,0.0,1,boundary_only,190,138937.11764441052,39714.88154307849,-99222.23610133203,17,50258.92701921999,0,28,27321.078748147498,46908.18853480352,full
boundary_b0_c1_negative_mtm,0.0,1,negative_mtm,190,138937.11764441052,39714.88154307849,-99222.23610133203,17,50258.92701921999,0,28,27321.078748147498,46908.18853480352,full
boundary_b0_c1_negative_mtm_mfe50,0.0,1,negative_mtm_mfe50,190,138937.11764441052,60060.47898619952,-78876.63865821101,10,22328.075470636497,0,15,27321.078748147498,41711.94427782748,full
boundary_b0_c3_boundary_only,0.0,3,boundary_only,190,138937.11764441052,57034.92786548548,-81902.18977892504,16,50463.316732789994,0,27,27321.078748147498,41711.94427782748,full
boundary_b0_c3_negative_mtm,0.0,3,negative_mtm,190,138937.11764441052,57034.92786548548,-81902.18977892504,16,50463.316732789994,0,27,27321.078748147498,41711.94427782748,full
boundary_b0_c3_negative_mtm_mfe50,0.0,3,negative_mtm_mfe50,190,138937.11764441052,62036.48579741601,-76900.63184699451,10,22334.288012411496,0,15,27321.078748147498,41711.94427782748,full
boundary_b50_c1_boundary_only,50.0,1,boundary_only,190,138937.11764441052,54064.429886709,-84872.68775770153,12,41320.2643778585,0,23,27321.078748147498,44206.8483645975,full
boundary_b50_c1_negative_mtm,50.0,1,negative_mtm,190,138937.11764441052,54064.429886709,-84872.68775770153,12,41320.2643778585,0,23,27321.078748147498,44206.8483645975,full
boundary_b50_c1_negative_mtm_mfe50,50.0,1,negative_mtm_mfe50,190,138937.11764441052,64814.52948001203,-74122.5881643985,8,17483.868218699998,0,13,27321.078748147498,41711.94427782748,full
boundary_b50_c3_boundary_only,50.0,3,boundary_only,190,138937.11764441052,87624.09683135501,-51313.02081305552,8,41535.9196526405,0,19,27321.078748147498,42470.270582842495,full
boundary_b50_c3_negative_mtm,50.0,3,negative_mtm,190,138937.11764441052,87624.09683135501,-51313.02081305552,8,41535.9196526405,0,19,27321.078748147498,42470.270582842495,full
boundary_b50_c3_negative_mtm_mfe50,50.0,3,negative_mtm_mfe50,190,138937.11764441052,97573.93033176803,-41363.1873126425,4,17985.423600222,0,9,27321.078748147498,41711.94427782748,full
boundary_b100_c1_boundary_only,100.0,1,boundary_only,190,138937.11764441052,85040.85212125201,-53896.265523158516,5,31910.177698660493,0,16,27321.078748147498,45282.93241877247,full
boundary_b100_c1_negative_mtm,100.0,1,negative_mtm,190,138937.11764441052,85040.85212125201,-53896.265523158516,5,31910.177698660493,0,16,27321.078748147498,45282.93241877247,full
boundary_b100_c1_negative_mtm_mfe50,100.0,1,negative_mtm_mfe50,190,138937.11764441052,104307.13722038054,-34629.980424029985,2,16502.834094424998,0,7,27321.078748147498,41711.94427782748,full
boundary_b100_c3_boundary_only,100.0,3,boundary_only,190,138937.11764441052,87929.94228065952,-51007.17536375101,5,35195.43973586049,0,16,27321.078748147498,45282.93241877247,full
boundary_b100_c3_negative_mtm,100.0,3,negative_mtm,190,138937.11764441052,87929.94228065952,-51007.17536375101,5,35195.43973586049,0,16,27321.078748147498,45282.93241877247,full
boundary_b100_c3_negative_mtm_mfe50,100.0,3,negative_mtm_mfe50,190,138937.11764441052,107592.39925758055,-31344.71838682999,2,19788.096131624996,0,7,27321.078748147498,41711.94427782748,full
boundary_b200_c1_boundary_only,200.0,1,boundary_only,190,138937.11764441052,49736.247826877014,-89200.8698175335,3,20640.196719150492,0,13,27321.078748147498,61828.13176344201,full
boundary_b200_c1_negative_mtm,200.0,1,negative_mtm,190,138937.11764441052,49736.247826877014,-89200.8698175335,3,20640.196719150492,0,13,27321.078748147498,61828.13176344201,full
boundary_b200_c1_negative_mtm_mfe50,200.0,1,negative_mtm_mfe50,190,138937.11764441052,71899.04110667252,-67038.07653773799,2,12715.493901524995,0,7,27321.078748147498,56805.527546396,full
boundary_b200_c3_boundary_only,200.0,3,boundary_only,190,138937.11764441052,51257.845636388025,-87679.2720080225,3,20640.196719150492,0,12,27321.078748147498,62177.02949418851,full
boundary_b200_c3_negative_mtm,200.0,3,negative_mtm,190,138937.11764441052,51257.845636388025,-87679.2720080225,3,20640.196719150492,0,12,27321.078748147498,62177.02949418851,full
boundary_b200_c3_negative_mtm_mfe50,200.0,3,negative_mtm_mfe50,190,138937.11764441052,71899.04110667252,-67038.07653773799,2,12715.493901524995,0,7,27321.078748147498,56805.527546396,full
boundary_b400_c1_boundary_only,400.0,1,boundary_only,190,138937.11764441052,76193.67933444906,-62743.43830996148,0,711.9063324000017,0,4,27321.078748147498,65371.175997312996,full
boundary_b400_c1_negative_mtm,400.0,1,negative_mtm,190,138937.11764441052,76193.67933444906,-62743.43830996148,0,711.9063324000017,0,4,27321.078748147498,65371.175997312996,full
boundary_b400_c1_negative_mtm_mfe50,400.0,1,negative_mtm_mfe50,190,138937.11764441052,76193.67933444906,-62743.43830996148,0,711.9063324000017,0,4,27321.078748147498,65371.175997312996,full
boundary_b400_c3_boundary_only,400.0,3,boundary_only,190,138937.11764441052,75133.83344126106,-63803.28420314948,0,42.953586350005935,0,4,27321.078748147498,65762.069144451,full
boundary_b400_c3_negative_mtm,400.0,3,negative_mtm,190,138937.11764441052,75133.83344126106,-63803.28420314948,0,42.953586350005935,0,4,27321.078748147498,65762.069144451,full
boundary_b400_c3_negative_mtm_mfe50,400.0,3,negative_mtm_mfe50,190,138937.11764441052,75133.83344126106,-63803.28420314948,0,42.953586350005935,0,4,27321.078748147498,65762.069144451,full
