name,family,cutoff,mfe_frac,confirm,dev_net_uplift,dev_winner_affected,dev_loss_reduction,dev_losses_eliminated,val_net_uplift,val_winner_affected,val_loss_reduction,val_losses_eliminated
mfe_cut_1330_mfe0.5_c1,expiry_mfe_negative_cutoff,"(13, 30)",0.5,1,3902.2958685749936,0,3902.2958685749936,0,6290.113043438507,0,7379.249732497501,0
mfe_cut_1330_mfe0.5_c3,expiry_mfe_negative_cutoff,"(13, 30)",0.5,3,3902.2958685749936,0,3902.2958685749936,0,6290.113043438507,0,7379.249732497501,0
mfe_cut_1330_mfe1_c1,expiry_mfe_negative_cutoff,"(13, 30)",1.0,1,8907.457883772493,0,9512.067524897493,0,3067.4258515780057,0,17867.6878174405,0
mfe_cut_1330_mfe1_c3,expiry_mfe_negative_cutoff,"(13, 30)",1.0,3,8907.457883772493,0,9512.067524897493,0,3067.4258515780057,0,17867.6878174405,0
mfe_cut_1400_mfe0.5_c1,expiry_mfe_negative_cutoff,"(14, 0)",0.5,1,5764.448956199997,0,5764.448956199997,0,1792.626979383499,0,4686.584655200502,0
mfe_cut_1400_mfe0.5_c3,expiry_mfe_negative_cutoff,"(14, 0)",0.5,3,5764.448956199997,0,5764.448956199997,0,1792.626979383499,0,4686.584655200502,0
mfe_cut_1400_mfe0_c1,expiry_mfe_negative_cutoff,"(14, 0)",0.0,1,1957.4564749500014,0,1957.4564749500014,0,0.0,0,0.0,0
mfe_cut_1400_mfe0_c3,expiry_mfe_negative_cutoff,"(14, 0)",0.0,3,1957.4564749500014,0,1957.4564749500014,0,0.0,0,0.0,0
mfe_cut_1500_mfe0.1_c3,expiry_mfe_negative_cutoff,"(15, 0)",0.1,3,664.0415081500005,0,664.0415081500005,0,0.0,0,0.0,0
mfe_cut_1500_mfe0.1_c1,expiry_mfe_negative_cutoff,"(15, 0)",0.1,1,664.0415081500005,0,664.0415081500005,0,0.0,0,0.0,0
mfe_cut_1500_mfe0_c3,expiry_mfe_negative_cutoff,"(15, 0)",0.0,3,664.0415081500005,0,664.0415081500005,0,0.0,0,0.0,0
mfe_cut_1500_mfe0_c1,expiry_mfe_negative_cutoff,"(15, 0)",0.0,1,664.0415081500005,0,664.0415081500005,0,0.0,0,0.0,0
mfe_cut_1430_mfe0_c1,expiry_mfe_negative_cutoff,"(14, 30)",0.0,1,2285.5825042000024,0,2285.5825042000024,0,0.0,0,0.0,0
mfe_cut_1430_mfe0_c3,expiry_mfe_negative_cutoff,"(14, 30)",0.0,3,2285.5825042000024,0,2285.5825042000024,0,0.0,0,0.0,0
mfe_cut_1330_mfe0_c1,expiry_mfe_negative_cutoff,"(13, 30)",0.0,1,1938.6282235249992,0,1938.6282235249992,0,0.0,0,0.0,0
mfe_cut_1330_mfe0_c3,expiry_mfe_negative_cutoff,"(13, 30)",0.0,3,1938.6282235249992,0,1938.6282235249992,0,0.0,0,0.0,0
mfe_cut_1500_mfe0.25_c1,expiry_mfe_negative_cutoff,"(15, 0)",0.25,1,1360.7639736500032,0,1360.7639736500032,0,0.0,0,0.0,0
mfe_cut_1500_mfe0.25_c3,expiry_mfe_negative_cutoff,"(15, 0)",0.25,3,1360.7639736500032,0,1360.7639736500032,0,0.0,0,0.0,0
mfe_cut_1430_mfe0.5_c3,expiry_mfe_negative_cutoff,"(14, 30)",0.5,3,4020.0149209999972,0,4020.0149209999972,0,-792.7358264709931,0,824.3775821255022,0
mfe_cut_1430_mfe0.5_c1,expiry_mfe_negative_cutoff,"(14, 30)",0.5,1,4020.0149209999972,0,4020.0149209999972,0,-792.7358264709931,0,824.3775821255022,0
mfe_cut_1330_mfe0.1_c3,expiry_mfe_negative_cutoff,"(13, 30)",0.1,3,1938.6282235249992,0,1938.6282235249992,0,-1074.101869529002,0,0.0,0
mfe_cut_1330_mfe0.1_c1,expiry_mfe_negative_cutoff,"(13, 30)",0.1,1,1938.6282235249992,0,1938.6282235249992,0,-1074.101869529002,0,0.0,0
mfe_cut_1330_mfe0.25_c3,expiry_mfe_negative_cutoff,"(13, 30)",0.25,3,3902.2958685749936,0,3902.2958685749936,0,-1074.101869529002,0,0.0,0
mfe_cut_1330_mfe0.25_c1,expiry_mfe_negative_cutoff,"(13, 30)",0.25,1,3902.2958685749936,0,3902.2958685749936,0,-1074.101869529002,0,0.0,0
mfe_cut_1430_mfe0.25_c3,expiry_mfe_negative_cutoff,"(14, 30)",0.25,3,4020.0149209999972,0,4020.0149209999972,0,-1433.161373514002,0,0.0,0
mfe_cut_1430_mfe0.25_c1,expiry_mfe_negative_cutoff,"(14, 30)",0.25,1,4020.0149209999972,0,4020.0149209999972,0,-1433.161373514002,0,0.0,0
mfe_cut_1430_mfe0.1_c1,expiry_mfe_negative_cutoff,"(14, 30)",0.1,1,2285.5825042000024,0,2285.5825042000024,0,-1433.161373514002,0,0.0,0
mfe_cut_1430_mfe0.1_c3,expiry_mfe_negative_cutoff,"(14, 30)",0.1,3,2285.5825042000024,0,2285.5825042000024,0,-1433.161373514002,0,0.0,0
mfe_cut_1400_mfe0.25_c3,expiry_mfe_negative_cutoff,"(14, 0)",0.25,3,5764.448956199997,0,5764.448956199997,0,-2492.1551041595003,0,0.0,0
mfe_cut_1400_mfe0.25_c1,expiry_mfe_negative_cutoff,"(14, 0)",0.25,1,5764.448956199997,0,5764.448956199997,0,-2492.1551041595003,0,0.0,0
mfe_cut_1400_mfe0.1_c3,expiry_mfe_negative_cutoff,"(14, 0)",0.1,3,1957.4564749500014,0,1957.4564749500014,0,-2492.1551041595003,0,0.0,0
mfe_cut_1400_mfe0.1_c1,expiry_mfe_negative_cutoff,"(14, 0)",0.1,1,1957.4564749500014,0,1957.4564749500014,0,-2492.1551041595003,0,0.0,0
mfe_cut_1500_mfe0.5_c3,expiry_mfe_negative_cutoff,"(15, 0)",0.5,3,1360.7639736500032,0,1360.7639736500032,0,-2837.4226399829986,0,0.0,0
mfe_cut_1500_mfe0.5_c1,expiry_mfe_negative_cutoff,"(15, 0)",0.5,1,1360.7639736500032,0,1360.7639736500032,0,-2837.4226399829986,0,0.0,0
mfe_cut_1500_mfe1_c3,expiry_mfe_negative_cutoff,"(15, 0)",1.0,3,690.4671882475068,0,2160.060126645006,0,-3525.4200631285094,0,1557.6362149529905,0
mfe_cut_1500_mfe1_c1,expiry_mfe_negative_cutoff,"(15, 0)",1.0,1,690.4671882475068,0,2160.060126645006,0,-3525.4200631285094,0,1557.6362149529905,0
mfe_cut_1430_mfe1_c3,expiry_mfe_negative_cutoff,"(14, 30)",1.0,3,3462.4144749350035,0,5048.924542885002,0,-4581.414357628002,0,6729.907471072496,0
mfe_cut_1430_mfe1_c1,expiry_mfe_negative_cutoff,"(14, 30)",1.0,1,3462.4144749350035,0,5048.924542885002,0,-4581.414357628002,0,6729.907471072496,0
mfe_cut_1500_mfe0.75_c3,expiry_mfe_negative_cutoff,"(15, 0)",0.75,3,2022.423357250003,0,2022.423357250003,0,-5004.7900920315005,0,78.2661860499993,0
mfe_cut_1500_mfe0.75_c1,expiry_mfe_negative_cutoff,"(15, 0)",0.75,1,2022.423357250003,0,2022.423357250003,0,-5004.7900920315005,0,78.2661860499993,0
mfe_cut_1330_mfe0.75_c3,expiry_mfe_negative_cutoff,"(13, 30)",0.75,3,3297.686227449993,0,3902.2958685749936,0,-7421.012233364992,0,7379.249732497501,0
mfe_cut_1330_mfe0.75_c1,expiry_mfe_negative_cutoff,"(13, 30)",0.75,1,3297.686227449993,0,3902.2958685749936,0,-7421.012233364992,0,7379.249732497501,0
mfe_cut_1400_mfe1_c3,expiry_mfe_negative_cutoff,"(14, 0)",1.0,3,7712.749851667501,0,7789.003795655,0,-8843.474593622497,0,11872.975757447995,0
mfe_cut_1400_mfe1_c1,expiry_mfe_negative_cutoff,"(14, 0)",1.0,1,7712.749851667501,0,7789.003795655,0,-8843.474593622497,0,11872.975757447995,0
mfe_cut_1430_mfe0.75_c3,expiry_mfe_negative_cutoff,"(14, 30)",0.75,3,4963.530791074998,0,4963.530791074998,0,-10486.944246574996,0,824.3775821255022,0
mfe_cut_1430_mfe0.75_c1,expiry_mfe_negative_cutoff,"(14, 30)",0.75,1,4963.530791074998,0,4963.530791074998,0,-10486.944246574996,0,824.3775821255022,0
mfe_cut_1400_mfe0.75_c3,expiry_mfe_negative_cutoff,"(14, 0)",0.75,3,6032.631879349998,0,6032.631879349998,0,-16029.86569586999,0,4686.584655200502,0
mfe_cut_1400_mfe0.75_c1,expiry_mfe_negative_cutoff,"(14, 0)",0.75,1,6032.631879349998,0,6032.631879349998,0,-16029.86569586999,0,4686.584655200502,0
