source,from_date,to_date_exclusive,side,http_status,rows,arrays_aligned,cache_hit,valid,error_class
options,2024-01-01,2024-01-15,CALL,200,831,True,True,True,
options,2024-01-15,2024-01-29,CALL,200,759,True,True,True,
options,2024-01-29,2024-02-12,CALL,200,828,True,True,True,
options,2024-02-12,2024-02-26,CALL,200,833,True,True,True,
options,2024-02-26,2024-03-11,CALL,200,778,True,True,True,
options,2024-03-11,2024-03-25,CALL,200,755,True,True,True,
options,2024-03-25,2024-04-08,CALL,200,680,True,True,True,
options,2024-04-08,2024-04-22,CALL,200,676,True,True,True,
options,2024-04-22,2024-05-06,CALL,200,751,True,True,True,
options,2024-05-06,2024-05-20,CALL,200,827,True,True,True,
options,2024-05-20,2024-06-03,CALL,200,754,True,True,True,
options,2024-06-03,2024-06-17,CALL,200,754,True,True,True,
options,2024-06-17,2024-07-01,CALL,200,751,True,True,True,
options,2024-07-01,2024-07-15,CALL,200,828,True,True,True,
options,2024-07-15,2024-07-29,CALL,200,754,True,True,True,
options,2024-07-29,2024-08-12,CALL,200,831,True,True,True,
options,2024-08-12,2024-08-26,CALL,200,752,True,True,True,
options,2024-08-26,2024-09-09,CALL,200,826,True,True,True,
options,2024-09-09,2024-09-23,CALL,200,829,True,True,True,
options,2024-09-23,2024-10-07,CALL,200,753,True,True,True,
options,2024-10-07,2024-10-21,CALL,200,828,True,True,True,
options,2024-10-21,2024-11-04,CALL,200,770,True,True,True,
options,2024-11-04,2024-11-18,CALL,200,752,True,True,True,
options,2024-11-18,2024-12-02,CALL,200,751,True,True,True,
options,2024-12-02,2024-12-16,CALL,200,825,True,True,True,
options,2024-12-16,2024-12-30,CALL,200,752,True,True,True,
options,2024-12-30,2024-12-31,CALL,200,150,True,True,True,
options,2024-01-01,2024-01-15,PUT,200,830,True,True,True,
options,2024-01-15,2024-01-29,PUT,200,758,True,True,True,
options,2024-01-29,2024-02-12,PUT,200,827,True,True,True,
options,2024-02-12,2024-02-26,PUT,200,833,True,True,True,
options,2024-02-26,2024-03-11,PUT,200,778,True,True,True,
options,2024-03-11,2024-03-25,PUT,200,756,True,True,True,
options,2024-03-25,2024-04-08,PUT,200,679,True,True,True,
options,2024-04-08,2024-04-22,PUT,200,676,True,True,True,
options,2024-04-22,2024-05-06,PUT,200,751,True,True,True,
options,2024-05-06,2024-05-20,PUT,200,827,True,True,True,
options,2024-05-20,2024-06-03,PUT,200,754,True,True,True,
options,2024-06-03,2024-06-17,PUT,200,755,True,True,True,
options,2024-06-17,2024-07-01,PUT,200,751,True,True,True,
options,2024-07-01,2024-07-15,PUT,200,828,True,True,True,
options,2024-07-15,2024-07-29,PUT,200,753,True,True,True,
options,2024-07-29,2024-08-12,PUT,200,831,True,True,True,
options,2024-08-12,2024-08-26,PUT,200,752,True,True,True,
options,2024-08-26,2024-09-09,PUT,200,829,True,True,True,
options,2024-09-09,2024-09-23,PUT,200,829,True,True,True,
options,2024-09-23,2024-10-07,PUT,200,754,True,True,True,
options,2024-10-07,2024-10-21,PUT,200,830,True,True,True,
options,2024-10-21,2024-11-04,PUT,200,770,True,True,True,
options,2024-11-04,2024-11-18,PUT,200,751,True,True,True,
options,2024-11-18,2024-12-02,PUT,200,751,True,True,True,
options,2024-12-02,2024-12-16,PUT,200,825,True,True,True,
options,2024-12-16,2024-12-30,PUT,200,752,True,True,True,
options,2024-12-30,2024-12-31,PUT,200,151,True,True,True,
vix,2024-01-01,2024-03-21,,200,4222,True,True,True,
vix,2024-03-21,2024-06-09,,200,3846,True,True,True,
vix,2024-06-09,2024-08-28,,200,4050,True,True,True,
vix,2024-08-28,2024-11-16,,200,4124,True,True,True,
vix,2024-11-16,2024-12-31,,200,2179,True,True,True,
