expiry,base_net,candidate_net,net_uplift,winner_affected,changed_before_base,exit_reason,exit_ts,entry_short_delta
2021-06-10,633.257136825,452.511435225,-180.74570159999996,True,True,DELTA_PROP_TARGET,2021-06-08 13:28:00+05:30,0.2239137445075694
2021-06-17,570.1220960999999,-534.3953192250001,-1104.517415325,True,True,DELTA_PROP_STOP,2021-06-14 09:25:00+05:30,0.20447590082272382
2021-07-01,631.9755782249997,541.995463125,-89.9801150999997,True,True,DELTA_PROP_TARGET,2021-06-29 09:31:00+05:30,0.24358214533706146
2021-07-08,212.84054400000008,96.24961792500011,-116.59092607499997,True,True,DELTA_PROP_TARGET,2021-07-05 14:49:00+05:30,0.08890757204082744
2021-07-15,562.3418332499996,332.8089590249999,-229.53287422499966,True,True,DELTA_PROP_TARGET,2021-07-12 09:22:00+05:30,0.2264258298684123
2021-08-05,274.4032702499999,161.40160789999976,-113.00166235000012,True,True,DELTA_PROP_TARGET,2021-08-02 15:25:00+05:30,0.18787957902394303
2021-08-12,475.99554419999976,370.63634269999983,-105.35920149999993,True,True,DELTA_PROP_TARGET,2021-08-10 15:02:00+05:30,0.22664294926798867
2021-08-18,247.00561619999985,33.886715049999935,-213.1189011499999,True,True,DELTA_PROP_TARGET,2021-08-16 12:49:00+05:30,0.18129358017531172
2021-09-02,249.55310314999977,71.43756969999974,-178.11553345000004,True,True,DELTA_PROP_TARGET,2021-08-30 09:42:00+05:30,0.1795331562480671
2021-09-09,470.8776032999998,352.75800004999996,-118.11960324999984,True,True,DELTA_PROP_TARGET,2021-09-07 12:09:00+05:30,0.24311372208009185
2021-09-16,418.62518875,285.64784999999995,-132.97733875000006,True,True,DELTA_PROP_TARGET,2021-09-14 09:15:00+05:30,0.22208488415071514
2021-09-23,498.44061975,-503.71201249999984,-1002.1526322499999,True,True,DELTA_PROP_STOP,2021-09-17 12:04:00+05:30,0.2361611861317342
2021-10-07,1518.138063050001,1342.0555557500008,-176.0825073000001,True,True,DELTA_PROP_TARGET,2021-10-04 09:15:00+05:30,0.39844253766105375
2021-10-14,841.4271278500001,625.3289601500003,-216.09816769999986,True,True,DELTA_PROP_TARGET,2021-10-11 11:30:00+05:30,0.32111428916820584
2021-10-21,970.1023008500003,742.0383896000002,-228.06391125000016,True,True,DELTA_PROP_TARGET,2021-10-18 09:16:00+05:30,0.340035267076061
2021-11-18,477.2293187499999,289.5301662999999,-187.69915244999999,True,True,DELTA_PROP_TARGET,2021-11-15 09:15:00+05:30,0.2641097743129006
2021-12-02,1032.6640916000003,-1510.8696006999994,-2543.5336922999995,True,True,DELTA_PROP_STOP,2021-11-26 10:55:00+05:30,0.3174758719598807
2021-12-09,1474.4973167500004,-1245.5782228499993,-2720.0755395999995,True,True,DELTA_PROP_STOP,2021-12-03 14:42:00+05:30,0.3570692717311167
2021-12-16,1090.62240225,779.7775736499999,-310.84482860000014,True,True,DELTA_PROP_TARGET,2021-12-13 09:19:00+05:30,0.3182212439258889
2021-12-23,1257.93062225,-2392.223784199999,-3650.154406449999,True,True,DELTA_PROP_STOP,2021-12-20 09:15:00+05:30,0.3703639647093909
2022-01-06,918.7318191000004,647.6316403000001,-271.1001788000003,True,True,DELTA_PROP_TARGET,2022-01-03 10:57:00+05:30,0.3174921305719849
2022-01-13,975.70254875,-1055.3251399999995,-2031.0276887499995,True,True,DELTA_PROP_STOP,2022-01-07 12:39:00+05:30,0.33708634787068925
2022-01-20,824.59423035,647.8061895000002,-176.7880408499998,True,True,DELTA_PROP_TARGET,2022-01-17 11:57:00+05:30,0.3140745584574117
2022-02-03,3875.2577347000006,3475.90312565,-399.35460905000036,True,True,DELTA_PROP_TARGET,2022-02-01 12:39:00+05:30,0.5486769778532595
2022-02-10,1491.4918765499997,-826.6999406499993,-2318.191817199999,True,True,DELTA_PROP_STOP,2022-02-07 10:58:00+05:30,0.40160980596445783
2022-02-17,1640.5625754000007,-4644.520852300001,-6285.083427700001,True,True,DELTA_PROP_STOP,2022-02-14 09:15:00+05:30,0.4027539505268489
2022-03-03,7114.97270115,7114.97270115,0.0,False,False,DELTA_PROP_TARGET,2022-03-03 09:15:00+05:30,0.6220435962810829
2022-03-10,4802.234206499998,-4004.647964900003,-8806.8821714,True,True,DELTA_PROP_STOP,2022-03-07 09:15:00+05:30,0.5617261747565967
2022-03-17,4012.97635555,4012.97635555,0.0,False,False,DELTA_PROP_TARGET,2022-03-16 09:15:00+05:30,0.5298053789462343
2022-03-24,3338.8312809,3338.8312809,0.0,False,False,DELTA_PROP_TARGET,2022-03-23 09:15:00+05:30,0.5134415694516722
2022-04-07,1406.3903989000005,1077.6626342500003,-328.72776465000015,True,True,DELTA_PROP_TARGET,2022-04-04 09:15:00+05:30,0.3835297075713687
2022-04-21,577.20416215,446.5813875500001,-130.6227745999999,True,True,DELTA_PROP_TARGET,2022-04-18 09:15:00+05:30,0.2929696782012682
2022-05-05,1861.3569845000009,1238.5502378000006,-622.8067467000003,True,True,DELTA_PROP_TARGET,2022-04-29 11:49:00+05:30,0.3951352198994835
2022-05-12,-6825.297276499999,-1737.01538425,5088.281892249999,False,True,DELTA_PROP_STOP,2022-05-09 09:19:00+05:30,0.48429806898957106
2022-05-19,2474.25583085,2017.227701949999,-457.0281289000011,True,True,DELTA_PROP_TARGET,2022-05-17 11:26:00+05:30,0.47685627431473687
2022-06-02,1993.4358669000003,1719.7193001499998,-273.71656675000054,True,True,DELTA_PROP_TARGET,2022-05-30 09:15:00+05:30,0.4328026611217931
2022-06-09,1516.7113022500007,-1589.2206938499996,-3105.9319961,True,True,DELTA_PROP_STOP,2022-06-03 14:58:00+05:30,0.40466795103757824
2022-06-16,-20922.33553465,-5525.664632700002,15396.670901949998,False,True,DELTA_PROP_STOP,2022-06-13 09:15:00+05:30,0.33774824276997184
2022-06-23,2772.8896156500005,2501.63785465,-271.25176100000044,True,True,DELTA_PROP_TARGET,2022-06-21 09:35:00+05:30,0.48093375508379754
2022-07-07,1956.26167105,1647.2201986,-309.0414724499999,True,True,DELTA_PROP_TARGET,2022-07-04 12:08:00+05:30,0.4397834929263774
2022-07-14,1138.6966728500004,1138.6966728500004,0.0,False,False,EXPIRY_FALLBACK,2022-07-13 09:15:00+05:30,0.3456364550209948
2022-07-21,776.31785015,695.8914969500001,-80.42635319999988,True,True,DELTA_PROP_TARGET,2022-07-18 09:15:00+05:30,0.31605847948366694
2022-08-04,751.81678145,475.63081554999985,-276.18596590000016,True,True,DELTA_PROP_TARGET,2022-08-01 14:09:00+05:30,0.3055757565053996
2022-08-11,1687.1182806500003,-2506.709114750001,-4193.8273954000015,True,True,DELTA_PROP_STOP,2022-08-04 11:28:00+05:30,0.3988219642970201
2022-08-18,1107.8530755000008,1022.1709794000009,-85.68209609999997,True,True,DELTA_PROP_TARGET,2022-08-16 09:15:00+05:30,0.3462514804570508
2022-09-01,864.7293191500002,-1241.8897226499992,-2106.619041799999,True,True,DELTA_PROP_STOP,2022-08-25 14:54:00+05:30,0.3012171256095838
2022-09-08,1530.2553888000002,1259.0817156000003,-271.17367319999994,True,True,DELTA_PROP_TARGET,2022-09-05 12:19:00+05:30,0.39178639672616555
2022-09-15,806.1665297500001,645.6950755500002,-160.47145419999993,True,True,DELTA_PROP_TARGET,2022-09-13 09:15:00+05:30,0.30676392307093814
2022-09-22,1647.6354546500002,-1476.0582624999997,-3123.69371715,True,True,DELTA_PROP_STOP,2022-09-19 09:23:00+05:30,0.3924302810976096
2022-10-06,2207.742608600001,2207.742608600001,0.0,False,False,DELTA_PROP_TARGET,2022-10-04 09:15:00+05:30,0.4422656758265767
2022-10-13,1315.6252590500012,-1339.4953283999987,-2655.12058745,True,True,DELTA_PROP_STOP,2022-10-10 09:15:00+05:30,0.37855276257179793
2022-10-20,968.1841097000004,-644.5697755999996,-1612.7538853,True,True,DELTA_PROP_STOP,2022-10-17 09:28:00+05:30,0.32582204912066304
2022-11-03,734.1129880000003,605.7666897500002,-128.34629825000013,True,True,DELTA_PROP_TARGET,2022-10-31 09:15:00+05:30,0.3044799995651193
2022-11-10,1201.8050782,1158.6539756500006,-43.15110254999945,True,True,DELTA_PROP_TARGET,2022-11-04 15:29:00+05:30,0.3475666702719499
2022-11-17,276.58787859999984,218.56066694999987,-58.02721164999997,True,True,DELTA_PROP_TARGET,2022-11-15 09:15:00+05:30,0.20775200722625675
2022-12-01,155.03611224999986,12.112275899999972,-142.92383634999987,True,True,DELTA_PROP_TARGET,2022-11-29 14:55:00+05:30,0.15296410586891018
2022-12-08,206.21367119999996,206.21367119999996,0.0,False,False,EXPIRY_FALLBACK,2022-12-07 10:54:00+05:30,0.174013862780523
2022-12-15,132.47620169999988,-270.0368165000001,-402.5130182,True,True,DELTA_PROP_STOP,2022-12-09 10:46:00+05:30,0.16480070798924173
2022-12-22,445.60025,-460.92378855000015,-906.5240385500001,True,True,DELTA_PROP_STOP,2022-12-16 10:52:00+05:30,0.23506200217659545
2023-01-05,447.8629461499997,-564.6036556999998,-1012.4666018499995,True,True,DELTA_PROP_STOP,2022-12-30 15:02:00+05:30,0.2424591697351749
2023-01-12,283.3208462500001,-347.1504349999999,-630.47128125,True,True,DELTA_PROP_STOP,2023-01-06 12:57:00+05:30,0.20371996402168224
2023-01-19,410.7209040999999,212.3081562500001,-198.41274784999982,True,True,DELTA_PROP_TARGET,2023-01-13 14:03:00+05:30,0.2489909649153912
2023-02-02,1654.9150369000004,-2384.1284268,-4039.0434637000003,True,True,DELTA_PROP_STOP,2023-01-27 12:32:00+05:30,0.40968345165113795
2023-02-09,778.6678209000003,713.3104996000002,-65.35732130000008,True,True,DELTA_PROP_TARGET,2023-02-07 09:15:00+05:30,0.30369900406497297
2023-02-16,169.76982594999987,104.31604324999994,-65.45378269999993,True,True,DELTA_PROP_TARGET,2023-02-14 11:25:00+05:30,0.16701183469875047
2023-03-02,347.4884769499999,-423.10651669999953,-770.5949936499994,True,True,DELTA_PROP_STOP,2023-02-24 12:54:00+05:30,0.22642749432607867
2023-03-09,393.6785602499997,230.49425669999988,-163.1843035499998,True,True,DELTA_PROP_TARGET,2023-03-03 09:38:00+05:30,0.22410163996861543
2023-03-16,515.5738748500005,287.5522609499999,-228.0216139000006,True,True,DELTA_PROP_TARGET,2023-03-13 09:30:00+05:30,0.2539639751273465
2023-03-23,783.9373440000004,-540.02634925,-1323.9636932500002,True,True,DELTA_PROP_STOP,2023-03-20 10:19:00+05:30,0.2989094088201467
2023-04-06,627.45570435,476.80213255,-150.6535718,True,True,DELTA_PROP_TARGET,2023-03-31 09:15:00+05:30,0.26563109790675576
2023-04-20,285.7534982,-254.34033884999997,-540.09383705,True,True,DELTA_PROP_STOP,2023-04-17 09:25:00+05:30,0.19821701684660697
2023-05-11,105.67568965,-168.46806330000004,-274.14375295,True,True,DELTA_PROP_STOP,2023-05-05 11:18:00+05:30,0.11040540005575061
2023-05-18,246.3028259999998,96.3061103999998,-149.99671560000002,True,True,DELTA_PROP_TARGET,2023-05-15 10:39:00+05:30,0.19939130988648657
2023-06-01,202.20273969999988,21.594840099999885,-180.6078996,True,True,DELTA_PROP_TARGET,2023-05-29 09:15:00+05:30,0.18291431356567023
2023-06-08,120.0511181499998,12.139836299999843,-107.91128184999995,True,True,DELTA_PROP_TARGET,2023-06-05 09:15:00+05:30,0.15830459799340824
2023-06-15,105.70784344999994,17.974347600000016,-87.73349584999993,True,True,DELTA_PROP_TARGET,2023-06-14 09:15:00+05:30,0.10455154795257526
2023-06-22,110.73850974999996,35.49440505000001,-75.24410469999995,True,True,DELTA_PROP_TARGET,2023-06-21 09:44:00+05:30,0.10269699003801924
2023-07-06,239.7168471499999,21.553499499999845,-218.16334765000005,True,True,DELTA_PROP_TARGET,2023-07-04 09:15:00+05:30,0.18199089210050956
2023-07-13,294.26411164999985,-236.69166620000004,-530.9557778499999,True,True,DELTA_PROP_STOP,2023-07-07 11:27:00+05:30,0.19524813131761531
2023-07-20,145.24119685,-22.757883199999966,-167.99908004999998,True,True,DELTA_PROP_TARGET,2023-07-18 14:27:00+05:30,0.1447752908379364
2023-08-03,221.68692229999985,108.93789694999984,-112.74902535000001,True,True,DELTA_PROP_TARGET,2023-07-31 14:30:00+05:30,0.19276948333834998
2023-08-10,207.0588567999999,46.51390819999989,-160.5449486,True,True,DELTA_PROP_TARGET,2023-08-07 13:38:00+05:30,0.1833184037408615
2023-08-17,356.5760087499998,-142.44568589999986,-499.02169464999963,True,True,DELTA_PROP_STOP,2023-08-14 09:15:00+05:30,0.19315419862689454
2023-08-24,107.97053960000002,12.645110300000056,-95.32542929999997,True,True,DELTA_PROP_TARGET,2023-08-21 14:00:00+05:30,0.11777863432920321
2023-09-07,147.57738739999996,9.596942749999926,-137.98044465000004,True,True,DELTA_PROP_TARGET,2023-09-04 09:15:00+05:30,0.15431775158543326
2023-09-14,170.17863854999996,-10.31901944999997,-180.49765799999994,True,True,DELTA_PROP_TARGET,2023-09-12 09:15:00+05:30,0.14451736348185762
2023-09-21,556.5578493499997,429.8605816999999,-126.69726764999984,True,True,DELTA_PROP_TARGET,2023-09-18 11:20:00+05:30,0.2591040400047582
2023-10-05,479.2577514999997,-431.32315255000026,-910.58090405,True,True,DELTA_PROP_STOP,2023-09-28 13:33:00+05:30,0.25027802073557426
2023-10-12,169.89384774999996,-347.76410055000014,-517.6579483,True,True,DELTA_PROP_STOP,2023-10-09 09:15:00+05:30,0.16698468252208565
2023-10-19,239.39530915,146.70923479999993,-92.68607435000007,True,True,DELTA_PROP_TARGET,2023-10-17 09:15:00+05:30,0.18358329343505797
2023-11-02,463.0192526500001,282.50781444999996,-180.51143820000016,True,True,DELTA_PROP_TARGET,2023-10-30 13:32:00+05:30,0.24426513885024326
2023-11-09,209.89113454999995,99.44614595000006,-110.44498859999989,True,True,DELTA_PROP_TARGET,2023-11-06 12:13:00+05:30,0.16789316943931154
2023-11-16,67.872198,-42.45795560000007,-110.33015360000007,True,True,DELTA_PROP_TARGET,2023-11-12 18:15:00+05:30,0.14025997935401602
2023-11-23,234.76886204999985,179.50043374999993,-55.268428299999925,True,True,DELTA_PROP_TARGET,2023-11-22 09:15:00+05:30,0.17297126240947336
2023-12-07,585.5080726,397.41388774999996,-188.09418485000003,True,True,DELTA_PROP_TARGET,2023-12-04 09:15:00+05:30,0.2547554500457212
2023-12-14,423.1276140499999,407.4798137500001,-15.647800299999801,True,True,DELTA_PROP_TARGET,2023-12-12 12:42:00+05:30,0.25144935531480506
2023-12-21,364.67780959999976,230.89847589999988,-133.77933369999988,True,True,DELTA_PROP_TARGET,2023-12-19 09:16:00+05:30,0.21464043497829477
2024-01-04,1025.7593181,856.9031223000004,-168.85619579999957,True,True,DELTA_PROP_TARGET,2024-01-01 14:42:00+05:30,0.3527190936819665
2024-01-11,392.9849568499997,-586.3413476499998,-979.3263044999994,True,True,DELTA_PROP_STOP,2024-01-05 14:13:00+05:30,0.23706297518277408
2024-01-18,633.3535665000009,363.92449200000004,-269.4290745000008,True,True,DELTA_PROP_TARGET,2024-01-15 09:16:00+05:30,0.2732850396322932
2024-02-01,3208.7082301500004,-3268.494987400001,-6477.203217550001,True,True,DELTA_PROP_STOP,2024-01-29 10:57:00+05:30,0.5351270507328749
2024-02-08,1097.3048425000009,-1295.0167332499989,-2392.3215757499997,True,True,DELTA_PROP_STOP,2024-02-05 14:42:00+05:30,0.3522368590768027
2024-02-15,1781.0748767500006,1680.9438577500007,-100.13101899999992,True,True,DELTA_PROP_TARGET,2024-02-13 13:00:00+05:30,0.40861169321577917
2024-02-22,1134.9429717500004,916.3799983000007,-218.56297344999973,True,True,DELTA_PROP_TARGET,2024-02-20 12:03:00+05:30,0.34438897072773256
2024-03-14,1122.528861600001,269.0023251500009,-853.5265364500001,True,True,DELTA_PROP_STOP,2024-03-13 11:05:00+05:30,0.355204236375085
2024-03-21,1556.5414400500003,1364.2066537,-192.3347863500003,True,True,DELTA_PROP_TARGET,2024-03-18 14:20:00+05:30,0.40444961736717155
2024-04-04,848.8077649000004,645.4332517500001,-203.37451315000033,True,True,DELTA_PROP_TARGET,2024-04-01 09:24:00+05:30,0.3078378557057737
2024-04-10,687.5149854000001,-774.6918695999991,-1462.2068549999992,True,True,DELTA_PROP_STOP,2024-04-04 13:31:00+05:30,0.3327779262874887
2024-04-18,1002.2724340500004,-1825.244903849999,-2827.5173378999993,True,True,DELTA_PROP_STOP,2024-04-15 09:15:00+05:30,0.30932270430621556
2024-05-02,384.14317195,307.4438844749999,-76.69928747500012,True,True,DELTA_PROP_TARGET,2024-04-29 09:32:00+05:30,0.304581100444687
2024-05-09,-8234.657223125001,-485.1230645249997,7749.534158600001,False,True,DELTA_PROP_STOP,2024-05-03 10:22:00+05:30,0.277509902462173
2024-05-16,524.6141327000003,402.0311480500003,-122.58298464999996,True,True,DELTA_PROP_TARGET,2024-05-13 09:31:00+05:30,0.39034834320855116
2024-05-23,480.9228590000001,390.52015110000025,-90.40270789999983,True,True,DELTA_PROP_TARGET,2024-05-21 11:15:00+05:30,0.33926124262255464
2024-06-13,1842.5338048500005,1416.3672002500005,-426.1666046,True,True,DELTA_PROP_TARGET,2024-06-10 09:15:00+05:30,0.550255325711732
2024-06-20,685.0901803000004,616.0264635750003,-69.06371672500006,True,True,DELTA_PROP_TARGET,2024-06-18 09:15:00+05:30,0.38563507470324554
2024-07-04,801.9374117500003,801.9374117500003,0.0,False,False,DELTA_PROP_TARGET,2024-07-03 09:15:00+05:30,0.4114940371190243
2024-07-11,254.4758245500001,191.60397930000005,-62.871845250000064,True,True,DELTA_PROP_TARGET,2024-07-08 10:25:00+05:30,0.2793364516883238
2024-07-18,303.175722575,-372.61289597499996,-675.7886185499999,True,True,DELTA_PROP_STOP,2024-07-11 12:03:00+05:30,0.2890001475122643
2024-08-01,515.8573257,311.36294797500005,-204.494377725,True,True,DELTA_PROP_TARGET,2024-07-26 15:13:00+05:30,0.36024556096056615
2024-08-08,-3704.641998275001,-2658.821505975,1045.8204923000008,False,True,DELTA_PROP_STOP,2024-08-05 09:15:00+05:30,0.41665075908912985
2024-08-14,1398.408951475,1157.6305724749996,-240.77837900000054,True,True,DELTA_PROP_TARGET,2024-08-09 14:04:00+05:30,0.48561109743818087
2024-08-22,657.6075483499999,454.4558151000001,-203.15173324999978,True,True,DELTA_PROP_TARGET,2024-08-16 15:03:00+05:30,0.39114683091618796
2024-09-05,345.85967,316.2475505000001,-29.612119499999892,True,True,DELTA_PROP_TARGET,2024-09-03 12:39:00+05:30,0.3119855697540904
2024-09-12,669.5755886000002,-968.7317006499998,-1638.30728925,True,True,DELTA_PROP_STOP,2024-09-06 14:51:00+05:30,0.3997174365443037
2024-09-19,537.2744046750003,537.2744046750003,0.0,False,False,DELTA_PROP_TARGET,2024-09-19 09:15:00+05:30,0.3475407846207751
2024-10-03,-8209.827289635003,-238.98284777499953,7970.844441860003,False,True,DELTA_PROP_STOP,2024-09-30 13:20:00+05:30,0.3442883716488616
2024-10-10,1083.6994872,-1397.7256835525002,-2481.4251707525,True,True,DELTA_PROP_STOP,2024-10-04 13:00:00+05:30,0.44162627957803513
2024-10-17,588.7659081225004,463.5669501875001,-125.1989579350003,True,True,DELTA_PROP_TARGET,2024-10-14 11:38:00+05:30,0.3691724325765723
2024-10-24,742.5892595875,505.3985496425002,-237.1907099449998,True,True,DELTA_PROP_TARGET,2024-10-18 14:21:00+05:30,0.3894563665495835
2024-11-14,-3384.0833959500005,584.2799033050001,3968.3632992550006,False,True,DELTA_PROP_TARGET,2024-11-11 11:13:00+05:30,0.3753107226491289
2024-11-21,999.0961959749995,-948.3245429750002,-1947.4207389499998,True,True,DELTA_PROP_STOP,2024-11-13 14:34:00+05:30,0.44852431814416416
2024-12-05,977.3864183575,724.0360294974998,-253.35038886000018,True,True,DELTA_PROP_TARGET,2024-12-02 14:45:00+05:30,0.43432239874469014
2024-12-12,1582.4841358400004,1582.4841358400004,0.0,False,False,EXPIRY_FALLBACK,2024-12-11 09:22:00+05:30,0.5179954138192853
2024-12-19,713.6322259100007,-1275.8475351724996,-1989.4797610825003,True,True,DELTA_PROP_STOP,2024-12-13 10:31:00+05:30,0.40386444428313506
2025-01-02,1942.1820923850005,-1393.600942979998,-3335.783035364999,True,True,DELTA_PROP_STOP,2024-12-30 13:31:00+05:30,0.35444491446455684
2025-01-09,2329.481302095,1858.3873716375006,-471.0939304574995,True,True,DELTA_PROP_TARGET,2025-01-06 10:50:00+05:30,0.4273298831777077
2025-01-16,3183.482579632501,-3347.369723775,-6530.852303407501,True,True,DELTA_PROP_STOP,2025-01-10 11:15:00+05:30,0.48173203791506947
2025-01-23,2273.774241337501,-1532.6326688999984,-3806.4069102374992,True,True,DELTA_PROP_STOP,2025-01-21 14:40:00+05:30,0.40299977440486245
2025-02-06,5664.690898477501,970.3877453699988,-4694.303153107502,True,True,DELTA_PROP_STOP,2025-02-03 09:47:00+05:30,0.5278670303951798
2025-02-13,3007.758341932502,-1508.6299181174995,-4516.388260050002,True,True,DELTA_PROP_STOP,2025-02-10 10:10:00+05:30,0.4105694520509986
2025-02-20,2110.901127000001,-2608.8132038474982,-4719.714330847499,True,True,DELTA_PROP_STOP,2025-02-14 10:48:00+05:30,0.37474335510742474
2025-03-06,1027.5855126525,-1513.7707832999997,-2541.3562959524997,True,True,DELTA_PROP_STOP,2025-02-28 12:55:00+05:30,0.29671826581796856
2025-03-13,1373.9528982000006,-762.4665234074994,-2136.4194216075,True,True,DELTA_PROP_STOP,2025-03-11 09:15:00+05:30,0.3237861513450452
2025-03-20,1408.5670067025012,1136.9650652175005,-271.6019414850007,True,True,DELTA_PROP_TARGET,2025-03-18 09:32:00+05:30,0.33594229666044306
2025-04-03,2509.239655485,2046.2033479275,-463.0363075575001,True,True,DELTA_PROP_TARGET,2025-03-28 14:01:00+05:30,0.4140047829419884
2025-04-09,-27321.078748147494,-2932.5967609199997,24388.481987227497,False,True,DELTA_PROP_STOP,2025-04-04 09:21:00+05:30,0.41225054236791425
2025-04-17,11002.543047607498,8666.724581639999,-2335.818465967499,True,True,DELTA_PROP_TARGET,2025-04-11 09:23:00+05:30,0.6439467902269619
2025-04-24,3555.5592842250003,3058.891073865,-496.6682103600001,True,True,DELTA_PROP_TARGET,2025-04-21 09:15:00+05:30,0.4541519002810295
2025-05-08,4389.7374611625,-3818.3514021525007,-8208.088863315,True,True,DELTA_PROP_STOP,2025-05-02 11:32:00+05:30,0.48944474726833387
2025-05-15,9321.4390103325,9321.439010332499,-1.8189894035458565e-12,False,False,DELTA_PROP_TARGET,2025-05-12 09:15:00+05:30,0.5781432973509641
2025-05-22,3688.58558043,468.94348908750044,-3219.6420913424995,True,True,DELTA_PROP_STOP,2025-05-20 14:22:00+05:30,0.4585890231188666
2025-06-05,4023.95040921,3308.6248504500004,-715.3255587599997,True,True,DELTA_PROP_TARGET,2025-06-03 13:23:00+05:30,0.5053952637407497
2025-06-12,2574.239168587502,-3344.393303857501,-5918.632472445002,True,True,DELTA_PROP_STOP,2025-06-06 10:40:00+05:30,0.4376749113945858
2025-06-19,4178.6957430975,3422.6698800899994,-756.0258630075004,True,True,DELTA_PROP_TARGET,2025-06-16 10:31:00+05:30,0.49149769942056476
2025-07-03,2129.0930362800004,1982.1246950925008,-146.96834118749962,True,True,DELTA_PROP_TARGET,2025-07-01 15:18:00+05:30,0.3758983941586884
2025-07-10,1399.4219417775,1298.070209295,-101.35173248249998,True,True,DELTA_PROP_TARGET,2025-07-09 14:53:00+05:30,0.35665482455261166
2025-07-17,955.931584215,-1185.4585280924996,-2141.3901123074997,True,True,DELTA_PROP_STOP,2025-07-11 10:58:00+05:30,0.2849715340674882
2025-07-24,905.253079995,-1226.2851159299994,-2131.5381959249994,True,True,DELTA_PROP_STOP,2025-07-18 10:20:00+05:30,0.27374251423326745
2025-08-07,1676.3102829375005,-1887.827670599998,-3564.1379535374986,True,True,DELTA_PROP_STOP,2025-08-01 15:10:00+05:30,0.35146714624277864
2025-08-14,1107.1409775825005,-35.22641629499846,-1142.367393877499,True,True,DELTA_PROP_STOP,2025-08-12 09:54:00+05:30,0.32640645825679515
2025-08-21,1539.75685833,1317.5793407175006,-222.1775176124993,True,True,DELTA_PROP_TARGET,2025-08-18 09:15:00+05:30,0.33934345169378943
2025-09-02,1337.9426544525006,-933.1078748924987,-2271.050529344999,True,True,DELTA_PROP_STOP,2025-08-28 09:15:00+05:30,0.3173014209771411
2025-09-09,707.6904236475,421.57984425749976,-286.1105793900002,True,True,DELTA_PROP_TARGET,2025-09-04 09:15:00+05:30,0.2458155961853995
2025-09-16,823.5297467700002,627.6491318250002,-195.88061494500005,True,True,DELTA_PROP_TARGET,2025-09-12 09:15:00+05:30,0.2504416615338996
2025-09-23,558.8435999175,464.7567100199998,-94.08688989750021,True,True,DELTA_PROP_TARGET,2025-09-22 09:34:00+05:30,0.196819354116331
2025-10-07,1732.3734074025006,1732.3734074025006,0.0,False,False,EXPIRY_FALLBACK,2025-10-03 12:35:00+05:30,0.38773472529837383
2025-10-14,1163.3759597625003,-382.15506224249884,-1545.5310220049992,True,True,DELTA_PROP_STOP,2025-10-08 11:18:00+05:30,0.2902042651891267
2025-11-04,1825.7323985775008,1655.8470088350007,-169.88538974250014,True,True,DELTA_PROP_TARGET,2025-10-31 09:15:00+05:30,0.38397394493481407
2025-11-11,1922.0555745225004,1654.345637265,-267.7099372575003,True,True,DELTA_PROP_TARGET,2025-11-06 10:08:00+05:30,0.3999797217611998
2025-11-18,1282.7354520975002,1154.4413674875002,-128.29408461000003,True,True,DELTA_PROP_TARGET,2025-11-17 09:15:00+05:30,0.2962522358316604
2025-12-02,1076.6381015100008,854.3834105925002,-222.2546909175005,True,True,DELTA_PROP_TARGET,2025-11-27 15:12:00+05:30,0.29396763318413677
2025-12-09,1093.86537276,468.55229004000046,-625.3130827199994,True,True,DELTA_PROP_STOP,2025-12-05 12:25:00+05:30,0.2988926588137495
2025-12-16,737.3461331624999,-924.3188736749996,-1661.6650068374995,True,True,DELTA_PROP_STOP,2025-12-10 12:35:00+05:30,0.25575962806562846
2025-12-23,618.1480031924999,362.24036220749997,-255.90764098499994,True,True,DELTA_PROP_TARGET,2025-12-19 10:40:00+05:30,0.22478081173718334
2026-01-06,274.2853694794999,46.050542360499975,-228.2348271189999,True,True,DELTA_PROP_TARGET,2026-01-01 09:51:00+05:30,0.18300908510913383
2026-01-13,361.4881685979999,-246.46111098900056,-607.9492795870004,True,True,DELTA_PROP_STOP,2026-01-08 10:59:00+05:30,0.18780347029763256
2026-01-20,1919.0229983970005,1919.0229983970003,-2.2737367544323206e-13,False,False,DELTA_PROP_TARGET,2026-01-19 09:15:00+05:30,0.4156781911145345
2026-02-03,3647.096293254001,-4969.5550781454995,-8616.651371399501,True,True,DELTA_PROP_STOP,2026-02-01 12:29:00+05:30,0.4984457071636268
2026-02-10,2606.813267173001,55.98894959250103,-2550.8243175805,True,True,DELTA_PROP_STOP,2026-02-06 09:43:00+05:30,0.43752941124199185
2026-02-17,1238.9791075980008,-475.2097007209993,-1714.1888083190001,True,True,DELTA_PROP_STOP,2026-02-12 14:49:00+05:30,0.3108302335312563
2026-03-02,-9044.878186638502,586.4579123630009,9631.336099001503,False,True,DELTA_PROP_STOP,2026-02-27 15:02:00+05:30,0.42328834937888515
2026-03-10,10018.548941086998,8111.056896863,-1907.4920442239982,True,True,DELTA_PROP_TARGET,2026-03-05 14:44:00+05:30,0.6384950301566981
2026-03-17,-632.579453202504,-14417.086910468506,-13784.507457266001,False,True,DELTA_PROP_STOP,2026-03-12 09:15:00+05:30,0.5836517865174891
2026-03-24,-15674.117431429002,-6350.717301352504,9323.400130076498,False,True,DELTA_PROP_STOP,2026-03-19 09:15:00+05:30,0.5656417881540983
2026-04-13,11405.006809122497,11405.006809122495,-1.8189894035458565e-12,False,False,DELTA_PROP_TARGET,2026-04-08 09:15:00+05:30,0.6754789277623864
2026-04-21,4832.436764354501,4090.925588826,-741.5111755285011,True,True,DELTA_PROP_TARGET,2026-04-20 09:20:00+05:30,0.5058620820364286
2026-05-05,3799.2880048415,-2727.202687776502,-6526.490692618002,True,True,DELTA_PROP_STOP,2026-04-30 09:22:00+05:30,0.49241746686673626
2026-05-12,-17890.35296654,2132.3428292835,20022.6957958235,False,True,DELTA_PROP_TARGET,2026-05-07 12:38:00+05:30,0.4569109789083653
2026-05-19,4926.6358461495,-3474.138772392004,-8400.774618541504,True,True,DELTA_PROP_STOP,2026-05-14 11:44:00+05:30,0.573083180469607
2026-07-07,2320.9433282860005,-2444.4093598879995,-4765.352688174,True,True,DELTA_PROP_STOP,2026-06-30 09:32:00+05:30,0.4386471276831857
