configuration_id,threshold_pct,eligible_event_rows,unique_event_identities,brokerage_per_order_inr,adverse_slippage_per_fill_inr,grid_sum_net_pnl_inr,leave_one_event_out_min_net_inr,meets_preregistered_event_count,passes_severe_cost_screen,promotion_eligible,interpretation
060d90e4f65e45f6cff8,2,0,0,20.0,0.5,0,,False,False,False,Exploratory quote-validation lead only; never a strategy promotion.
0a2c71c6e12e773afc2d,2,0,0,20.0,0.5,0,,False,False,False,Exploratory quote-validation lead only; never a strategy promotion.
15e3134481edf2a4beeb,2,0,0,20.0,0.5,0,,False,False,False,Exploratory quote-validation lead only; never a strategy promotion.
16d864e72053099b92bd,2,0,0,20.0,0.5,0,,False,False,False,Exploratory quote-validation lead only; never a strategy promotion.
1a0635bb11fffe02e510,2,0,0,20.0,0.5,0,,False,False,False,Exploratory quote-validation lead only; never a strategy promotion.
2173cfebeda92408e9c0,2,0,0,20.0,0.5,0,,False,False,False,Exploratory quote-validation lead only; never a strategy promotion.
2432b3ba491006a1f15a,2,0,0,20.0,0.5,0,,False,False,False,Exploratory quote-validation lead only; never a strategy promotion.
2f22cd4cb483cbbd04af,2,0,0,20.0,0.5,0,,False,False,False,Exploratory quote-validation lead only; never a strategy promotion.
2f542b011d83f30b511e,2,0,0,20.0,0.5,0,,False,False,False,Exploratory quote-validation lead only; never a strategy promotion.
31945d66866929a2f44e,2,0,0,20.0,0.5,0,,False,False,False,Exploratory quote-validation lead only; never a strategy promotion.
3bb7fb2966c25f63f7b8,2,0,0,20.0,0.5,0,,False,False,False,Exploratory quote-validation lead only; never a strategy promotion.
4bd35f1260b64365d38b,2,0,0,20.0,0.5,0,,False,False,False,Exploratory quote-validation lead only; never a strategy promotion.
4dfc85b9cb14f0282a2e,2,0,0,20.0,0.5,0,,False,False,False,Exploratory quote-validation lead only; never a strategy promotion.
5819a5202b9b3b1cdd0b,2,0,0,20.0,0.5,0,,False,False,False,Exploratory quote-validation lead only; never a strategy promotion.
60c2d16b969965ff2b15,2,0,0,20.0,0.5,0,,False,False,False,Exploratory quote-validation lead only; never a strategy promotion.
722daeb1f1c06b54a1ee,2,0,0,20.0,0.5,0,,False,False,False,Exploratory quote-validation lead only; never a strategy promotion.
739fae891dcde1c84104,2,0,0,20.0,0.5,0,,False,False,False,Exploratory quote-validation lead only; never a strategy promotion.
7f2f9e5e0437e0f7df04,2,0,0,20.0,0.5,0,,False,False,False,Exploratory quote-validation lead only; never a strategy promotion.
7fbbaa60e31b671300e2,2,0,0,20.0,0.5,0,,False,False,False,Exploratory quote-validation lead only; never a strategy promotion.
824453c4ca52e0a8f423,2,0,0,20.0,0.5,0,,False,False,False,Exploratory quote-validation lead only; never a strategy promotion.
88f406f18831fffb35a5,2,0,0,20.0,0.5,0,,False,False,False,Exploratory quote-validation lead only; never a strategy promotion.
89f52cd7e0b3bc8ec28c,2,0,0,20.0,0.5,0,,False,False,False,Exploratory quote-validation lead only; never a strategy promotion.
8ac7e282e4555d32f4b1,2,0,0,20.0,0.5,0,,False,False,False,Exploratory quote-validation lead only; never a strategy promotion.
9373cc117634bae8f765,2,0,0,20.0,0.5,0,,False,False,False,Exploratory quote-validation lead only; never a strategy promotion.
98dbdd88c3b8df3d0d98,2,0,0,20.0,0.5,0,,False,False,False,Exploratory quote-validation lead only; never a strategy promotion.
996fe2c49ae57ab7d9a0,2,0,0,20.0,0.5,0,,False,False,False,Exploratory quote-validation lead only; never a strategy promotion.
a4f8558870d4a10947fe,2,0,0,20.0,0.5,0,,False,False,False,Exploratory quote-validation lead only; never a strategy promotion.
a85d75f96c0c6721a862,2,1,1,20.0,0.5,-214.80404765,0.0,False,False,False,Exploratory quote-validation lead only; never a strategy promotion.
ad24b0d8ca9a87353e8a,2,0,0,20.0,0.5,0,,False,False,False,Exploratory quote-validation lead only; never a strategy promotion.
afd015454460bea2a27d,2,0,0,20.0,0.5,0,,False,False,False,Exploratory quote-validation lead only; never a strategy promotion.
c039247dcd6929eb8c8b,2,0,0,20.0,0.5,0,,False,False,False,Exploratory quote-validation lead only; never a strategy promotion.
c31e45a39d28e22b70b2,2,0,0,20.0,0.5,0,,False,False,False,Exploratory quote-validation lead only; never a strategy promotion.
c4749ba6933734c7ed45,2,0,0,20.0,0.5,0,,False,False,False,Exploratory quote-validation lead only; never a strategy promotion.
cf6ec0b712b4aff6231f,2,0,0,20.0,0.5,0,,False,False,False,Exploratory quote-validation lead only; never a strategy promotion.
d1522f8d7f12e8386fbd,2,0,0,20.0,0.5,0,,False,False,False,Exploratory quote-validation lead only; never a strategy promotion.
d4f27239e30ac6922af1,2,0,0,20.0,0.5,0,,False,False,False,Exploratory quote-validation lead only; never a strategy promotion.
ed63864fa6c58959e82b,2,0,0,20.0,0.5,0,,False,False,False,Exploratory quote-validation lead only; never a strategy promotion.
f32415bb61dd6e9f83f2,2,0,0,20.0,0.5,0,,False,False,False,Exploratory quote-validation lead only; never a strategy promotion.
f96abfc5c945c889729f,2,0,0,20.0,0.5,0,,False,False,False,Exploratory quote-validation lead only; never a strategy promotion.
fe6add04f5cb79f886ae,2,0,0,20.0,0.5,0,,False,False,False,Exploratory quote-validation lead only; never a strategy promotion.
060d90e4f65e45f6cff8,3,0,0,20.0,0.5,0,,False,False,False,Exploratory quote-validation lead only; never a strategy promotion.
0a2c71c6e12e773afc2d,3,0,0,20.0,0.5,0,,False,False,False,Exploratory quote-validation lead only; never a strategy promotion.
15e3134481edf2a4beeb,3,0,0,20.0,0.5,0,,False,False,False,Exploratory quote-validation lead only; never a strategy promotion.
16d864e72053099b92bd,3,0,0,20.0,0.5,0,,False,False,False,Exploratory quote-validation lead only; never a strategy promotion.
1a0635bb11fffe02e510,3,0,0,20.0,0.5,0,,False,False,False,Exploratory quote-validation lead only; never a strategy promotion.
2173cfebeda92408e9c0,3,0,0,20.0,0.5,0,,False,False,False,Exploratory quote-validation lead only; never a strategy promotion.
2432b3ba491006a1f15a,3,0,0,20.0,0.5,0,,False,False,False,Exploratory quote-validation lead only; never a strategy promotion.
2f22cd4cb483cbbd04af,3,0,0,20.0,0.5,0,,False,False,False,Exploratory quote-validation lead only; never a strategy promotion.
2f542b011d83f30b511e,3,0,0,20.0,0.5,0,,False,False,False,Exploratory quote-validation lead only; never a strategy promotion.
31945d66866929a2f44e,3,0,0,20.0,0.5,0,,False,False,False,Exploratory quote-validation lead only; never a strategy promotion.
3bb7fb2966c25f63f7b8,3,0,0,20.0,0.5,0,,False,False,False,Exploratory quote-validation lead only; never a strategy promotion.
4bd35f1260b64365d38b,3,0,0,20.0,0.5,0,,False,False,False,Exploratory quote-validation lead only; never a strategy promotion.
4dfc85b9cb14f0282a2e,3,0,0,20.0,0.5,0,,False,False,False,Exploratory quote-validation lead only; never a strategy promotion.
5819a5202b9b3b1cdd0b,3,0,0,20.0,0.5,0,,False,False,False,Exploratory quote-validation lead only; never a strategy promotion.
60c2d16b969965ff2b15,3,0,0,20.0,0.5,0,,False,False,False,Exploratory quote-validation lead only; never a strategy promotion.
722daeb1f1c06b54a1ee,3,0,0,20.0,0.5,0,,False,False,False,Exploratory quote-validation lead only; never a strategy promotion.
739fae891dcde1c84104,3,0,0,20.0,0.5,0,,False,False,False,Exploratory quote-validation lead only; never a strategy promotion.
7f2f9e5e0437e0f7df04,3,0,0,20.0,0.5,0,,False,False,False,Exploratory quote-validation lead only; never a strategy promotion.
7fbbaa60e31b671300e2,3,0,0,20.0,0.5,0,,False,False,False,Exploratory quote-validation lead only; never a strategy promotion.
824453c4ca52e0a8f423,3,0,0,20.0,0.5,0,,False,False,False,Exploratory quote-validation lead only; never a strategy promotion.
88f406f18831fffb35a5,3,0,0,20.0,0.5,0,,False,False,False,Exploratory quote-validation lead only; never a strategy promotion.
89f52cd7e0b3bc8ec28c,3,0,0,20.0,0.5,0,,False,False,False,Exploratory quote-validation lead only; never a strategy promotion.
8ac7e282e4555d32f4b1,3,0,0,20.0,0.5,0,,False,False,False,Exploratory quote-validation lead only; never a strategy promotion.
9373cc117634bae8f765,3,0,0,20.0,0.5,0,,False,False,False,Exploratory quote-validation lead only; never a strategy promotion.
98dbdd88c3b8df3d0d98,3,0,0,20.0,0.5,0,,False,False,False,Exploratory quote-validation lead only; never a strategy promotion.
996fe2c49ae57ab7d9a0,3,0,0,20.0,0.5,0,,False,False,False,Exploratory quote-validation lead only; never a strategy promotion.
a4f8558870d4a10947fe,3,0,0,20.0,0.5,0,,False,False,False,Exploratory quote-validation lead only; never a strategy promotion.
a85d75f96c0c6721a862,3,1,1,20.0,0.5,-214.80404765,0.0,False,False,False,Exploratory quote-validation lead only; never a strategy promotion.
ad24b0d8ca9a87353e8a,3,0,0,20.0,0.5,0,,False,False,False,Exploratory quote-validation lead only; never a strategy promotion.
afd015454460bea2a27d,3,0,0,20.0,0.5,0,,False,False,False,Exploratory quote-validation lead only; never a strategy promotion.
c039247dcd6929eb8c8b,3,0,0,20.0,0.5,0,,False,False,False,Exploratory quote-validation lead only; never a strategy promotion.
c31e45a39d28e22b70b2,3,0,0,20.0,0.5,0,,False,False,False,Exploratory quote-validation lead only; never a strategy promotion.
c4749ba6933734c7ed45,3,0,0,20.0,0.5,0,,False,False,False,Exploratory quote-validation lead only; never a strategy promotion.
cf6ec0b712b4aff6231f,3,0,0,20.0,0.5,0,,False,False,False,Exploratory quote-validation lead only; never a strategy promotion.
d1522f8d7f12e8386fbd,3,0,0,20.0,0.5,0,,False,False,False,Exploratory quote-validation lead only; never a strategy promotion.
d4f27239e30ac6922af1,3,0,0,20.0,0.5,0,,False,False,False,Exploratory quote-validation lead only; never a strategy promotion.
ed63864fa6c58959e82b,3,0,0,20.0,0.5,0,,False,False,False,Exploratory quote-validation lead only; never a strategy promotion.
f32415bb61dd6e9f83f2,3,0,0,20.0,0.5,0,,False,False,False,Exploratory quote-validation lead only; never a strategy promotion.
f96abfc5c945c889729f,3,0,0,20.0,0.5,0,,False,False,False,Exploratory quote-validation lead only; never a strategy promotion.
fe6add04f5cb79f886ae,3,0,0,20.0,0.5,0,,False,False,False,Exploratory quote-validation lead only; never a strategy promotion.
060d90e4f65e45f6cff8,4,0,0,20.0,0.5,0,,False,False,False,Exploratory quote-validation lead only; never a strategy promotion.
0a2c71c6e12e773afc2d,4,0,0,20.0,0.5,0,,False,False,False,Exploratory quote-validation lead only; never a strategy promotion.
15e3134481edf2a4beeb,4,0,0,20.0,0.5,0,,False,False,False,Exploratory quote-validation lead only; never a strategy promotion.
16d864e72053099b92bd,4,1,1,20.0,0.5,-127.12689134999998,0.0,False,False,False,Exploratory quote-validation lead only; never a strategy promotion.
1a0635bb11fffe02e510,4,0,0,20.0,0.5,0,,False,False,False,Exploratory quote-validation lead only; never a strategy promotion.
2173cfebeda92408e9c0,4,0,0,20.0,0.5,0,,False,False,False,Exploratory quote-validation lead only; never a strategy promotion.
2432b3ba491006a1f15a,4,1,1,20.0,0.5,5207.481059999999,0.0,False,False,False,Exploratory quote-validation lead only; never a strategy promotion.
2f22cd4cb483cbbd04af,4,0,0,20.0,0.5,0,,False,False,False,Exploratory quote-validation lead only; never a strategy promotion.
2f542b011d83f30b511e,4,0,0,20.0,0.5,0,,False,False,False,Exploratory quote-validation lead only; never a strategy promotion.
31945d66866929a2f44e,4,0,0,20.0,0.5,0,,False,False,False,Exploratory quote-validation lead only; never a strategy promotion.
3bb7fb2966c25f63f7b8,4,0,0,20.0,0.5,0,,False,False,False,Exploratory quote-validation lead only; never a strategy promotion.
4bd35f1260b64365d38b,4,0,0,20.0,0.5,0,,False,False,False,Exploratory quote-validation lead only; never a strategy promotion.
4dfc85b9cb14f0282a2e,4,0,0,20.0,0.5,0,,False,False,False,Exploratory quote-validation lead only; never a strategy promotion.
5819a5202b9b3b1cdd0b,4,0,0,20.0,0.5,0,,False,False,False,Exploratory quote-validation lead only; never a strategy promotion.
60c2d16b969965ff2b15,4,0,0,20.0,0.5,0,,False,False,False,Exploratory quote-validation lead only; never a strategy promotion.
722daeb1f1c06b54a1ee,4,0,0,20.0,0.5,0,,False,False,False,Exploratory quote-validation lead only; never a strategy promotion.
739fae891dcde1c84104,4,0,0,20.0,0.5,0,,False,False,False,Exploratory quote-validation lead only; never a strategy promotion.
7f2f9e5e0437e0f7df04,4,1,1,20.0,0.5,-209.80094175,0.0,False,False,False,Exploratory quote-validation lead only; never a strategy promotion.
7fbbaa60e31b671300e2,4,0,0,20.0,0.5,0,,False,False,False,Exploratory quote-validation lead only; never a strategy promotion.
824453c4ca52e0a8f423,4,0,0,20.0,0.5,0,,False,False,False,Exploratory quote-validation lead only; never a strategy promotion.
88f406f18831fffb35a5,4,0,0,20.0,0.5,0,,False,False,False,Exploratory quote-validation lead only; never a strategy promotion.
89f52cd7e0b3bc8ec28c,4,0,0,20.0,0.5,0,,False,False,False,Exploratory quote-validation lead only; never a strategy promotion.
8ac7e282e4555d32f4b1,4,0,0,20.0,0.5,0,,False,False,False,Exploratory quote-validation lead only; never a strategy promotion.
9373cc117634bae8f765,4,1,1,20.0,0.5,-249.5697773,0.0,False,False,False,Exploratory quote-validation lead only; never a strategy promotion.
98dbdd88c3b8df3d0d98,4,0,0,20.0,0.5,0,,False,False,False,Exploratory quote-validation lead only; never a strategy promotion.
996fe2c49ae57ab7d9a0,4,1,1,20.0,0.5,-102.11136185000001,0.0,False,False,False,Exploratory quote-validation lead only; never a strategy promotion.
a4f8558870d4a10947fe,4,0,0,20.0,0.5,0,,False,False,False,Exploratory quote-validation lead only; never a strategy promotion.
a85d75f96c0c6721a862,4,1,1,20.0,0.5,-214.80404765,0.0,False,False,False,Exploratory quote-validation lead only; never a strategy promotion.
ad24b0d8ca9a87353e8a,4,0,0,20.0,0.5,0,,False,False,False,Exploratory quote-validation lead only; never a strategy promotion.
afd015454460bea2a27d,4,0,0,20.0,0.5,0,,False,False,False,Exploratory quote-validation lead only; never a strategy promotion.
c039247dcd6929eb8c8b,4,0,0,20.0,0.5,0,,False,False,False,Exploratory quote-validation lead only; never a strategy promotion.
c31e45a39d28e22b70b2,4,0,0,20.0,0.5,0,,False,False,False,Exploratory quote-validation lead only; never a strategy promotion.
c4749ba6933734c7ed45,4,1,1,20.0,0.5,8230.162655200002,0.0,False,False,False,Exploratory quote-validation lead only; never a strategy promotion.
cf6ec0b712b4aff6231f,4,0,0,20.0,0.5,0,,False,False,False,Exploratory quote-validation lead only; never a strategy promotion.
d1522f8d7f12e8386fbd,4,0,0,20.0,0.5,0,,False,False,False,Exploratory quote-validation lead only; never a strategy promotion.
d4f27239e30ac6922af1,4,0,0,20.0,0.5,0,,False,False,False,Exploratory quote-validation lead only; never a strategy promotion.
ed63864fa6c58959e82b,4,0,0,20.0,0.5,0,,False,False,False,Exploratory quote-validation lead only; never a strategy promotion.
f32415bb61dd6e9f83f2,4,1,1,20.0,0.5,-222.09862885,0.0,False,False,False,Exploratory quote-validation lead only; never a strategy promotion.
f96abfc5c945c889729f,4,0,0,20.0,0.5,0,,False,False,False,Exploratory quote-validation lead only; never a strategy promotion.
fe6add04f5cb79f886ae,4,0,0,20.0,0.5,0,,False,False,False,Exploratory quote-validation lead only; never a strategy promotion.
060d90e4f65e45f6cff8,5,1,1,20.0,0.5,-966.7272592000002,0.0,False,False,False,Exploratory quote-validation lead only; never a strategy promotion.
0a2c71c6e12e773afc2d,5,0,0,20.0,0.5,0,,False,False,False,Exploratory quote-validation lead only; never a strategy promotion.
15e3134481edf2a4beeb,5,1,1,20.0,0.5,-1668.3637059500002,0.0,False,False,False,Exploratory quote-validation lead only; never a strategy promotion.
16d864e72053099b92bd,5,2,2,20.0,0.5,-67.34469505000003,-127.12689134999998,False,False,False,Exploratory quote-validation lead only; never a strategy promotion.
1a0635bb11fffe02e510,5,0,0,20.0,0.5,0,,False,False,False,Exploratory quote-validation lead only; never a strategy promotion.
2173cfebeda92408e9c0,5,0,0,20.0,0.5,0,,False,False,False,Exploratory quote-validation lead only; never a strategy promotion.
2432b3ba491006a1f15a,5,1,1,20.0,0.5,5207.481059999999,0.0,False,False,False,Exploratory quote-validation lead only; never a strategy promotion.
2f22cd4cb483cbbd04af,5,0,0,20.0,0.5,0,,False,False,False,Exploratory quote-validation lead only; never a strategy promotion.
2f542b011d83f30b511e,5,0,0,20.0,0.5,0,,False,False,False,Exploratory quote-validation lead only; never a strategy promotion.
31945d66866929a2f44e,5,0,0,20.0,0.5,0,,False,False,False,Exploratory quote-validation lead only; never a strategy promotion.
3bb7fb2966c25f63f7b8,5,0,0,20.0,0.5,0,,False,False,False,Exploratory quote-validation lead only; never a strategy promotion.
4bd35f1260b64365d38b,5,0,0,20.0,0.5,0,,False,False,False,Exploratory quote-validation lead only; never a strategy promotion.
4dfc85b9cb14f0282a2e,5,1,1,20.0,0.5,-1858.3243358000002,0.0,False,False,False,Exploratory quote-validation lead only; never a strategy promotion.
5819a5202b9b3b1cdd0b,5,1,1,20.0,0.5,-189.78851815000002,0.0,False,False,False,Exploratory quote-validation lead only; never a strategy promotion.
60c2d16b969965ff2b15,5,0,0,20.0,0.5,0,,False,False,False,Exploratory quote-validation lead only; never a strategy promotion.
722daeb1f1c06b54a1ee,5,1,1,20.0,0.5,-3621.5896595,0.0,False,False,False,Exploratory quote-validation lead only; never a strategy promotion.
739fae891dcde1c84104,5,0,0,20.0,0.5,0,,False,False,False,Exploratory quote-validation lead only; never a strategy promotion.
7f2f9e5e0437e0f7df04,5,2,2,20.0,0.5,-804.8410378,-595.04009605,False,False,False,Exploratory quote-validation lead only; never a strategy promotion.
7fbbaa60e31b671300e2,5,1,1,20.0,0.5,1308.2390043000003,0.0,False,False,False,Exploratory quote-validation lead only; never a strategy promotion.
824453c4ca52e0a8f423,5,0,0,20.0,0.5,0,,False,False,False,Exploratory quote-validation lead only; never a strategy promotion.
88f406f18831fffb35a5,5,0,0,20.0,0.5,0,,False,False,False,Exploratory quote-validation lead only; never a strategy promotion.
89f52cd7e0b3bc8ec28c,5,0,0,20.0,0.5,0,,False,False,False,Exploratory quote-validation lead only; never a strategy promotion.
8ac7e282e4555d32f4b1,5,0,0,20.0,0.5,0,,False,False,False,Exploratory quote-validation lead only; never a strategy promotion.
9373cc117634bae8f765,5,2,2,20.0,0.5,-839.4242502,-589.8544729,False,False,False,Exploratory quote-validation lead only; never a strategy promotion.
98dbdd88c3b8df3d0d98,5,1,1,20.0,0.5,-4664.5231999,0.0,False,False,False,Exploratory quote-validation lead only; never a strategy promotion.
996fe2c49ae57ab7d9a0,5,2,2,20.0,0.5,142.78575274999994,-102.11136185000001,False,False,False,Exploratory quote-validation lead only; never a strategy promotion.
a4f8558870d4a10947fe,5,0,0,20.0,0.5,0,,False,False,False,Exploratory quote-validation lead only; never a strategy promotion.
a85d75f96c0c6721a862,5,1,1,20.0,0.5,-214.80404765,0.0,False,False,False,Exploratory quote-validation lead only; never a strategy promotion.
ad24b0d8ca9a87353e8a,5,0,0,20.0,0.5,0,,False,False,False,Exploratory quote-validation lead only; never a strategy promotion.
afd015454460bea2a27d,5,0,0,20.0,0.5,0,,False,False,False,Exploratory quote-validation lead only; never a strategy promotion.
c039247dcd6929eb8c8b,5,1,1,20.0,0.5,-239.81957715,0.0,False,False,False,Exploratory quote-validation lead only; never a strategy promotion.
c31e45a39d28e22b70b2,5,0,0,20.0,0.5,0,,False,False,False,Exploratory quote-validation lead only; never a strategy promotion.
c4749ba6933734c7ed45,5,2,2,20.0,0.5,6035.542156150001,-2194.620499050001,False,False,False,Exploratory quote-validation lead only; never a strategy promotion.
cf6ec0b712b4aff6231f,5,0,0,20.0,0.5,0,,False,False,False,Exploratory quote-validation lead only; never a strategy promotion.
d1522f8d7f12e8386fbd,5,0,0,20.0,0.5,0,,False,False,False,Exploratory quote-validation lead only; never a strategy promotion.
d4f27239e30ac6922af1,5,1,1,20.0,0.5,-1763.2653236999997,0.0,False,False,False,Exploratory quote-validation lead only; never a strategy promotion.
ed63864fa6c58959e82b,5,0,0,20.0,0.5,0,,False,False,False,Exploratory quote-validation lead only; never a strategy promotion.
f32415bb61dd6e9f83f2,5,2,2,20.0,0.5,-627.17809505,-405.0794662,False,False,False,Exploratory quote-validation lead only; never a strategy promotion.
f96abfc5c945c889729f,5,0,0,20.0,0.5,0,,False,False,False,Exploratory quote-validation lead only; never a strategy promotion.
fe6add04f5cb79f886ae,5,1,1,20.0,0.5,600.2995194500003,0.0,False,False,False,Exploratory quote-validation lead only; never a strategy promotion.
060d90e4f65e45f6cff8,6,3,3,20.0,0.5,-2407.5715126,-1909.98052125,False,False,False,Exploratory quote-validation lead only; never a strategy promotion.
0a2c71c6e12e773afc2d,6,0,0,20.0,0.5,0,,False,False,False,Exploratory quote-validation lead only; never a strategy promotion.
15e3134481edf2a4beeb,6,3,3,20.0,0.5,-3658.5459504500004,-2986.1677906000004,False,False,False,Exploratory quote-validation lead only; never a strategy promotion.
16d864e72053099b92bd,6,4,4,20.0,0.5,-315.395122775,-375.17731907499996,False,False,False,Exploratory quote-validation lead only; never a strategy promotion.
1a0635bb11fffe02e510,6,0,0,20.0,0.5,0,,False,False,False,Exploratory quote-validation lead only; never a strategy promotion.
2173cfebeda92408e9c0,6,1,1,20.0,0.5,-1340.1733691,0.0,False,False,False,Exploratory quote-validation lead only; never a strategy promotion.
2432b3ba491006a1f15a,6,1,1,20.0,0.5,5207.481059999999,0.0,False,False,False,Exploratory quote-validation lead only; never a strategy promotion.
2f22cd4cb483cbbd04af,6,0,0,20.0,0.5,0,,False,False,False,Exploratory quote-validation lead only; never a strategy promotion.
2f542b011d83f30b511e,6,0,0,20.0,0.5,0,,False,False,False,Exploratory quote-validation lead only; never a strategy promotion.
31945d66866929a2f44e,6,0,0,20.0,0.5,0,,False,False,False,Exploratory quote-validation lead only; never a strategy promotion.
3bb7fb2966c25f63f7b8,6,0,0,20.0,0.5,0,,False,False,False,Exploratory quote-validation lead only; never a strategy promotion.
4bd35f1260b64365d38b,6,0,0,20.0,0.5,0,,False,False,False,Exploratory quote-validation lead only; never a strategy promotion.
4dfc85b9cb14f0282a2e,6,3,3,20.0,0.5,-3818.8828365000004,-3158.8023637500005,False,False,False,Exploratory quote-validation lead only; never a strategy promotion.
5819a5202b9b3b1cdd0b,6,1,1,20.0,0.5,-189.78851815000002,0.0,False,False,False,Exploratory quote-validation lead only; never a strategy promotion.
60c2d16b969965ff2b15,6,0,0,20.0,0.5,0,,False,False,False,Exploratory quote-validation lead only; never a strategy promotion.
722daeb1f1c06b54a1ee,6,2,2,20.0,0.5,-7145.618753950001,-3621.5896595000004,False,False,False,Exploratory quote-validation lead only; never a strategy promotion.
739fae891dcde1c84104,6,0,0,20.0,0.5,0,,False,False,False,Exploratory quote-validation lead only; never a strategy promotion.
7f2f9e5e0437e0f7df04,6,4,4,20.0,0.5,-1276.97553325,-1077.1808033,False,False,False,Exploratory quote-validation lead only; never a strategy promotion.
7fbbaa60e31b671300e2,6,3,3,20.0,0.5,2494.59767335,1186.35866905,False,False,False,Exploratory quote-validation lead only; never a strategy promotion.
824453c4ca52e0a8f423,6,0,0,20.0,0.5,0,,False,False,False,Exploratory quote-validation lead only; never a strategy promotion.
88f406f18831fffb35a5,6,1,1,20.0,0.5,519.5372606,0.0,False,False,False,Exploratory quote-validation lead only; never a strategy promotion.
89f52cd7e0b3bc8ec28c,6,2,2,20.0,0.5,2298.003739375,1063.1881758499999,False,False,False,Exploratory quote-validation lead only; never a strategy promotion.
8ac7e282e4555d32f4b1,6,0,0,20.0,0.5,0,,False,False,False,Exploratory quote-validation lead only; never a strategy promotion.
9373cc117634bae8f765,6,3,3,20.0,0.5,-1174.0284542,-924.4586769,False,False,False,Exploratory quote-validation lead only; never a strategy promotion.
98dbdd88c3b8df3d0d98,6,3,3,20.0,0.5,-3413.6947559499995,-10727.48339985,False,False,False,Exploratory quote-validation lead only; never a strategy promotion.
996fe2c49ae57ab7d9a0,6,3,3,20.0,0.5,48.110148749999965,-196.78696585,False,False,False,Exploratory quote-validation lead only; never a strategy promotion.
a4f8558870d4a10947fe,6,0,0,20.0,0.5,0,,False,False,False,Exploratory quote-validation lead only; never a strategy promotion.
a85d75f96c0c6721a862,6,1,1,20.0,0.5,-214.80404765,0.0,False,False,False,Exploratory quote-validation lead only; never a strategy promotion.
ad24b0d8ca9a87353e8a,6,0,0,20.0,0.5,0,,False,False,False,Exploratory quote-validation lead only; never a strategy promotion.
afd015454460bea2a27d,6,0,0,20.0,0.5,0,,False,False,False,Exploratory quote-validation lead only; never a strategy promotion.
c039247dcd6929eb8c8b,6,2,2,20.0,0.5,-984.9528502,-745.13327305,False,False,False,Exploratory quote-validation lead only; never a strategy promotion.
c31e45a39d28e22b70b2,6,0,0,20.0,0.5,0,,False,False,False,Exploratory quote-validation lead only; never a strategy promotion.
c4749ba6933734c7ed45,6,4,4,20.0,0.5,-361.16248387499854,-8591.325139075001,False,False,False,Exploratory quote-validation lead only; never a strategy promotion.
cf6ec0b712b4aff6231f,6,0,0,20.0,0.5,0,,False,False,False,Exploratory quote-validation lead only; never a strategy promotion.
d1522f8d7f12e8386fbd,6,1,1,20.0,0.5,111.78412974999989,0.0,False,False,False,Exploratory quote-validation lead only; never a strategy promotion.
d4f27239e30ac6922af1,6,2,2,20.0,0.5,-3986.8163901999997,-2223.5510665,False,False,False,Exploratory quote-validation lead only; never a strategy promotion.
ed63864fa6c58959e82b,6,1,1,20.0,0.5,2376.5034746,0.0,False,False,False,Exploratory quote-validation lead only; never a strategy promotion.
f32415bb61dd6e9f83f2,6,4,4,20.0,0.5,-1158.8998489,-936.80122005,False,False,False,Exploratory quote-validation lead only; never a strategy promotion.
f96abfc5c945c889729f,6,0,0,20.0,0.5,0,,False,False,False,Exploratory quote-validation lead only; never a strategy promotion.
fe6add04f5cb79f886ae,6,3,3,20.0,0.5,1240.0688689250003,639.769349475,False,False,False,Exploratory quote-validation lead only; never a strategy promotion.
060d90e4f65e45f6cff8,8,3,3,20.0,0.5,-2407.5715126,-1909.98052125,False,False,False,Exploratory quote-validation lead only; never a strategy promotion.
0a2c71c6e12e773afc2d,8,0,0,20.0,0.5,0,,False,False,False,Exploratory quote-validation lead only; never a strategy promotion.
15e3134481edf2a4beeb,8,4,4,20.0,0.5,-4598.60405615,-3926.2258963000004,False,False,False,Exploratory quote-validation lead only; never a strategy promotion.
16d864e72053099b92bd,8,5,5,20.0,0.5,-422.500403725,-482.28260002499997,False,False,False,Exploratory quote-validation lead only; never a strategy promotion.
1a0635bb11fffe02e510,8,2,2,20.0,0.5,-316.592452295,-177.06344439499998,False,False,False,Exploratory quote-validation lead only; never a strategy promotion.
2173cfebeda92408e9c0,8,3,3,20.0,0.5,-2734.721891,-2290.104478,False,False,False,Exploratory quote-validation lead only; never a strategy promotion.
2432b3ba491006a1f15a,8,4,4,20.0,0.5,2032.5021121375,-3174.978947862499,False,False,False,Exploratory quote-validation lead only; never a strategy promotion.
2f22cd4cb483cbbd04af,8,0,0,20.0,0.5,0,,False,False,False,Exploratory quote-validation lead only; never a strategy promotion.
2f542b011d83f30b511e,8,0,0,20.0,0.5,0,,False,False,False,Exploratory quote-validation lead only; never a strategy promotion.
31945d66866929a2f44e,8,2,2,20.0,0.5,-261.69872735,-137.14228995000002,False,False,False,Exploratory quote-validation lead only; never a strategy promotion.
3bb7fb2966c25f63f7b8,8,0,0,20.0,0.5,0,,False,False,False,Exploratory quote-validation lead only; never a strategy promotion.
4bd35f1260b64365d38b,8,1,1,20.0,0.5,-362.06616565,0.0,False,False,False,Exploratory quote-validation lead only; never a strategy promotion.
4dfc85b9cb14f0282a2e,8,4,4,20.0,0.5,-4716.679740500001,-4056.5992677500008,False,False,False,Exploratory quote-validation lead only; never a strategy promotion.
5819a5202b9b3b1cdd0b,8,2,2,20.0,0.5,-563.4411781250001,-373.65265997500006,False,False,False,Exploratory quote-validation lead only; never a strategy promotion.
60c2d16b969965ff2b15,8,0,0,20.0,0.5,0,,False,False,False,Exploratory quote-validation lead only; never a strategy promotion.
722daeb1f1c06b54a1ee,8,2,2,20.0,0.5,-7145.618753950001,-3621.5896595000004,False,False,False,Exploratory quote-validation lead only; never a strategy promotion.
739fae891dcde1c84104,8,0,0,20.0,0.5,0,,False,False,False,Exploratory quote-validation lead only; never a strategy promotion.
7f2f9e5e0437e0f7df04,8,5,5,20.0,0.5,-1481.7733691,-1281.9786391500002,False,False,False,Exploratory quote-validation lead only; never a strategy promotion.
7fbbaa60e31b671300e2,8,4,4,20.0,0.5,3064.0719690500005,1755.8329647500002,False,False,False,Exploratory quote-validation lead only; never a strategy promotion.
824453c4ca52e0a8f423,8,0,0,20.0,0.5,0,,False,False,False,Exploratory quote-validation lead only; never a strategy promotion.
88f406f18831fffb35a5,8,2,2,20.0,0.5,340.2841324,-179.2531282,False,False,False,Exploratory quote-validation lead only; never a strategy promotion.
89f52cd7e0b3bc8ec28c,8,2,2,20.0,0.5,2298.003739375,1063.1881758499999,False,False,False,Exploratory quote-validation lead only; never a strategy promotion.
8ac7e282e4555d32f4b1,8,0,0,20.0,0.5,0,,False,False,False,Exploratory quote-validation lead only; never a strategy promotion.
9373cc117634bae8f765,8,5,5,20.0,0.5,-1700.59781665,-1451.02803935,False,False,False,Exploratory quote-validation lead only; never a strategy promotion.
98dbdd88c3b8df3d0d98,8,4,4,20.0,0.5,-7073.037379699999,-14386.826023599999,False,False,False,Exploratory quote-validation lead only; never a strategy promotion.
996fe2c49ae57ab7d9a0,8,5,5,20.0,0.5,-118.56172030000003,-363.4588349,False,False,False,Exploratory quote-validation lead only; never a strategy promotion.
a4f8558870d4a10947fe,8,2,2,20.0,0.5,-456.536739795,-252.027069395,False,False,False,Exploratory quote-validation lead only; never a strategy promotion.
a85d75f96c0c6721a862,8,4,4,20.0,0.5,-729.111105895,-576.845881995,False,False,False,Exploratory quote-validation lead only; never a strategy promotion.
ad24b0d8ca9a87353e8a,8,0,0,20.0,0.5,0,,False,False,False,Exploratory quote-validation lead only; never a strategy promotion.
afd015454460bea2a27d,8,0,0,20.0,0.5,0,,False,False,False,Exploratory quote-validation lead only; never a strategy promotion.
c039247dcd6929eb8c8b,8,3,3,20.0,0.5,-1662.5441936,-1422.72461645,False,False,False,Exploratory quote-validation lead only; never a strategy promotion.
c31e45a39d28e22b70b2,8,1,1,20.0,0.5,-1210.42212175,0.0,False,False,False,Exploratory quote-validation lead only; never a strategy promotion.
c4749ba6933734c7ed45,8,5,5,20.0,0.5,3728.4459454750004,-4501.716709725001,False,False,False,Exploratory quote-validation lead only; never a strategy promotion.
cf6ec0b712b4aff6231f,8,2,2,20.0,0.5,-434.1497053,-222.02972785,False,False,False,Exploratory quote-validation lead only; never a strategy promotion.
d1522f8d7f12e8386fbd,8,3,3,20.0,0.5,-182.51774875000018,-294.30187850000004,False,False,False,Exploratory quote-validation lead only; never a strategy promotion.
d4f27239e30ac6922af1,8,2,2,20.0,0.5,-3986.8163901999997,-2223.5510665,False,False,False,Exploratory quote-validation lead only; never a strategy promotion.
ed63864fa6c58959e82b,8,2,2,20.0,0.5,4853.3400778,2376.5034745999997,False,False,False,Exploratory quote-validation lead only; never a strategy promotion.
f32415bb61dd6e9f83f2,8,5,5,20.0,0.5,-1398.4680078,-1176.3693789499998,False,False,False,Exploratory quote-validation lead only; never a strategy promotion.
f96abfc5c945c889729f,8,0,0,20.0,0.5,0,,False,False,False,Exploratory quote-validation lead only; never a strategy promotion.
fe6add04f5cb79f886ae,8,3,3,20.0,0.5,1240.0688689250003,639.769349475,False,False,False,Exploratory quote-validation lead only; never a strategy promotion.
060d90e4f65e45f6cff8,10,5,5,20.0,0.5,-3629.2919511,-3131.70095975,False,False,False,Exploratory quote-validation lead only; never a strategy promotion.
0a2c71c6e12e773afc2d,10,2,2,20.0,0.5,2204.87650185,-1713.3935091000003,False,False,False,Exploratory quote-validation lead only; never a strategy promotion.
15e3134481edf2a4beeb,10,5,5,20.0,0.5,-5624.35803815,-4951.9798783,False,False,False,Exploratory quote-validation lead only; never a strategy promotion.
16d864e72053099b92bd,10,7,7,20.0,0.5,-330.531181375,-390.31337767499997,False,False,False,Exploratory quote-validation lead only; never a strategy promotion.
1a0635bb11fffe02e510,10,5,5,20.0,0.5,-620.346897095,-535.764779495,False,False,False,Exploratory quote-validation lead only; never a strategy promotion.
2173cfebeda92408e9c0,10,4,4,20.0,0.5,-1451.4065481999999,-2734.721891,False,False,False,Exploratory quote-validation lead only; never a strategy promotion.
2432b3ba491006a1f15a,10,5,5,20.0,0.5,778.4655222874999,-4429.015537712499,False,False,False,Exploratory quote-validation lead only; never a strategy promotion.
2f22cd4cb483cbbd04af,10,0,0,20.0,0.5,0,,False,False,False,Exploratory quote-validation lead only; never a strategy promotion.
2f542b011d83f30b511e,10,1,1,20.0,0.5,-269.15745219999997,0.0,False,False,False,Exploratory quote-validation lead only; never a strategy promotion.
31945d66866929a2f44e,10,5,5,20.0,0.5,-730.4113851100001,-610.8075262100001,False,False,False,Exploratory quote-validation lead only; never a strategy promotion.
3bb7fb2966c25f63f7b8,10,0,0,20.0,0.5,0,,False,False,False,Exploratory quote-validation lead only; never a strategy promotion.
4bd35f1260b64365d38b,10,1,1,20.0,0.5,-362.06616565,0.0,False,False,False,Exploratory quote-validation lead only; never a strategy promotion.
4dfc85b9cb14f0282a2e,10,5,5,20.0,0.5,-6100.959792275,-5440.879319525,False,False,False,Exploratory quote-validation lead only; never a strategy promotion.
5819a5202b9b3b1cdd0b,10,4,4,20.0,0.5,-919.2534614,-789.50221405,False,False,False,Exploratory quote-validation lead only; never a strategy promotion.
60c2d16b969965ff2b15,10,2,2,20.0,0.5,783.6959186999999,346.91417094999986,False,False,False,Exploratory quote-validation lead only; never a strategy promotion.
722daeb1f1c06b54a1ee,10,3,3,20.0,0.5,-2036.6095388000008,-7145.618753950001,False,False,False,Exploratory quote-validation lead only; never a strategy promotion.
739fae891dcde1c84104,10,2,2,20.0,0.5,-1490.6226754,-787.8492213500001,False,False,False,Exploratory quote-validation lead only; never a strategy promotion.
7f2f9e5e0437e0f7df04,10,7,7,20.0,0.5,-2689.36443185,-2489.5697019,False,False,False,Exploratory quote-validation lead only; never a strategy promotion.
7fbbaa60e31b671300e2,10,5,5,20.0,0.5,3814.038404325,2505.799400025,False,False,False,Exploratory quote-validation lead only; never a strategy promotion.
824453c4ca52e0a8f423,10,2,2,20.0,0.5,-1888.0134651499998,-995.2885680499999,False,False,False,Exploratory quote-validation lead only; never a strategy promotion.
88f406f18831fffb35a5,10,4,4,20.0,0.5,-1419.8910276,-1939.4282881999998,False,False,False,Exploratory quote-validation lead only; never a strategy promotion.
89f52cd7e0b3bc8ec28c,10,2,2,20.0,0.5,2298.003739375,1063.1881758499999,False,False,False,Exploratory quote-validation lead only; never a strategy promotion.
8ac7e282e4555d32f4b1,10,0,0,20.0,0.5,0,,False,False,False,Exploratory quote-validation lead only; never a strategy promotion.
9373cc117634bae8f765,10,7,7,20.0,0.5,-2806.662532625,-2557.092755325,False,False,False,Exploratory quote-validation lead only; never a strategy promotion.
98dbdd88c3b8df3d0d98,10,5,5,20.0,0.5,-7048.920032424999,-14362.708676324999,False,False,False,Exploratory quote-validation lead only; never a strategy promotion.
996fe2c49ae57ab7d9a0,10,7,7,20.0,0.5,361.1482092999999,98.9331468499999,False,False,False,Exploratory quote-validation lead only; never a strategy promotion.
a4f8558870d4a10947fe,10,5,5,20.0,0.5,-1190.163259595,-985.653589195,False,False,False,Exploratory quote-validation lead only; never a strategy promotion.
a85d75f96c0c6721a862,10,5,5,20.0,0.5,-928.905835845,-776.6406119449999,False,False,False,Exploratory quote-validation lead only; never a strategy promotion.
ad24b0d8ca9a87353e8a,10,2,2,20.0,0.5,-1935.0814753,-1045.0406484,False,False,False,Exploratory quote-validation lead only; never a strategy promotion.
afd015454460bea2a27d,10,0,0,20.0,0.5,0,,False,False,False,Exploratory quote-validation lead only; never a strategy promotion.
c039247dcd6929eb8c8b,10,4,4,20.0,0.5,-169.42790904999993,-1662.5441936,False,False,False,Exploratory quote-validation lead only; never a strategy promotion.
c31e45a39d28e22b70b2,10,2,2,20.0,0.5,-1933.04141825,-1210.42212175,False,False,False,Exploratory quote-validation lead only; never a strategy promotion.
c4749ba6933734c7ed45,10,7,7,20.0,0.5,25578.98349555,5143.857109150002,False,False,False,Exploratory quote-validation lead only; never a strategy promotion.
cf6ec0b712b4aff6231f,10,5,5,20.0,0.5,-1079.0514989325,-884.5296667324999,False,False,False,Exploratory quote-validation lead only; never a strategy promotion.
d1522f8d7f12e8386fbd,10,4,4,20.0,0.5,-2105.4175907000003,-2217.2017204500003,False,False,False,Exploratory quote-validation lead only; never a strategy promotion.
d4f27239e30ac6922af1,10,4,4,20.0,0.5,2537.757593399999,-3231.3320945,False,False,False,Exploratory quote-validation lead only; never a strategy promotion.
ed63864fa6c58959e82b,10,3,3,20.0,0.5,-906.5855542999993,-3383.4221574999992,False,False,False,Exploratory quote-validation lead only; never a strategy promotion.
f32415bb61dd6e9f83f2,10,7,7,20.0,0.5,-2120.005546475,-1897.9069176249998,False,False,False,Exploratory quote-validation lead only; never a strategy promotion.
f96abfc5c945c889729f,10,2,2,20.0,0.5,1228.9723437999999,537.0321951499999,False,False,False,Exploratory quote-validation lead only; never a strategy promotion.
fe6add04f5cb79f886ae,10,5,5,20.0,0.5,1812.7960443250004,1212.496524875,False,False,False,Exploratory quote-validation lead only; never a strategy promotion.
060d90e4f65e45f6cff8,12,6,6,20.0,0.5,-4545.7952285,-4048.20423715,False,False,False,Exploratory quote-validation lead only; never a strategy promotion.
0a2c71c6e12e773afc2d,12,5,5,20.0,0.5,-2709.9831029374996,-6628.2531138875,False,False,False,Exploratory quote-validation lead only; never a strategy promotion.
15e3134481edf2a4beeb,12,8,8,20.0,0.5,-9161.82304575,-8489.4448859,False,False,False,Exploratory quote-validation lead only; never a strategy promotion.
16d864e72053099b92bd,12,8,8,20.0,0.5,-272.984120825,-332.76631712499994,False,False,False,Exploratory quote-validation lead only; never a strategy promotion.
1a0635bb11fffe02e510,12,5,5,20.0,0.5,-620.346897095,-535.764779495,False,False,False,Exploratory quote-validation lead only; never a strategy promotion.
2173cfebeda92408e9c0,12,4,4,20.0,0.5,-1451.4065481999999,-2734.721891,False,False,False,Exploratory quote-validation lead only; never a strategy promotion.
2432b3ba491006a1f15a,12,6,6,20.0,0.5,1366.4353993875002,-3841.045660612499,False,False,False,Exploratory quote-validation lead only; never a strategy promotion.
2f22cd4cb483cbbd04af,12,3,3,20.0,0.5,-4602.131168175,-3407.0478701750003,False,False,False,Exploratory quote-validation lead only; never a strategy promotion.
2f542b011d83f30b511e,12,4,4,20.0,0.5,-1110.807289525,-856.4248916249999,False,False,False,Exploratory quote-validation lead only; never a strategy promotion.
31945d66866929a2f44e,12,6,6,20.0,0.5,-918.688521735,-799.084662835,False,False,False,Exploratory quote-validation lead only; never a strategy promotion.
3bb7fb2966c25f63f7b8,12,3,3,20.0,0.5,1380.02542485,821.35673335,False,False,False,Exploratory quote-validation lead only; never a strategy promotion.
4bd35f1260b64365d38b,12,6,6,20.0,0.5,-2357.4690122675,-2065.4463292175,False,False,False,Exploratory quote-validation lead only; never a strategy promotion.
4dfc85b9cb14f0282a2e,12,8,8,20.0,0.5,-9778.815866625,-9118.735393875,False,False,False,Exploratory quote-validation lead only; never a strategy promotion.
5819a5202b9b3b1cdd0b,12,9,9,20.0,0.5,-1729.3314769025,-1624.6055769475001,False,False,False,Exploratory quote-validation lead only; never a strategy promotion.
60c2d16b969965ff2b15,12,5,5,20.0,0.5,1159.58066249,722.7989147399999,False,False,False,Exploratory quote-validation lead only; never a strategy promotion.
722daeb1f1c06b54a1ee,12,6,6,20.0,0.5,-5088.877103975001,-10197.886319125,False,False,False,Exploratory quote-validation lead only; never a strategy promotion.
739fae891dcde1c84104,12,5,5,20.0,0.5,-3074.0372224099997,-2659.1949946099994,False,False,False,Exploratory quote-validation lead only; never a strategy promotion.
7f2f9e5e0437e0f7df04,12,8,8,20.0,0.5,-3139.3144568000002,-2939.51972685,False,False,False,Exploratory quote-validation lead only; never a strategy promotion.
7fbbaa60e31b671300e2,12,8,8,20.0,0.5,6277.271576075001,4969.032571775,False,False,False,Exploratory quote-validation lead only; never a strategy promotion.
824453c4ca52e0a8f423,12,5,5,20.0,0.5,-3606.75167788,-3134.28767638,False,False,False,Exploratory quote-validation lead only; never a strategy promotion.
88f406f18831fffb35a5,12,4,4,20.0,0.5,-1419.8910276,-1939.4282881999998,False,False,False,Exploratory quote-validation lead only; never a strategy promotion.
89f52cd7e0b3bc8ec28c,12,4,4,20.0,0.5,661.7596634750005,-573.0559000499995,False,False,False,Exploratory quote-validation lead only; never a strategy promotion.
8ac7e282e4555d32f4b1,12,3,3,20.0,0.5,-750.0231160500001,-573.1888596000001,False,False,False,Exploratory quote-validation lead only; never a strategy promotion.
9373cc117634bae8f765,12,8,8,20.0,0.5,-3296.3767997249997,-3046.8070224249996,False,False,False,Exploratory quote-validation lead only; never a strategy promotion.
98dbdd88c3b8df3d0d98,12,7,7,20.0,0.5,13686.599716825001,-4481.167076475,False,False,False,Exploratory quote-validation lead only; never a strategy promotion.
996fe2c49ae57ab7d9a0,12,8,8,20.0,0.5,503.74807014999993,241.53300769999993,False,False,False,Exploratory quote-validation lead only; never a strategy promotion.
a4f8558870d4a10947fe,12,5,5,20.0,0.5,-1190.163259595,-985.653589195,False,False,False,Exploratory quote-validation lead only; never a strategy promotion.
a85d75f96c0c6721a862,12,6,6,20.0,0.5,-1088.675718595,-936.410494695,False,False,False,Exploratory quote-validation lead only; never a strategy promotion.
ad24b0d8ca9a87353e8a,12,5,5,20.0,0.5,-3820.6088533925,-3305.8882435924997,False,False,False,Exploratory quote-validation lead only; never a strategy promotion.
afd015454460bea2a27d,12,2,2,20.0,0.5,1950.89883325,889.4179988000001,False,False,False,Exploratory quote-validation lead only; never a strategy promotion.
c039247dcd6929eb8c8b,12,4,4,20.0,0.5,-169.42790904999993,-1662.5441936,False,False,False,Exploratory quote-validation lead only; never a strategy promotion.
c31e45a39d28e22b70b2,12,5,5,20.0,0.5,-1576.2605912200002,-2732.842212895,False,False,False,Exploratory quote-validation lead only; never a strategy promotion.
c4749ba6933734c7ed45,12,8,8,20.0,0.5,22147.4374091,1712.3110226999997,False,False,False,Exploratory quote-validation lead only; never a strategy promotion.
cf6ec0b712b4aff6231f,12,6,6,20.0,0.5,-1327.3107855575,-1132.7889533574998,False,False,False,Exploratory quote-validation lead only; never a strategy promotion.
d1522f8d7f12e8386fbd,12,4,4,20.0,0.5,-2105.4175907000003,-2217.2017204500003,False,False,False,Exploratory quote-validation lead only; never a strategy promotion.
d4f27239e30ac6922af1,12,6,6,20.0,0.5,2014.875915199999,-3754.2137727,False,False,False,Exploratory quote-validation lead only; never a strategy promotion.
ed63864fa6c58959e82b,12,5,5,20.0,0.5,-459.15908789999935,-2935.995691099999,False,False,False,Exploratory quote-validation lead only; never a strategy promotion.
f32415bb61dd6e9f83f2,12,8,8,20.0,0.5,-2522.321635925,-2300.223007075,False,False,False,Exploratory quote-validation lead only; never a strategy promotion.
f96abfc5c945c889729f,12,5,5,20.0,0.5,1907.5283468049997,1215.5881981549996,False,False,False,Exploratory quote-validation lead only; never a strategy promotion.
fe6add04f5cb79f886ae,12,6,6,20.0,0.5,2373.3555073750003,1773.055987925,False,False,False,Exploratory quote-validation lead only; never a strategy promotion.
060d90e4f65e45f6cff8,15,8,8,20.0,0.5,-5501.28953225,-5296.203836799999,False,False,False,Exploratory quote-validation lead only; never a strategy promotion.
0a2c71c6e12e773afc2d,15,7,7,20.0,0.5,-3201.563387987499,-7119.833398937499,False,False,False,Exploratory quote-validation lead only; never a strategy promotion.
15e3134481edf2a4beeb,15,8,8,20.0,0.5,-9161.82304575,-8489.4448859,False,False,False,Exploratory quote-validation lead only; never a strategy promotion.
16d864e72053099b92bd,15,8,8,20.0,0.5,-272.984120825,-332.76631712499994,False,False,False,Exploratory quote-validation lead only; never a strategy promotion.
1a0635bb11fffe02e510,15,8,8,20.0,0.5,-915.2616573975,-903.1120370475,False,False,False,Exploratory quote-validation lead only; never a strategy promotion.
2173cfebeda92408e9c0,15,7,7,20.0,0.5,9716.4186876,-3373.78274255,False,False,False,Exploratory quote-validation lead only; never a strategy promotion.
2432b3ba491006a1f15a,15,8,8,20.0,0.5,4216.670039205001,-990.8110207949985,False,False,False,Exploratory quote-validation lead only; never a strategy promotion.
2f22cd4cb483cbbd04af,15,6,6,20.0,0.5,-6575.64909802,-7179.7170237949995,False,False,False,Exploratory quote-validation lead only; never a strategy promotion.
2f542b011d83f30b511e,15,8,8,20.0,0.5,-2199.7718816975002,-2064.1719083225003,False,False,False,Exploratory quote-validation lead only; never a strategy promotion.
31945d66866929a2f44e,15,8,8,20.0,0.5,-1117.8814702375,-1044.4438026125001,False,False,False,Exploratory quote-validation lead only; never a strategy promotion.
3bb7fb2966c25f63f7b8,15,6,6,20.0,0.5,843.0569311075002,284.38823960750017,False,False,False,Exploratory quote-validation lead only; never a strategy promotion.
4bd35f1260b64365d38b,15,8,8,20.0,0.5,-3045.30641538,-2819.5972959175,False,False,False,Exploratory quote-validation lead only; never a strategy promotion.
4dfc85b9cb14f0282a2e,15,8,8,20.0,0.5,-9778.815866625,-9118.735393875,False,False,False,Exploratory quote-validation lead only; never a strategy promotion.
5819a5202b9b3b1cdd0b,15,9,9,20.0,0.5,-1729.3314769025,-1624.6055769475001,False,False,False,Exploratory quote-validation lead only; never a strategy promotion.
60c2d16b969965ff2b15,15,7,7,20.0,0.5,1427.739412015,990.957664265,False,False,False,Exploratory quote-validation lead only; never a strategy promotion.
722daeb1f1c06b54a1ee,15,7,7,20.0,0.5,10693.837679175,-5088.877103975001,False,False,False,Exploratory quote-validation lead only; never a strategy promotion.
739fae891dcde1c84104,15,7,7,20.0,0.5,-3980.5220202849996,-3646.7023626599994,False,False,False,Exploratory quote-validation lead only; never a strategy promotion.
7f2f9e5e0437e0f7df04,15,8,8,20.0,0.5,-3139.3144568000002,-2939.51972685,False,False,False,Exploratory quote-validation lead only; never a strategy promotion.
7fbbaa60e31b671300e2,15,8,8,20.0,0.5,6277.271576075001,4969.032571775,False,False,False,Exploratory quote-validation lead only; never a strategy promotion.
824453c4ca52e0a8f423,15,7,7,20.0,0.5,-4906.90019978,-4434.43619828,False,False,False,Exploratory quote-validation lead only; never a strategy promotion.
88f406f18831fffb35a5,15,6,6,20.0,0.5,-8793.51891705,-9313.05617765,False,False,False,Exploratory quote-validation lead only; never a strategy promotion.
89f52cd7e0b3bc8ec28c,15,7,7,20.0,0.5,-2369.3417757749994,-3604.1573392999994,False,False,False,Exploratory quote-validation lead only; never a strategy promotion.
8ac7e282e4555d32f4b1,15,7,7,20.0,0.5,-1465.3872066875,-1451.1125513875002,False,False,False,Exploratory quote-validation lead only; never a strategy promotion.
9373cc117634bae8f765,15,8,8,20.0,0.5,-3296.3767997249997,-3046.8070224249996,False,False,False,Exploratory quote-validation lead only; never a strategy promotion.
98dbdd88c3b8df3d0d98,15,8,8,20.0,0.5,9232.932721925,-8934.834071375,False,False,False,Exploratory quote-validation lead only; never a strategy promotion.
996fe2c49ae57ab7d9a0,15,8,8,20.0,0.5,503.74807014999993,241.53300769999993,False,False,False,Exploratory quote-validation lead only; never a strategy promotion.
a4f8558870d4a10947fe,15,8,8,20.0,0.5,-1859.965165315,-1702.9855643199999,False,False,False,Exploratory quote-validation lead only; never a strategy promotion.
a85d75f96c0c6721a862,15,8,8,20.0,0.5,-1445.7261858275,-1324.74296632,False,False,False,Exploratory quote-validation lead only; never a strategy promotion.
ad24b0d8ca9a87353e8a,15,7,7,20.0,0.5,-5109.1169789175,-4594.3963691175,False,False,False,Exploratory quote-validation lead only; never a strategy promotion.
afd015454460bea2a27d,15,6,6,20.0,0.5,2392.4423710975,1330.9615366475002,False,False,False,Exploratory quote-validation lead only; never a strategy promotion.
c039247dcd6929eb8c8b,15,7,7,20.0,0.5,12405.78311945,-1216.9195830000008,False,False,False,Exploratory quote-validation lead only; never a strategy promotion.
c31e45a39d28e22b70b2,15,7,7,20.0,0.5,-2826.271764735,-3982.85338641,False,False,False,Exploratory quote-validation lead only; never a strategy promotion.
c4749ba6933734c7ed45,15,8,8,20.0,0.5,22147.4374091,1712.3110226999997,False,False,False,Exploratory quote-validation lead only; never a strategy promotion.
cf6ec0b712b4aff6231f,15,8,8,20.0,0.5,-1670.206538835,-1526.9597454575,False,False,False,Exploratory quote-validation lead only; never a strategy promotion.
d1522f8d7f12e8386fbd,15,7,7,20.0,0.5,-4677.754054025,-4830.43714865,False,False,False,Exploratory quote-validation lead only; never a strategy promotion.
d4f27239e30ac6922af1,15,7,7,20.0,0.5,19500.818751249997,2014.8759151999984,False,False,False,Exploratory quote-validation lead only; never a strategy promotion.
ed63864fa6c58959e82b,15,7,7,20.0,0.5,-5782.2890130999995,-8259.1256163,False,False,False,Exploratory quote-validation lead only; never a strategy promotion.
f32415bb61dd6e9f83f2,15,8,8,20.0,0.5,-2522.321635925,-2300.223007075,False,False,False,Exploratory quote-validation lead only; never a strategy promotion.
f96abfc5c945c889729f,15,7,7,20.0,0.5,2564.6785800549997,1872.7384314049996,False,False,False,Exploratory quote-validation lead only; never a strategy promotion.
fe6add04f5cb79f886ae,15,8,8,20.0,0.5,2604.9918454750004,2004.692326025,False,False,False,Exploratory quote-validation lead only; never a strategy promotion.
060d90e4f65e45f6cff8,20,9,9,20.0,0.5,-5914.277333385,-5709.191637935,False,False,False,Exploratory quote-validation lead only; never a strategy promotion.
0a2c71c6e12e773afc2d,20,9,9,20.0,0.5,-3558.385671419999,-7476.655682369999,False,False,False,Exploratory quote-validation lead only; never a strategy promotion.
15e3134481edf2a4beeb,20,9,9,20.0,0.5,-9855.6613498225,-9183.283189972499,False,False,False,Exploratory quote-validation lead only; never a strategy promotion.
16d864e72053099b92bd,20,9,9,20.0,0.5,-292.98409481,-352.76629110999994,False,False,False,Exploratory quote-validation lead only; never a strategy promotion.
1a0635bb11fffe02e510,20,9,9,20.0,0.5,-1069.7127083975001,-1057.5630880475,False,False,False,Exploratory quote-validation lead only; never a strategy promotion.
2173cfebeda92408e9c0,20,7,7,20.0,0.5,9716.4186876,-3373.78274255,False,False,False,Exploratory quote-validation lead only; never a strategy promotion.
2432b3ba491006a1f15a,20,9,9,20.0,0.5,3953.3568091050015,-1254.1242508949977,False,False,False,Exploratory quote-validation lead only; never a strategy promotion.
2f22cd4cb483cbbd04af,20,9,9,20.0,0.5,-7087.067573099999,-7691.135498874999,False,False,False,Exploratory quote-validation lead only; never a strategy promotion.
2f542b011d83f30b511e,20,9,9,20.0,0.5,-2518.7261294975,-2383.1261561225,False,False,False,Exploratory quote-validation lead only; never a strategy promotion.
31945d66866929a2f44e,20,9,9,20.0,0.5,-1279.8371800875,-1206.3995124625,False,False,False,Exploratory quote-validation lead only; never a strategy promotion.
3bb7fb2966c25f63f7b8,20,9,9,20.0,0.5,-724.6866457725002,-1283.3553372725003,False,False,False,Exploratory quote-validation lead only; never a strategy promotion.
4bd35f1260b64365d38b,20,9,9,20.0,0.5,-3279.79338058,-3054.0842611175,False,False,False,Exploratory quote-validation lead only; never a strategy promotion.
4dfc85b9cb14f0282a2e,20,9,9,20.0,0.5,-10633.87959208,-9973.79911933,False,False,False,Exploratory quote-validation lead only; never a strategy promotion.
5819a5202b9b3b1cdd0b,20,9,9,20.0,0.5,-1729.3314769025,-1624.6055769475001,False,False,False,Exploratory quote-validation lead only; never a strategy promotion.
60c2d16b969965ff2b15,20,9,9,20.0,0.5,1323.37947692,886.5977291699999,False,False,False,Exploratory quote-validation lead only; never a strategy promotion.
722daeb1f1c06b54a1ee,20,8,8,20.0,0.5,8193.883538225,-7588.831244925001,False,False,False,Exploratory quote-validation lead only; never a strategy promotion.
739fae891dcde1c84104,20,9,9,20.0,0.5,-4494.737527429999,-4305.156759684999,False,False,False,Exploratory quote-validation lead only; never a strategy promotion.
7f2f9e5e0437e0f7df04,20,9,9,20.0,0.5,-3550.4283021675,-3350.6335722175,False,False,False,Exploratory quote-validation lead only; never a strategy promotion.
7fbbaa60e31b671300e2,20,9,9,20.0,0.5,6699.14072146,5390.90171716,False,False,False,Exploratory quote-validation lead only; never a strategy promotion.
824453c4ca52e0a8f423,20,9,9,20.0,0.5,-5406.525738915,-5206.7570477300005,False,False,False,Exploratory quote-validation lead only; never a strategy promotion.
88f406f18831fffb35a5,20,7,7,20.0,0.5,-8130.519020624999,-8793.51891705,False,False,False,Exploratory quote-validation lead only; never a strategy promotion.
89f52cd7e0b3bc8ec28c,20,8,8,20.0,0.5,-2166.187134124999,-3401.002697649999,False,False,False,Exploratory quote-validation lead only; never a strategy promotion.
8ac7e282e4555d32f4b1,20,8,8,20.0,0.5,-1766.8305838375002,-1752.5559285375002,False,False,False,Exploratory quote-validation lead only; never a strategy promotion.
9373cc117634bae8f765,20,9,9,20.0,0.5,-3667.3429960875,-3417.7732187875,False,False,False,Exploratory quote-validation lead only; never a strategy promotion.
98dbdd88c3b8df3d0d98,20,8,8,20.0,0.5,9232.932721925,-8934.834071375,False,False,False,Exploratory quote-validation lead only; never a strategy promotion.
996fe2c49ae57ab7d9a0,20,9,9,20.0,0.5,605.0527112874998,342.83764883749984,False,False,False,Exploratory quote-validation lead only; never a strategy promotion.
a4f8558870d4a10947fe,20,9,9,20.0,0.5,-2041.919518565,-1884.93991757,False,False,False,Exploratory quote-validation lead only; never a strategy promotion.
a85d75f96c0c6721a862,20,9,9,20.0,0.5,-1550.4619036775,-1445.7261858275,False,False,False,Exploratory quote-validation lead only; never a strategy promotion.
ad24b0d8ca9a87353e8a,20,9,9,20.0,0.5,-5705.7231743725,-5483.6909093175,False,False,False,Exploratory quote-validation lead only; never a strategy promotion.
afd015454460bea2a27d,20,9,9,20.0,0.5,1207.5242175524997,146.04338310249977,False,False,False,Exploratory quote-validation lead only; never a strategy promotion.
c039247dcd6929eb8c8b,20,7,7,20.0,0.5,12405.78311945,-1216.9195830000008,False,False,False,Exploratory quote-validation lead only; never a strategy promotion.
c31e45a39d28e22b70b2,20,9,9,20.0,0.5,-1680.541834185,-3116.1224008850004,False,False,False,Exploratory quote-validation lead only; never a strategy promotion.
c4749ba6933734c7ed45,20,9,9,20.0,0.5,23444.67967468,3009.55328828,False,False,False,Exploratory quote-validation lead only; never a strategy promotion.
cf6ec0b712b4aff6231f,20,9,9,20.0,0.5,-1849.659339135,-1706.4125457575,False,False,False,Exploratory quote-validation lead only; never a strategy promotion.
d1522f8d7f12e8386fbd,20,7,7,20.0,0.5,-4677.754054025,-4830.43714865,False,False,False,Exploratory quote-validation lead only; never a strategy promotion.
d4f27239e30ac6922af1,20,8,8,20.0,0.5,17972.69940485,486.7565687999995,False,False,False,Exploratory quote-validation lead only; never a strategy promotion.
ed63864fa6c58959e82b,20,7,7,20.0,0.5,-5782.2890130999995,-8259.1256163,False,False,False,Exploratory quote-validation lead only; never a strategy promotion.
f32415bb61dd6e9f83f2,20,9,9,20.0,0.5,-2772.21005991,-2550.11143106,False,False,False,Exploratory quote-validation lead only; never a strategy promotion.
f96abfc5c945c889729f,20,9,9,20.0,0.5,2549.1180120074996,1857.1778633574995,False,False,False,Exploratory quote-validation lead only; never a strategy promotion.
fe6add04f5cb79f886ae,20,9,9,20.0,0.5,2745.4843062975,2145.1847868474997,False,False,False,Exploratory quote-validation lead only; never a strategy promotion.
060d90e4f65e45f6cff8,1000,9,9,20.0,0.5,-5914.277333385,-5709.191637935,False,False,False,Exploratory quote-validation lead only; never a strategy promotion.
0a2c71c6e12e773afc2d,1000,10,10,20.0,0.5,3002.467688330001,-3558.385671419999,True,True,False,Exploratory quote-validation lead only; never a strategy promotion.
15e3134481edf2a4beeb,1000,9,9,20.0,0.5,-9855.6613498225,-9183.283189972499,False,False,False,Exploratory quote-validation lead only; never a strategy promotion.
16d864e72053099b92bd,1000,9,9,20.0,0.5,-292.98409481,-352.76629110999994,False,False,False,Exploratory quote-validation lead only; never a strategy promotion.
1a0635bb11fffe02e510,1000,10,10,20.0,0.5,-1077.0406621475001,-1069.7127083975001,True,False,False,Exploratory quote-validation lead only; never a strategy promotion.
2173cfebeda92408e9c0,1000,9,9,20.0,0.5,7867.9524916625005,-5222.2489384875,False,False,False,Exploratory quote-validation lead only; never a strategy promotion.
2432b3ba491006a1f15a,1000,10,10,20.0,0.5,11813.170199305,3953.356809105001,True,True,False,Exploratory quote-validation lead only; never a strategy promotion.
2f22cd4cb483cbbd04af,1000,10,10,20.0,0.5,-2878.39693675,-7087.067573099999,True,False,False,Exploratory quote-validation lead only; never a strategy promotion.
2f542b011d83f30b511e,1000,10,10,20.0,0.5,-4229.5543654975,-4093.9543921225,True,False,False,Exploratory quote-validation lead only; never a strategy promotion.
31945d66866929a2f44e,1000,10,10,20.0,0.5,-1362.2117223375,-1288.7740547125002,True,False,False,Exploratory quote-validation lead only; never a strategy promotion.
3bb7fb2966c25f63f7b8,1000,10,10,20.0,0.5,-2470.989583072501,-3029.658274572501,True,False,False,Exploratory quote-validation lead only; never a strategy promotion.
4bd35f1260b64365d38b,1000,10,10,20.0,0.5,-2424.05526283,-3279.79338058,True,False,False,Exploratory quote-validation lead only; never a strategy promotion.
4dfc85b9cb14f0282a2e,1000,9,9,20.0,0.5,-10633.87959208,-9973.79911933,False,False,False,Exploratory quote-validation lead only; never a strategy promotion.
5819a5202b9b3b1cdd0b,1000,10,10,20.0,0.5,-513.6992404025001,-1729.3314769025,True,False,False,Exploratory quote-validation lead only; never a strategy promotion.
60c2d16b969965ff2b15,1000,10,10,20.0,0.5,1570.0937278699998,1133.3119801199998,True,True,False,Exploratory quote-validation lead only; never a strategy promotion.
722daeb1f1c06b54a1ee,1000,9,9,20.0,0.5,7495.8322638475,-8286.8825193025,False,False,False,Exploratory quote-validation lead only; never a strategy promotion.
739fae891dcde1c84104,1000,10,10,20.0,0.5,-5095.2734419299995,-4905.692674184999,True,False,False,Exploratory quote-validation lead only; never a strategy promotion.
7f2f9e5e0437e0f7df04,1000,9,9,20.0,0.5,-3550.4283021675,-3350.6335722175,False,False,False,Exploratory quote-validation lead only; never a strategy promotion.
7fbbaa60e31b671300e2,1000,9,9,20.0,0.5,6699.14072146,5390.90171716,False,False,False,Exploratory quote-validation lead only; never a strategy promotion.
824453c4ca52e0a8f423,1000,10,10,20.0,0.5,-6374.2972245149995,-6174.52853333,True,False,False,Exploratory quote-validation lead only; never a strategy promotion.
88f406f18831fffb35a5,1000,9,9,20.0,0.5,-7567.892999389999,-8230.892895814999,False,False,False,Exploratory quote-validation lead only; never a strategy promotion.
89f52cd7e0b3bc8ec28c,1000,9,9,20.0,0.5,-2915.900017999999,-4150.715581524999,False,False,False,Exploratory quote-validation lead only; never a strategy promotion.
8ac7e282e4555d32f4b1,1000,10,10,20.0,0.5,-3606.6144718375,-3592.3398165374997,True,False,False,Exploratory quote-validation lead only; never a strategy promotion.
9373cc117634bae8f765,1000,9,9,20.0,0.5,-3667.3429960875,-3417.7732187875,False,False,False,Exploratory quote-validation lead only; never a strategy promotion.
98dbdd88c3b8df3d0d98,1000,9,9,20.0,0.5,9633.2125739575,-8534.5542193425,False,False,False,Exploratory quote-validation lead only; never a strategy promotion.
996fe2c49ae57ab7d9a0,1000,9,9,20.0,0.5,605.0527112874998,342.83764883749984,False,False,False,Exploratory quote-validation lead only; never a strategy promotion.
a4f8558870d4a10947fe,1000,10,10,20.0,0.5,-2386.644769365,-2229.6651683699997,True,False,False,Exploratory quote-validation lead only; never a strategy promotion.
a85d75f96c0c6721a862,1000,10,10,20.0,0.5,-1910.3560224275,-1805.6203045775,True,False,False,Exploratory quote-validation lead only; never a strategy promotion.
ad24b0d8ca9a87353e8a,1000,10,10,20.0,0.5,-6585.9185584725,-6363.8862934175,True,False,False,Exploratory quote-validation lead only; never a strategy promotion.
afd015454460bea2a27d,1000,10,10,20.0,0.5,-3865.8707468975003,-4927.3515813475005,True,False,False,Exploratory quote-validation lead only; never a strategy promotion.
c039247dcd6929eb8c8b,1000,9,9,20.0,0.5,11418.38079383,-2204.3219086200006,False,False,False,Exploratory quote-validation lead only; never a strategy promotion.
c31e45a39d28e22b70b2,1000,10,10,20.0,0.5,3495.900287765,-1680.541834185,True,True,False,Exploratory quote-validation lead only; never a strategy promotion.
c4749ba6933734c7ed45,1000,9,9,20.0,0.5,23444.67967468,3009.55328828,False,False,False,Exploratory quote-validation lead only; never a strategy promotion.
cf6ec0b712b4aff6231f,1000,10,10,20.0,0.5,-2121.977356385,-1978.7305630074998,True,False,False,Exploratory quote-validation lead only; never a strategy promotion.
d1522f8d7f12e8386fbd,1000,9,9,20.0,0.5,-4611.646808352501,-4764.329902977501,False,False,False,Exploratory quote-validation lead only; never a strategy promotion.
d4f27239e30ac6922af1,1000,9,9,20.0,0.5,18129.711855927497,643.7690198774981,False,False,False,Exploratory quote-validation lead only; never a strategy promotion.
ed63864fa6c58959e82b,1000,9,9,20.0,0.5,-4409.014430207499,-6885.851033407498,False,False,False,Exploratory quote-validation lead only; never a strategy promotion.
f32415bb61dd6e9f83f2,1000,9,9,20.0,0.5,-2772.21005991,-2550.11143106,False,False,False,Exploratory quote-validation lead only; never a strategy promotion.
f96abfc5c945c889729f,1000,10,10,20.0,0.5,3076.0061933575,2384.0660447074997,True,True,False,Exploratory quote-validation lead only; never a strategy promotion.
fe6add04f5cb79f886ae,1000,9,9,20.0,0.5,2745.4843062975,2145.1847868474997,False,False,False,Exploratory quote-validation lead only; never a strategy promotion.
