threshold_pct,brokerage_per_order_inr,slippage_case,adverse_slippage_per_fill_inr,eligible_config_event_rows,unique_event_identities,unique_expiries,grid_sum_gross_pnl_inr,grid_sum_fees_inr,grid_sum_net_pnl_inr,mean_net_pnl_per_row_inr,median_net_pnl_per_row_inr,positive_rows,negative_rows,zero_rows,win_rate_pct,min_net_pnl_per_row_inr,max_net_pnl_per_row_inr,grid_sum_is_portfolio_pnl
2,10.0,zero_slippage_lower_bound,0.0,1,1,1,-137.5,23.69459905,-161.19459905,-161.19459905,-161.19459905,0,1,0,0.0,-161.19459905,-161.19459905,False
2,10.0,base_0.05,0.05,1,1,1,-142.5,23.693111549999998,-166.19311155,-166.19311155,-166.19311155,0,1,0,0.0,-166.19311155,-166.19311155,False
2,10.0,stress_50pct_0.075,0.075,1,1,1,-145.00000000000003,23.6923678,-168.69236780000003,-168.69236780000003,-168.69236780000003,0,1,0,0.0,-168.69236780000003,-168.69236780000003,False
2,10.0,stress_100pct_0.10,0.1,1,1,1,-147.5,23.69162405,-171.19162405,-171.19162405,-171.19162405,0,1,0,0.0,-171.19162405,-171.19162405,False
2,10.0,severe_0.25,0.25,1,1,1,-155.0,23.6962829,-178.6962829,-178.6962829,-178.6962829,0,1,0,0.0,-178.6962829,-178.6962829,False
2,10.0,very_severe_0.50,0.5,1,1,1,-167.5,23.70404765,-191.20404765,-191.20404765,-191.20404765,0,1,0,0.0,-191.20404765,-191.20404765,False
2,20.0,zero_slippage_lower_bound,0.0,1,1,1,-137.5,47.29459904999999,-184.79459905,-184.79459905,-184.79459905,0,1,0,0.0,-184.79459905,-184.79459905,False
2,20.0,base_0.05,0.05,1,1,1,-142.5,47.29311154999999,-189.79311155,-189.79311155,-189.79311155,0,1,0,0.0,-189.79311155,-189.79311155,False
2,20.0,stress_50pct_0.075,0.075,1,1,1,-145.00000000000003,47.292367799999994,-192.29236780000002,-192.29236780000002,-192.29236780000002,0,1,0,0.0,-192.29236780000002,-192.29236780000002,False
2,20.0,stress_100pct_0.10,0.1,1,1,1,-147.5,47.29162404999999,-194.79162405,-194.79162405,-194.79162405,0,1,0,0.0,-194.79162405,-194.79162405,False
2,20.0,severe_0.25,0.25,1,1,1,-155.0,47.296282899999994,-202.2962829,-202.2962829,-202.2962829,0,1,0,0.0,-202.2962829,-202.2962829,False
2,20.0,very_severe_0.50,0.5,1,1,1,-167.5,47.30404765000001,-214.80404765,-214.80404765,-214.80404765,0,1,0,0.0,-214.80404765,-214.80404765,False
3,10.0,zero_slippage_lower_bound,0.0,1,1,1,-137.5,23.69459905,-161.19459905,-161.19459905,-161.19459905,0,1,0,0.0,-161.19459905,-161.19459905,False
3,10.0,base_0.05,0.05,1,1,1,-142.5,23.693111549999998,-166.19311155,-166.19311155,-166.19311155,0,1,0,0.0,-166.19311155,-166.19311155,False
3,10.0,stress_50pct_0.075,0.075,1,1,1,-145.00000000000003,23.6923678,-168.69236780000003,-168.69236780000003,-168.69236780000003,0,1,0,0.0,-168.69236780000003,-168.69236780000003,False
3,10.0,stress_100pct_0.10,0.1,1,1,1,-147.5,23.69162405,-171.19162405,-171.19162405,-171.19162405,0,1,0,0.0,-171.19162405,-171.19162405,False
3,10.0,severe_0.25,0.25,1,1,1,-155.0,23.6962829,-178.6962829,-178.6962829,-178.6962829,0,1,0,0.0,-178.6962829,-178.6962829,False
3,10.0,very_severe_0.50,0.5,1,1,1,-167.5,23.70404765,-191.20404765,-191.20404765,-191.20404765,0,1,0,0.0,-191.20404765,-191.20404765,False
3,20.0,zero_slippage_lower_bound,0.0,1,1,1,-137.5,47.29459904999999,-184.79459905,-184.79459905,-184.79459905,0,1,0,0.0,-184.79459905,-184.79459905,False
3,20.0,base_0.05,0.05,1,1,1,-142.5,47.29311154999999,-189.79311155,-189.79311155,-189.79311155,0,1,0,0.0,-189.79311155,-189.79311155,False
3,20.0,stress_50pct_0.075,0.075,1,1,1,-145.00000000000003,47.292367799999994,-192.29236780000002,-192.29236780000002,-192.29236780000002,0,1,0,0.0,-192.29236780000002,-192.29236780000002,False
3,20.0,stress_100pct_0.10,0.1,1,1,1,-147.5,47.29162404999999,-194.79162405,-194.79162405,-194.79162405,0,1,0,0.0,-194.79162405,-194.79162405,False
3,20.0,severe_0.25,0.25,1,1,1,-155.0,47.296282899999994,-202.2962829,-202.2962829,-202.2962829,0,1,0,0.0,-202.2962829,-202.2962829,False
3,20.0,very_severe_0.50,0.5,1,1,1,-167.5,47.30404765000001,-214.80404765,-214.80404765,-214.80404765,0,1,0,0.0,-214.80404765,-214.80404765,False
4,10.0,zero_slippage_lower_bound,0.0,8,2,1,13560.0,374.9846352,13185.0153648,1648.1269206,-47.4181865,4,4,0,50.0,-161.19459905,8357.357228800001,False
4,10.0,base_0.05,0.05,8,2,1,13490.0,374.96381019999995,13115.036189800001,1639.3795237250001,-57.415211499999984,3,5,0,37.5,-166.19311155,8347.3602038,False
4,10.0,stress_50pct_0.075,0.075,8,2,1,13455.000000000002,374.9533977,13080.046602300003,1635.0058252875003,-62.413724,3,5,0,37.5,-168.69236780000003,8342.361691300002,False
4,10.0,stress_100pct_0.10,0.1,8,2,1,13420.0,374.9429852,13045.0570148,1630.63212685,-67.4122365,3,5,0,37.5,-171.19162405,8337.3631788,False
4,10.0,severe_0.25,0.25,8,2,1,13267.500000000002,374.95044055,12892.54955945,1611.56869493125,-89.91243284999999,2,6,0,25.0,-178.6962829,8314.862982450002,False
4,10.0,very_severe_0.50,0.5,8,2,1,13017.500000000002,374.96793355,12642.532066450001,1580.3165083062502,-127.41276009999999,2,6,0,25.0,-202.3697773,8277.362655200002,False
4,20.0,zero_slippage_lower_bound,0.0,8,2,1,13560.0,705.3846351999999,12854.615364800002,1606.8269206000002,-94.61818650000001,2,6,0,25.0,-184.79459905,8310.157228800002,False
4,20.0,base_0.05,0.05,8,2,1,13490.0,705.3638102,12784.6361898,1598.079523725,-104.61521149999999,2,6,0,25.0,-189.79311155,8300.1602038,False
4,20.0,stress_50pct_0.075,0.075,8,2,1,13455.000000000002,705.3533977,12749.646602300001,1593.7058252875001,-109.61372399999999,2,6,0,25.0,-192.29236780000002,8295.161691300002,False
4,20.0,stress_100pct_0.10,0.1,8,2,1,13420.0,705.3429851999999,12714.6570148,1589.33212685,-114.61223650000002,2,6,0,25.0,-194.79162405,8290.1631788,False
4,20.0,severe_0.25,0.25,8,2,1,13267.500000000002,705.35044055,12562.149559450001,1570.2686949312501,-137.11243285,2,6,0,25.0,-212.06945005,8267.662982450001,False
4,20.0,very_severe_0.50,0.5,8,2,1,13017.500000000002,705.3679335500001,12312.13206645,1539.01650830625,-168.46391655,2,6,0,25.0,-249.5697773,8230.162655200002,False
5,10.0,zero_slippage_lower_bound,0.0,24,5,4,-612.4999999999994,1046.61488735,-1659.1148873500003,-69.12978697291668,-158.6930461,8,16,0,33.333333333333336,-4527.3407881,8357.357228800001,False
5,10.0,base_0.05,0.05,24,5,4,-817.500000000001,1046.5538998499999,-1864.05389985,-77.66891249375,-163.6915586,7,17,0,29.166666666666668,-4537.3378131,8347.3602038,False
5,10.0,stress_50pct_0.075,0.075,24,5,4,-911.2499999999986,1046.534047675,-1957.7840476749984,-81.5743353197916,-166.19081485,7,17,0,29.166666666666668,-4542.3363256,8342.361691300002,False
5,10.0,stress_100pct_0.10,0.1,24,5,4,-1004.9999999999995,1046.5141955,-2051.5141954999995,-85.4797581458333,-168.6900711,7,17,0,29.166666666666668,-4547.3348381,8337.3631788,False
5,10.0,severe_0.25,0.25,24,5,4,-1492.4999999999995,1046.4862959499999,-2538.98629595,-105.79109566458332,-176.19472995,6,18,0,25.0,-4577.3259131,8314.862982450002,False
5,10.0,very_severe_0.50,0.5,24,5,4,-2217.4999999999995,1046.54621245,-3264.046212449999,-136.00192551874994,-196.786912475,6,18,0,25.0,-4617.3231999,8277.362655200002,False
5,20.0,zero_slippage_lower_bound,0.0,24,5,4,-612.4999999999994,2014.21488735,-2626.7148873499987,-109.44645363958328,-182.2930461,6,18,0,25.0,-4574.5407881,8310.157228800002,False
5,20.0,base_0.05,0.05,24,5,4,-817.500000000001,2014.15389985,-2831.65389985,-117.98557916041666,-187.2915586,6,18,0,25.0,-4584.5378131,8300.1602038,False
5,20.0,stress_50pct_0.075,0.075,24,5,4,-911.2499999999986,2014.134047675,-2925.3840476749983,-121.89100198645826,-189.79081485,6,18,0,25.0,-4589.5363256,8295.161691300002,False
5,20.0,stress_100pct_0.10,0.1,24,5,4,-1004.9999999999995,2014.1141955,-3019.1141955000007,-125.79642481250004,-192.2900711,6,18,0,25.0,-4594.5348381,8290.1631788,False
5,20.0,severe_0.25,0.25,24,5,4,-1492.4999999999995,2014.08629595,-3506.58629595,-146.10776233125,-207.182866475,6,18,0,25.0,-4624.5259131,8267.662982450001,False
5,20.0,very_severe_0.50,0.5,24,5,4,-2217.4999999999995,2014.1462124500001,-4231.646212449999,-176.31859218541663,-230.959103,6,18,0,25.0,-4664.5231999,8230.162655200002,False
6,10.0,zero_slippage_lower_bound,0.0,55,7,6,-7098.749999999999,2691.324841925,-9790.074841925,-178.00136076227272,-156.19149314999999,21,34,0,38.18181818181818,-5877.041142925,8357.357228800001,False
6,10.0,base_0.05,0.05,55,7,6,-7706.250000000003,2691.144110675,-10397.394110675003,-189.04352928500003,-161.19000565,20,35,0,36.36363636363637,-5892.036680425,8347.3602038,False
6,10.0,stress_50pct_0.075,0.075,55,7,6,-7992.499999999996,2691.0750282,-10683.575028199995,-194.24681869454537,-163.6892619,20,35,0,36.36363636363637,-5899.534449175,8342.361691300002,False
6,10.0,stress_100pct_0.10,0.1,55,7,6,-8278.749999999996,2691.005945725,-10969.755945724995,-199.45010810409084,-166.18851815,19,36,0,34.54545454545455,-5907.032217925,8337.3631788,False
6,10.0,severe_0.25,0.25,55,7,6,-9741.249999999998,2690.9015767749997,-12432.151576774999,-226.03911957772723,-178.6962829,17,38,0,30.90909090909091,-5952.018830425,8314.862982450002,False
6,10.0,very_severe_0.50,0.5,55,7,6,-11935.0,2691.0240724,-14626.024072399998,-265.9277104072727,-202.3697773,16,39,0,29.09090909090909,-6015.76019995,8277.362655200002,False
6,20.0,zero_slippage_lower_bound,0.0,55,7,6,-7098.749999999999,5216.524841925,-12315.274841924998,-223.91408803499996,-179.79149315,17,38,0,30.90909090909091,-5924.241142925,8310.157228800002,False
6,20.0,base_0.05,0.05,55,7,6,-7706.250000000003,5216.344110675,-12922.594110675002,-234.9562565577273,-184.79000565,17,38,0,30.90909090909091,-5939.236680425,8300.1602038,False
6,20.0,stress_50pct_0.075,0.075,55,7,6,-7992.499999999996,5216.2750282,-13208.775028199996,-240.15954596727266,-192.16726805000002,17,38,0,30.90909090909091,-5946.734449175,8295.161691300002,False
6,20.0,stress_100pct_0.10,0.1,55,7,6,-8278.749999999996,5216.205945725,-13494.955945724998,-245.36283537681814,-194.79162405,16,39,0,29.09090909090909,-5954.232217925,8290.1631788,False
6,20.0,severe_0.25,0.25,55,7,6,-9741.249999999998,5216.101576775,-14957.351576775,-271.95184685045456,-212.06945005,16,39,0,29.09090909090909,-5999.218830425,8267.662982450001,False
6,20.0,very_severe_0.50,0.5,55,7,6,-11935.0,5216.2240724,-17151.2240724,-311.84043768,-242.05593165,16,39,0,29.09090909090909,-6062.96019995,8230.162655200002,False
8,10.0,zero_slippage_lower_bound,0.0,91,10,7,-9708.75,4470.8746937175,-14179.6246937175,-155.8200515793132,-121.16515845,33,58,0,36.26373626373626,-5877.041142925,8357.357228800001,False
8,10.0,base_0.05,0.05,91,10,7,-10726.250000000005,4470.5621437175,-15196.812143717505,-166.9979356452473,-128.654311325,31,60,0,34.065934065934066,-5892.036680425,8347.3602038,False
8,10.0,stress_50pct_0.075,0.075,91,10,7,-11197.499999999993,4470.4514754675,-15667.951475467491,-172.1752909392032,-132.402492575,30,61,0,32.967032967032964,-5899.534449175,8342.361691300002,False
8,10.0,stress_100pct_0.10,0.1,91,10,7,-11668.749999999995,4470.3408072175,-16139.090807217493,-177.35264623315928,-136.150673825,29,62,0,31.86813186813187,-5907.032217925,8337.3631788,False
8,10.0,severe_0.25,0.25,91,10,7,-14049.999999999998,4470.2287094725,-18520.228709472496,-203.5189968073901,-154.86783165,24,67,0,26.373626373626372,-5952.018830425,8314.862982450002,False
8,10.0,very_severe_0.50,0.5,91,10,7,-17712.5,4470.4143350225,-22182.9143350225,-243.76828939585164,-181.19783585,21,70,0,23.076923076923077,-6015.76019995,8277.362655200002,False
8,20.0,zero_slippage_lower_bound,0.0,91,10,7,-9708.75,8695.2746937175,-18404.024693717496,-202.2420296012912,-162.07054484999998,24,67,0,26.373626373626372,-5924.241142925,8310.157228800002,False
8,20.0,base_0.05,0.05,91,10,7,-10726.250000000005,8694.9621437175,-19421.212143717505,-213.41991366722533,-172.06756984999998,22,69,0,24.175824175824175,-5939.236680425,8300.1602038,False
8,20.0,stress_50pct_0.075,0.075,91,10,7,-11197.499999999993,8694.8514754675,-19892.35147546749,-218.59726896118124,-175.817602575,22,69,0,24.175824175824175,-5946.734449175,8295.161691300002,False
8,20.0,stress_100pct_0.10,0.1,91,10,7,-11668.749999999995,8694.7408072175,-20363.490807217495,-223.7746242551373,-179.5676353,21,70,0,23.076923076923077,-5954.232217925,8290.1631788,False
8,20.0,severe_0.25,0.25,91,10,7,-14049.999999999998,8694.6287094725,-22744.6287094725,-249.94097482936814,-192.2900711,21,70,0,23.076923076923077,-5999.218830425,8267.662982450001,False
8,20.0,very_severe_0.50,0.5,91,10,7,-17712.5,8694.8143350225,-26407.3143350225,-290.19026741782966,-222.02972785,20,71,0,21.978021978021978,-6062.96019995,8230.162655200002,False
10,10.0,zero_slippage_lower_bound,0.0,150,15,9,16343.75,7358.1889537925,8985.5610462075,59.903740308050004,-108.637332775,58,92,0,38.666666666666664,-5877.041142925,20564.81791955,False
10,10.0,base_0.05,0.05,150,15,9,14783.74999999999,7357.7093850425,7426.040614957495,49.50693743304997,-118.63435777500001,54,96,0,36.0,-5892.036680425,20554.82089455,False
10,10.0,stress_50pct_0.075,0.075,150,15,9,14056.875000000004,7357.53459320625,6699.340406793754,44.66226937862503,-122.40705281250001,53,97,0,35.333333333333336,-5899.534449175,20549.822382049995,False
10,10.0,stress_100pct_0.10,0.1,150,15,9,13330.000000000005,7357.35980137,5972.640198630008,39.817601324200055,-125.53169729999999,52,98,0,34.666666666666664,-5907.032217925,20544.82386955,False
10,10.0,severe_0.25,0.25,150,15,9,9642.500000000002,7357.141940915,2285.358059085002,15.235720393900014,-146.15205412875,46,104,0,30.666666666666668,-5952.018830425,20519.82671365,False
10,10.0,very_severe_0.50,0.5,150,15,9,3932.5000000000005,7357.30889194,-3424.8088919399984,-22.83205927959999,-176.19472995,42,108,0,28.0,-6015.76019995,20482.3263864,False
10,20.0,zero_slippage_lower_bound,0.0,150,15,9,16343.75,14320.1889537925,2023.5610462075033,13.490406974716688,-145.9200829,45,105,0,30.0,-5924.241142925,20517.61791955,False
10,20.0,base_0.05,0.05,150,15,9,14783.74999999999,14319.7093850425,464.0406149574919,3.093604099716613,-155.80058557499996,43,107,0,28.666666666666668,-5939.236680425,20507.62089455,False
10,20.0,stress_50pct_0.075,0.075,150,15,9,14056.875000000004,14319.53459320625,-262.6595932062443,-1.7510639547082956,-159.55061830000002,43,107,0,28.666666666666668,-5946.734449175,20502.622382049998,False
10,20.0,stress_100pct_0.10,0.1,150,15,9,13330.000000000005,14319.35980137,-989.3598013699946,-6.595732009133298,-163.335101525,42,108,0,28.0,-5954.232217925,20497.62386955,False
10,20.0,severe_0.25,0.25,150,15,9,9642.500000000002,14319.141940915,-4676.641940915001,-31.177612939433345,-187.179629675,42,108,0,28.0,-5999.218830425,20472.62671365,False
10,20.0,very_severe_0.50,0.5,150,15,9,3932.5000000000005,14319.30889194,-10386.80889194,-69.24539261293333,-218.41688775,41,109,0,27.333333333333332,-6062.96019995,20435.1263864,False
12,10.0,zero_slippage_lower_bound,0.0,227,17,10,23627.5,11450.1641003325,12177.3358996675,53.64465154038547,-114.87054485000002,87,140,0,38.32599118942731,-5877.041142925,20564.81791955,False
12,10.0,base_0.05,0.05,227,17,10,21122.49999999999,11449.3771440825,9673.122855917492,42.61287601725767,-124.86756985000001,82,145,0,36.12334801762115,-5892.036680425,20554.82089455,False
12,10.0,stress_50pct_0.075,0.075,227,17,10,19956.250000000007,11449.08983807,8507.160161930005,37.47647648427315,-127.41444742500002,81,146,0,35.68281938325991,-5899.534449175,20549.822382049995,False
12,10.0,stress_100pct_0.10,0.1,227,17,10,18790.000000000007,11448.8025320575,7341.197467942511,32.340076951288594,-128.6652239,79,148,0,34.801762114537446,-5907.032217925,20544.82386955,False
12,10.0,severe_0.25,0.25,227,17,10,12943.750000000002,11448.5109932125,1495.2390067875026,6.586955977037457,-148.58681125750002,71,156,0,31.277533039647576,-5952.018830425,20519.82671365,False
12,10.0,very_severe_0.50,0.5,227,17,10,3863.7500000000005,11448.83258993,-7585.08258993,-33.41446074859031,-182.3986943,67,160,0,29.515418502202643,-6015.76019995,20482.3263864,False
12,20.0,zero_slippage_lower_bound,0.0,227,17,10,23627.5,22329.7641003325,1297.735899667502,5.716898236420714,-147.07500735,70,157,0,30.837004405286343,-5924.241142925,20517.61791955,False
12,20.0,base_0.05,0.05,227,17,10,21122.49999999999,22328.9771440825,-1206.4771440825084,-5.314877286707086,-159.60114570000002,68,159,0,29.955947136563875,-5939.236680425,20507.62089455,False
12,20.0,stress_50pct_0.075,0.075,227,17,10,19956.250000000007,22328.68983807,-2372.439838069992,-10.451276819691595,-164.59965820000002,68,159,0,29.955947136563875,-5946.734449175,20502.622382049998,False
12,20.0,stress_100pct_0.10,0.1,227,17,10,18790.000000000007,22328.4025320575,-3538.402532057493,-15.587676352676178,-169.5981707,67,160,0,29.515418502202643,-5954.232217925,20497.62386955,False
12,20.0,severe_0.25,0.25,227,17,10,12943.750000000002,22328.1109932125,-9384.3609932125,-41.340797326927316,-192.09836704999998,67,160,0,29.515418502202643,-5999.218830425,20472.62671365,False
12,20.0,very_severe_0.50,0.5,227,17,10,3863.7500000000005,22328.43258993,-18464.68258993,-81.34221405255506,-226.061035925,65,162,0,28.634361233480178,-6062.96019995,20435.1263864,False
15,10.0,zero_slippage_lower_bound,0.0,298,17,10,64425.0,16034.15103458,48390.84896542,162.3853992128188,-93.600454675,114,184,0,38.25503355704698,-6947.559173899999,20564.81791955,False
15,10.0,base_0.05,0.05,298,17,10,61147.499999999985,16033.10332208,45114.39667791999,151.39059287892616,-105.5261638,109,189,0,36.577181208053695,-6967.553223900002,20554.82089455,False
15,10.0,stress_50pct_0.075,0.075,298,17,10,59623.75000000001,16032.722773316249,43591.02722668376,146.27861485464348,-110.4893821375,108,190,0,36.241610738255034,-6977.550248900001,20549.822382049995,False
15,10.0,stress_100pct_0.10,0.1,298,17,10,58100.0,16032.3422245525,42067.6577754475,141.16663683036074,-114.8703808125,105,193,0,35.23489932885906,-6987.5472739,20544.82386955,False
15,10.0,severe_0.25,0.25,298,17,10,50368.75,16031.82377632,34336.926223680006,115.22458464322149,-138.635297875,95,203,0,31.879194630872483,-7040.0385452499995,20519.82671365,False
15,10.0,very_severe_0.50,0.5,298,17,10,38390.0,16032.063472175,22357.936527825,75.02663264370806,-177.94087043125,88,210,0,29.530201342281877,-7127.5239974999995,20482.3263864,False
15,20.0,zero_slippage_lower_bound,0.0,298,17,10,64425.0,31208.95103458,33216.04896542001,111.4632515618121,-144.64503131249998,93,205,0,31.20805369127517,-7041.959173899999,20517.61791955,False
15,20.0,base_0.05,0.05,298,17,10,61147.499999999985,31207.90332208,29939.596677919988,100.46844522791943,-154.94333069125003,90,208,0,30.201342281879196,-7061.953223900002,20507.62089455,False
15,20.0,stress_50pct_0.075,0.075,298,17,10,59623.75000000001,31207.52277331625,28416.227226683757,95.35646720363677,-161.4061127125,90,208,0,30.201342281879196,-7071.950248900001,20502.622382049998,False
15,20.0,stress_100pct_0.10,0.1,298,17,10,58100.0,31207.1422245525,26892.857775447505,90.24448917935403,-164.677136625,88,210,0,29.530201342281877,-7081.9472739,20497.62386955,False
15,20.0,severe_0.25,0.25,298,17,10,50368.75,31206.62377632,19162.12622368,64.30243699221477,-189.64788047500002,88,210,0,29.530201342281877,-7134.438545249999,20472.62671365,False
15,20.0,very_severe_0.50,0.5,298,17,10,38390.0,31206.863472175,7183.136527825003,24.10448499270135,-225.14087043125,84,214,0,28.187919463087248,-7221.923997499999,20435.1263864,False
20,10.0,zero_slippage_lower_bound,0.0,345,18,10,62442.5,18603.9956810025,43838.504318997504,127.06812846086233,-88.6449701,132,213,0,38.26086956521739,-6947.559173899999,20564.81791955,False
20,10.0,base_0.05,0.05,345,18,10,58747.499999999985,18602.8045435025,40144.695456497495,116.36143610578983,-102.22610298500003,127,218,0,36.81159420289855,-6967.553223900002,20554.82089455,False
20,10.0,stress_50pct_0.075,0.075,345,18,10,57026.87500000001,18602.36672437625,38424.50827562376,111.37538630615582,-107.402023825,125,220,0,36.231884057971016,-6977.550248900001,20549.822382049995,False
20,10.0,stress_100pct_0.10,0.1,345,18,10,55306.25000000001,18601.92890525,36704.321094750005,106.38933650652176,-111.1377389475,122,223,0,35.36231884057971,-6987.5472739,20544.82386955,False
20,10.0,severe_0.25,0.25,345,18,10,46620.00000000001,18601.35603803,28018.643961970007,81.21346075933334,-137.32940059999999,112,233,0,32.46376811594203,-7040.0385452499995,20519.82671365,False
20,10.0,very_severe_0.50,0.5,345,18,10,33140.0,18601.6199346525,14538.380065347501,42.14023207347102,-176.19472995,104,241,0,30.144927536231883,-7127.5239974999995,20482.3263864,False
20,20.0,zero_slippage_lower_bound,0.0,345,18,10,62442.5,36280.3956810025,26162.104318997506,75.83218643187682,-144.5321138,108,237,0,31.304347826086957,-7041.959173899999,20517.61791955,False
20,20.0,base_0.05,0.05,345,18,10,58747.499999999985,36279.2045435025,22468.29545649749,65.12549407680432,-154.52913879999997,105,240,0,30.434782608695652,-7061.953223900002,20507.62089455,False
20,20.0,stress_50pct_0.075,0.075,345,18,10,57026.87500000001,36278.76672437625,20748.10827562376,60.13944427717032,-160.822065075,105,240,0,30.434782608695652,-7071.950248900001,20502.622382049998,False
20,20.0,stress_100pct_0.10,0.1,345,18,10,55306.25000000001,36278.32890525,19027.921094750003,55.153394477536246,-164.5720978,103,242,0,29.855072463768117,-7081.9472739,20497.62386955,False
20,20.0,severe_0.25,0.25,345,18,10,46620.00000000001,36277.75603803,10342.243961970002,29.977518730347832,-187.2869652,101,244,0,29.27536231884058,-7134.438545249999,20472.62671365,False
20,20.0,very_severe_0.50,0.5,345,18,10,33140.0,36278.0199346525,-3138.0199346524955,-9.095709955514481,-222.09862885,95,250,0,27.536231884057973,-7221.923997499999,20435.1263864,False
1000,10.0,zero_slippage_lower_bound,0.0,380,19,10,80777.5,20782.6960966225,59994.8039033775,157.881062903625,-87.40150860125,150,230,0,39.473684210526315,-6947.559173899999,20564.81791955,False
1000,10.0,base_0.05,0.05,380,19,10,76707.49999999999,20781.382146622498,55926.11785337749,147.17399435099338,-97.38618011249999,145,235,0,38.1578947368421,-6967.553223900002,20554.82089455,False
1000,10.0,stress_50pct_0.075,0.075,380,19,10,74805.00000000001,20780.890145235,54024.10985476501,142.16871014411845,-103.6336176125,143,237,0,37.63157894736842,-6977.550248900001,20549.822382049995,False
1000,10.0,stress_100pct_0.10,0.1,380,19,10,72902.5,20780.3981438475,52122.101856152505,137.16342593724343,-107.9829311,140,240,0,36.8421052631579,-6987.5472739,20544.82386955,False
1000,10.0,severe_0.25,0.25,380,19,10,63316.25,20779.7386497875,42536.5113502125,111.93818776371711,-136.66067974999999,130,250,0,34.21052631578947,-7040.0385452499995,20519.82671365,False
1000,10.0,very_severe_0.50,0.5,380,19,10,48412.5,20779.9528595025,27632.5471404975,72.71722931709868,-176.1817105675,120,260,0,31.57894736842105,-7127.5239974999995,20482.3263864,False
1000,20.0,zero_slippage_lower_bound,0.0,380,19,10,80777.5,40512.2960966225,40265.2039033775,105.961062903625,-143.02762237500002,125,255,0,32.89473684210526,-7041.959173899999,20517.61791955,False
1000,20.0,base_0.05,0.05,380,19,10,76707.49999999999,40510.9821466225,36196.51785337748,95.25399435099338,-153.91627777375,121,259,0,31.842105263157894,-7061.953223900002,20507.62089455,False
1000,20.0,stress_50pct_0.075,0.075,380,19,10,74805.00000000001,40510.490145235,34294.50985476501,90.24871014411845,-157.68938213750002,121,259,0,31.842105263157894,-7071.950248900001,20502.622382049998,False
1000,20.0,stress_100pct_0.10,0.1,380,19,10,72902.5,40509.9981438475,32392.501856152507,85.24342593724343,-163.067606375,119,261,0,31.31578947368421,-7081.9472739,20497.62386955,False
1000,20.0,severe_0.25,0.25,380,19,10,63316.25,40509.338649787496,22806.9113502125,60.01818776371711,-187.2869652,117,263,0,30.789473684210527,-7134.438545249999,20472.62671365,False
1000,20.0,very_severe_0.50,0.5,380,19,10,48412.5,40509.5528595025,7902.947140497503,20.79722931709869,-222.0654469525,109,271,0,28.68421052631579,-7221.923997499999,20435.1263864,False
