strategy,vix_mode,split,trades,complement_trades,net,net50,net20,net20_50,mean_net,median_net,win_rate,worst_trade,max_drawdown,complement_net,complement_mean_net
TT02,LOW,DEV,83,47,-38211.94739337512,-47227.29609006262,-52820.34739337512,-69139.89609006261,-460.3849083539171,-493.12110875,0.40963855421686746,-7929.75974765,55435.26371150001,15056.5373706,320.3518589489361
TT02,LOW,VAL,47,50,18949.470971599934,13335.456457399941,10453.470971599942,591.4564573999414,403.18023343829645,809.4183863799996,0.6382978723404256,-12379.953050102502,39523.582925095,7349.084865557503,146.98169731115004
TT02,LOW,HOLD,4,16,-667.8239844415025,-1042.3609766622526,-1328.6239844415027,-2033.5609766622524,-166.95599611037562,-611.0950995492503,0.5,-2138.959433719002,3605.0936543230023,-5862.744262273996,-366.4215163921248
TT02,NORMAL,DEV,44,86,16658.843822450002,12234.515733675004,8894.443822450005,587.9157336749995,378.6100868738637,1234.1140815500003,0.6136363636363636,-10053.6654768,21136.627093000003,-39814.25384522511,-462.9564400607571
TT02,NORMAL,VAL,47,50,16227.196998045018,9108.295497067498,7683.996998045006,-3706.5045029324992,345.2595105967025,278.20391414999995,0.5531914893617021,-50526.0304931475,57833.2380505075,10071.358839112432,201.42717678224864
TT02,NORMAL,HOLD,12,8,-24856.557802394,-26098.336703590998,-26909.757802393993,-29178.136703590993,-2071.3798168661665,-280.4360945774991,0.4166666666666667,-24828.27633277649,37733.969731484496,18325.989555678494,2290.7486944598118
TT02,HIGH,DEV,3,127,-1602.3064518499991,-1884.7096777749994,-2074.306451849999,-2592.709677774999,-534.1021506166663,-2129.52169035,0.3333333333333333,-3674.336827,5803.85851735,-21553.10357092512,-169.70947693641827
TT02,HIGH,VAL,3,94,-8878.112132487498,-9256.543198731248,-9444.512132487498,-10106.143198731248,-2959.370710829166,-2506.125284375,0.3333333333333333,-7826.7342166875,7826.7342166875005,35176.667969644936,374.2198720174993
TT02,HIGH,HOLD,4,16,18993.813540119998,18604.22031018,18333.01354012,17613.02031018,4748.4533850299995,5357.44410887325,0.5,-3032.415616673,3032.415616673,-25524.3817868355,-1595.2738616772187
TT02,SPIKE,DEV,2,128,-2337.6764279,-2524.01464185,-2668.0764279000005,-3019.6146418499998,-1168.83821395,-1168.83821395,0.5,-3585.26563155,0.0,-20817.733594875128,-162.63854370996194
TT02,SPIKE,VAL,0,97,0.0,0.0,0.0,0.0,,,,,0.0,26298.555837157448,271.11913234182936
TT02,SPIKE,HOLD,4,16,-422.9529795239996,-809.9294692860003,-1083.7529795240007,-1801.1294692859974,-105.7382448809999,-1618.8923312827499,0.25,-8496.509256005,11528.924872678,-6107.615267191498,-381.7259541994686
TT02,FALLING,DEV,12,118,-2978.211928324993,-4140.442892487493,-5055.011928324992,-7255.6428924874945,-248.1843273604161,-499.53574711249837,0.4166666666666667,-7509.0018081,10893.648361549998,-20177.198094450123,-170.99320419025528
TT02,FALLING,VAL,3,94,-11679.051043635,-12017.326565452502,-12221.851043635,-12831.526565452503,-3893.0170145449997,601.95938265,0.6666666666666666,-21188.219398900004,21188.219398900004,37977.606880792446,404.01709447651535
TT02,FALLING,HOLD,2,18,-8287.528204808004,-8456.542307212003,-8570.728204808003,-8881.342307212002,-4143.764102404002,-4143.764102404002,0.0,-5287.119806069503,3000.408398738501,1756.9599580925033,97.60888656069463
TT02,RISING,DEV,4,126,8061.3464394,7672.0196591,7353.3464394,6610.0196591,2015.33660985,3158.8211448,0.75,-3585.26563155,0.0,-31216.75646217513,-247.75203541408834
TT02,RISING,VAL,4,93,-6843.001415215,-7213.2521228225,-7503.801415214999,-8204.4521228225,-1710.75035380375,-1729.6173942700002,0.25,-3963.8055064,6345.397118665,33141.55725237244,356.3608306706714
TT02,RISING,HOLD,8,12,1819.2593211220028,1012.8889816830015,450.4593211220017,-1040.3110183169956,227.40741514025035,-333.7607058394989,0.25,-8496.509256005,12196.446284356998,-8349.8275678375,-695.8189639864582
TT02,HIGH_RISING,DEV,0,130,0.0,0.0,0.0,0.0,,,,,0.0,-23155.410022775133,-178.11853863673178
TT02,HIGH_RISING,VAL,0,97,0.0,0.0,0.0,0.0,,,,,0.0,26298.555837157448,271.11913234182936
TT02,HIGH_RISING,HOLD,3,17,7966.907053957,7666.8605809355,7447.7070539569995,6888.060580935501,2655.6356846523336,-312.01826841649955,0.3333333333333333,-3032.415616673,3032.415616673,-14497.475300672504,-852.7926647454415
TT03,LOW,DEV,78,43,15271.314425724997,12442.596638587496,9748.914425725,4158.9966385875,195.7860823810897,3.3600622999999956,0.5256410256410257,-1408.0781098,1494.94756575,34770.054900250005,808.6059279127908
TT03,LOW,VAL,30,46,-3877.330140792503,-5037.245211188753,-6001.330140792503,-8223.245211188754,-129.24433802641676,253.18078774249994,0.8333333333333334,-13596.328418730003,14540.500419282504,37303.327626725,810.9419049288043
TT03,LOW,HOLD,0,3,0.0,0.0,0.0,0.0,,,,,0.0,6201.788113411,2067.2627044703336
TT03,NORMAL,DEV,41,80,38716.41428615,37148.37142922501,35813.61428615,32794.171429225,944.3027874670731,584.4883378000004,0.975609756097561,-17.5388875000001,17.538887499998964,11324.955039824996,141.56193799781244
TT03,NORMAL,VAL,43,33,28708.780829107505,27012.546243661254,25664.380829107504,22445.946243661252,667.6460657931977,660.3029073100001,0.8372093023255814,-9544.2498540525,9544.249854052498,4717.216656824999,142.94595929772723
TT03,NORMAL,HOLD,1,2,413.4659642469999,376.4489463704999,342.66596424699986,270.2489463704999,413.4659642469999,413.4659642469999,1.0,413.4659642469999,0.0,5788.322149164001,2894.1610745820003
TT03,HIGH,DEV,2,119,-3946.3593859000002,-4042.0390788500013,-4087.9593859000006,-4254.43907885,-1973.1796929500001,-1973.1796929500001,0.5,-5808.053538650001,5808.053538650001,53987.728711874995,453.67839253676465
TT03,HIGH,VAL,3,73,8594.546797617499,8471.19519642625,8382.146797617499,8152.5951964262495,2864.848932539166,2246.942940499999,1.0,456.06120840000034,0.0,24831.450688315,340.1568587440411
TT03,HIGH,HOLD,2,1,5788.322149164001,5702.233223746001,5646.722149164001,5489.833223746,2894.1610745820003,2894.1610745820003,1.0,1112.7554347305006,0.0,413.4659642469999,413.4659642469999
TT03,SPIKE,DEV,2,119,4953.212559950001,4873.568839925001,4811.612559950001,4661.168839925001,2476.6062799750007,2476.6062799750007,1.0,1747.43115545,0.0,45088.15676602499,378.89207366407555
TT03,SPIKE,VAL,0,76,0.0,0.0,0.0,0.0,,,,,0.0,33425.997485932494,439.81575639384863
TT03,SPIKE,HOLD,0,3,0.0,0.0,0.0,0.0,,,,,0.0,6201.788113411,2067.2627044703336
TT03,FALLING,DEV,11,110,8618.238808825003,8202.983213237501,7839.438808825002,7034.783213237501,783.4762553477275,321.2759201,0.9090909090909091,-53.12698867499999,0.0,41423.13051714999,376.57391379227266
TT03,FALLING,VAL,1,75,4574.92774872,4533.64162308,4504.12774872,4427.44162308,4574.92774872,4574.92774872,1.0,4574.92774872,0.0,28851.069737212503,384.68092982950003
TT03,FALLING,HOLD,0,3,0.0,0.0,0.0,0.0,,,,,0.0,6201.788113411,2067.2627044703336
TT03,RISING,DEV,4,117,6835.543382250002,6679.565073375002,6552.343382250002,6254.765073375002,1708.8858455625004,1465.2228272250002,1.0,699.3163233000007,0.0,43205.825943725,369.2805636215812
TT03,RISING,VAL,4,72,1304.10005726,1151.7750858900001,1020.9000572600002,726.9750858900002,326.025014315,449.96005657500007,0.75,-366.545524675,366.545524675,32121.8974286725,446.13746428711806
TT03,RISING,HOLD,0,3,0.0,0.0,0.0,0.0,,,,,0.0,6201.788113411,2067.2627044703336
TT03,HIGH_RISING,DEV,0,121,0.0,0.0,0.0,0.0,,,,,0.0,50041.36932597501,413.56503575185957
TT03,HIGH_RISING,VAL,0,76,0.0,0.0,0.0,0.0,,,,,0.0,33425.997485932494,439.81575639384863
TT03,HIGH_RISING,HOLD,0,3,0.0,0.0,0.0,0.0,,,,,0.0,6201.788113411,2067.2627044703336
TT04,LOW,DEV,383,253,1545.262561049949,-10833.356158425053,-16532.337438950057,-37949.75615842505,4.034628096736159,388.3255302,0.6475195822454308,-8289.90615835,21190.51560995003,20866.09126182487,82.47466901907063
TT04,LOW,VAL,209,275,28596.283649728935,20955.800474593434,18731.483649728936,6158.60047459343,136.82432368291356,348.923567075,0.6124401913875598,-7258.640893105,22370.18547677002,8664.50676094237,31.507297312517707
TT04,LOW,HOLD,23,71,-14069.88016291901,-14936.320244378509,-15155.480162919008,-16564.720244378506,-611.7339201269134,122.259281615,0.5652173913043478,-7578.274379296,18186.967522871506,9980.450036971415,140.5697188305833
TT04,NORMAL,DEV,230,406,31636.087001724896,23399.7555025874,20780.087001724893,7115.755502587396,137.54820435532562,553.2625990500001,0.691304347826087,-7821.46164385,16967.360534200023,-9224.733178850081,-22.721017681896754
TT04,NORMAL,VAL,261,223,32742.213972194866,22971.445958292366,20423.01397219485,4492.645958292367,125.44909567890754,522.2330798025,0.6513409961685823,-9103.74224875,27600.90587570005,4518.576438476433,20.262674612001945
TT04,NORMAL,HOLD,52,42,-4786.693780154056,-7404.290670231055,-7241.093780154057,-11085.890670231056,-92.05180346450108,414.40179146899914,0.5769230769230769,-7552.205015053,21360.483767202517,697.2636542064613,16.601515576344315
TT04,HIGH,DEV,23,613,-10769.995739900025,-11727.49360985002,-11855.595739900022,-13355.893609850023,-468.26068434347934,-137.99920715000002,0.43478260869565216,-6468.373368500001,11811.809436050024,33181.34956277485,54.12944463747936
TT04,HIGH,VAL,14,470,-24077.707211252502,-24629.685816878748,-24738.507211252498,-25620.885816878756,-1719.8362293751786,-34.19223575999999,0.5,-7801.96404391,24844.023090652503,61338.497621923816,130.50744174877408
TT04,HIGH,HOLD,19,75,14767.14381712547,13634.090725688216,13870.34381712547,12288.890725688216,777.2180956381826,1137.0852616075,0.7368421052631579,-8069.861226125,16252.910639742504,-18856.573943073065,-251.42098590764087
TT04,SPIKE,DEV,11,625,4770.721320749993,4369.831981124993,4251.521320749994,3591.0319811249924,433.70193824999933,826.54374955,0.7272727272727273,-7229.2799248,7706.169799800002,17640.63250212482,28.225012003399712
TT04,SPIKE,VAL,9,475,-9686.396003360005,-10029.594005040006,-10111.196003360006,-10666.794005040007,-1076.2662225955562,393.8160148749996,0.6666666666666666,-7801.96404391,13744.548861575004,46947.18641403131,98.83618192427645
TT04,SPIKE,HOLD,11,83,6360.008302570478,5722.8874538557275,5840.808302570479,4944.087453855727,578.1825729609526,672.2094100764982,0.6363636363636364,-5217.401483902,4555.1096429645,-10449.438428518079,-125.8968485363624
TT04,FALLING,DEV,31,605,9046.74481524999,7901.367222874989,7583.544815249992,5706.56722287499,291.83047791128996,736.98291035,0.7419354838709677,-6468.373368500001,9293.146282500002,13364.609007624837,22.09026282252039
TT04,FALLING,VAL,22,462,27503.171326629996,26624.131989945,26464.771326629998,25066.531989945,1250.1441512104543,522.880925175,0.7272727272727273,-7413.550167599997,7413.550167599997,9757.619084041307,21.120387627795036
TT04,FALLING,HOLD,13,81,-8549.715410034509,-9303.198115051755,-9163.315410034505,-10223.598115051758,-657.6704161565007,710.4019400559964,0.6153846153846154,-8069.861226125,10558.046765885005,4460.285284086913,55.06525042082608
TT04,RISING,DEV,36,600,14867.23861447498,13545.232921712484,13168.038614474981,10996.432921712481,412.9788504020828,703.2514995249995,0.7222222222222222,-7229.2799248,13348.173330200016,7544.11520839984,12.573525347333067
TT04,RISING,VAL,24,460,2845.002979972487,1970.004469958738,1712.2029799724878,270.804469958739,118.54179083218696,607.6613557287501,0.7083333333333334,-7801.96404391,12838.45765678,34415.78743069881,74.81692919717132
TT04,RISING,HOLD,18,76,9846.043314492474,8868.689971738722,8996.443314492473,7594.28997173872,547.0024063606929,592.8033532814991,0.6111111111111112,-5217.401483902,10430.587958457501,-13935.473440440066,-183.36149263736928
TT04,HIGH_RISING,DEV,8,628,1187.0001944499923,871.7502916749932,809.4001944499928,305.35029167499306,148.37502430624903,-79.77636107500047,0.375,-2624.565869900004,2624.565869900004,21224.353628424826,33.796741446536345
TT04,HIGH_RISING,VAL,5,479,-11635.548872719997,-11835.198309079997,-11871.548872719999,-12189.198309079997,-2327.1097745439993,533.5052043250002,0.6,-7801.96404391,14892.235017384997,48896.3392833913,102.08004025760188
TT04,HIGH_RISING,HOLD,9,85,15616.391042168474,15073.711563252724,15191.591042168475,14436.511563252723,1735.1545602409415,819.565399825,0.7777777777777778,-1038.39320651,1038.3932065099998,-19705.821168116072,-231.83319021313025
TT05,LOW,DEV,381,253,-2178.815336200043,-14483.223004300042,-20162.015336200035,-41458.023004300034,-5.718675423097226,418.433258525,0.6430446194225722,-3605.1387089500017,24092.757838150024,18609.165037499868,73.55401200592833
TT05,LOW,VAL,199,274,-11636.092469812576,-18938.263704718825,-21028.89246981257,-33027.46370471883,-58.472826481470236,234.7817530499991,0.5628140703517588,-4247.16243361,44609.955638230065,84612.47625991983,308.80465788291906
TT05,LOW,HOLD,18,59,350.93505869698765,-279.59741195451124,-498.66494130301567,-1553.9974119545113,19.496392149832648,58.902845592249086,0.5,-3540.384889597,8065.775725476007,-37419.778018920566,-634.2335257444164
TT05,NORMAL,DEV,229,405,30191.307099599875,21961.960649399884,19382.507099599876,5748.760649399876,131.8397689938859,528.39316505,0.6899563318777293,-3657.4766115,27901.939355550043,-13760.957398300066,-33.97767258839522
TT05,NORMAL,VAL,260,213,95173.06652572236,85453.97478858361,82901.06652572234,67045.97478858361,366.05025586816294,557.3622561374993,0.6153846153846154,-3909.15591853,16598.574760812524,-22196.68273561508,-104.20977810147924
TT05,NORMAL,HOLD,43,34,-18480.708880544058,-20853.81332081605,-20510.30888054406,-23898.213320816056,-429.783927454513,-891.6425924025018,0.46511627906976744,-4797.836460531002,39120.399391914536,-18588.13407967953,-546.7098258729274
TT05,HIGH,DEV,24,610,-11582.142062100023,-12590.713093150025,-12714.942062100026,-14289.913093150026,-482.589252587501,-408.9533856250009,0.3333333333333333,-3484.131770600002,16907.55283395002,28012.49176339985,45.92211764491778
TT05,HIGH,VAL,14,459,-10560.590265802499,-11105.260398703751,-11221.390265802502,-12096.460398703748,-754.32787612875,-226.93756133750023,0.5,-4082.8316689,12522.822706262497,83536.97405590977,181.99776482769013
TT05,HIGH,HOLD,16,61,-18939.069138376515,-19735.978707564766,-19694.269138376516,-20868.77870756476,-1183.6918211485322,-3126.851422100502,0.375,-3703.711995903,27255.217427444015,-18129.773821847062,-297.2094069155256
TT05,SPIKE,DEV,11,623,4470.296046499998,4062.944069749997,3951.096046499996,3284.1440697499966,406.39054968181796,288.3975141,0.7272727272727273,-3139.0295551499994,3962.302751850001,11960.053654799833,19.197517904975655
TT05,SPIKE,VAL,9,464,1356.7234696749974,1015.0852045124957,931.9234696749963,377.88520451249724,150.74705218611084,608.4139908250003,0.5555555555555556,-4082.8316689,5005.632569424999,71619.66032043229,154.35271620782822
TT05,SPIKE,HOLD,9,68,-17273.70737470201,-17678.31106205301,-17698.50737470201,-18315.51106205301,-1919.3008194113345,-3264.7687443900018,0.2222222222222222,-3865.595099506002,13408.11227519601,-19795.135585521573,-291.1049350811996
TT05,FALLING,DEV,31,603,6017.710931049975,4865.316396574975,4554.510931049975,2670.5163965749734,194.119707453225,736.6771295000004,0.6774193548387096,-3657.4766115,9770.77851310001,10412.638770249836,17.268057662105864
TT05,FALLING,VAL,21,452,25065.12706756249,24243.31560134374,24073.927067562498,22756.515601343748,1193.5774794077377,797.3371937375,0.6666666666666666,-3676.716992424997,9328.6665179575,47911.256722544786,105.9983555808513
TT05,FALLING,HOLD,10,67,-13837.388120461032,-14779.332180691532,-14309.38812046103,-15487.33218069153,-1383.7388120461032,-3153.4407638795,0.3,-4340.263142608529,17725.97074389203,-23231.454839762548,-346.7381319367544
TT05,RISING,DEV,35,599,16284.966784849983,14993.70017727498,14632.96678484998,12515.700177274983,465.28476528142807,299.0302148999982,0.6571428571428571,-3513.8022009,9316.718644900006,145.38291644983474,0.2427093763770196
TT05,RISING,VAL,24,449,21391.28197499999,20513.172962499986,20258.48197499999,18813.972962499985,891.3034156249996,490.96002847749924,0.625,-4082.8316689,11544.316866390001,51585.10181510727,114.88886818509414
TT05,RISING,HOLD,15,62,-25686.24225997751,-26366.238389966264,-26394.242259977513,-27428.23838996626,-1712.4161506651674,-3187.740075244,0.26666666666666666,-3865.595099506002,21820.647160471508,-11382.600700246074,-183.59033387493668
TT05,HIGH_RISING,DEV,8,626,-1233.638608650007,-1551.7079129750064,-1611.2386086500082,-2118.107912975008,-154.20482608125087,-394.1879965000009,0.25,-2354.8942385,6462.762043100004,17663.98830994983,28.217233721964583
TT05,HIGH_RISING,VAL,5,468,-2146.880663857498,-2344.070995786248,-2382.880663857498,-2698.070995786248,-429.37613277149956,608.4139908250003,0.6,-4082.8316689,7176.169492924998,75123.26445396476,160.51979584180503
TT05,HIGH_RISING,HOLD,7,70,-9065.158060970512,-9403.612091455761,-9395.55806097051,-9899.212091455762,-1295.0225801386446,-3119.295066410504,0.2857142857142857,-3703.711995903,13843.151735060012,-28003.684899253058,-400.0526414179008
