scenario,returncode,HIGH_N_THRESHOLD,SLIPPAGE_TICKS,ENTRY_HOUR,ENTRY_MINUTE,DTE_SESSIONS,BROKERAGE_PER_ORDER,trades,win_rate_net,mean_net_rupees,median_net_rupees,sum_net_rupees,sum_cost_rupees_adjusted
threshold_0.9_slip_0,1.0,0.9,0.0,10.0,0.0,4.0,10,,,,,,
threshold_0.9_slip_1,1.0,0.9,1.0,10.0,0.0,4.0,10,,,,,,
threshold_0.9_slip_2,1.0,0.9,2.0,10.0,0.0,4.0,10,,,,,,
threshold_0.95_slip_0,1.0,0.95,0.0,10.0,0.0,4.0,10,,,,,,
threshold_0.95_slip_1,1.0,0.95,1.0,10.0,0.0,4.0,10,,,,,,
threshold_0.95_slip_2,1.0,0.95,2.0,10.0,0.0,4.0,10,,,,,,
threshold_0.975_slip_0,1.0,0.975,0.0,10.0,0.0,4.0,10,,,,,,
threshold_0.975_slip_1,1.0,0.975,1.0,10.0,0.0,4.0,10,,,,,,
threshold_0.975_slip_2,1.0,0.975,2.0,10.0,0.0,4.0,10,,,,,,
entry_0945,1.0,0.95,1.0,9.0,45.0,4.0,10,,,,,,
entry_1000,1.0,0.95,1.0,10.0,0.0,4.0,10,,,,,,
entry_1015,1.0,0.95,1.0,10.0,15.0,4.0,10,,,,,,
dte_3,1.0,0.95,1.0,10.0,0.0,3.0,10,,,,,,
dte_4,1.0,0.95,1.0,10.0,0.0,4.0,10,,,,,,
dte_5,1.0,0.95,1.0,10.0,0.0,5.0,10,,,,,,
brokerage_0_per_order_from_primary,,,,,,,0,196.0,0.37244897959183676,-243.47844507481375,-388.2078869999999,-47721.775234663495,4841.275234663499
brokerage_10_per_order_from_primary,,,,,,,10,196.0,0.37244897959183676,-303.47844507481375,-448.2078869999999,-59481.775234663495,16601.2752346635
brokerage_20_per_order_from_primary,,,,,,,20,196.0,0.37244897959183676,-363.4784450748137,-508.2078869999999,-71241.77523466348,28361.2752346635
