expiry,entry_ts,exit_ts,direction,selector,selector_probability,selector_source,short_delta_entry,short_delta_exit,short_strike,long_strike,lot_size,gross_rupees,cost_rupees,net_rupees,exit_reason,cum_net,peak,drawdown,year,hold_minutes
2024-01-11,2024-01-05 09:20:00+05:30,2024-01-10 09:15:00+05:30,CALL,OOF_STACK,1.0,oof_stack_expiry_frozen,0.2402787716616086,0.03945963200049807,21950.0,22000.0,50,2730.0000000000005,69.95025340000001,2660.0497466000006,DELTA_EXIT,2660.0497466000006,2660.0497466000006,0.0,2024,7195.0
2024-01-11,2024-01-10 09:20:00+05:30,2024-01-11 09:15:00+05:30,CALL,OOF_STACK,1.0,oof_stack_expiry_frozen,0.2135643322434997,0.5019154926589262,21700.0,21750.0,50,-4184.999999999999,73.9976695,-4258.997669499999,DELTA_EXIT,-1598.947922899998,2660.0497466000006,4258.997669499999,2024,1435.0
2024-01-18,2024-01-12 09:20:00+05:30,2024-01-15 09:15:00+05:30,CALL,OOF_STACK,1.0,oof_stack_expiry_frozen,0.2561660369104015,0.5981968003761446,21950.0,22000.0,50,-5595.00000000001,154.74357249999997,-5749.74357250001,DELTA_EXIT,-7348.691495400008,2660.0497466000006,10008.741242000007,2024,4315.0
2024-01-18,2024-01-15 09:20:00+05:30,2024-01-17 10:00:00+05:30,CALL,OOF_STACK,1.0,oof_stack_expiry_frozen,0.2656214434642631,0.03992582888386509,22250.0,22300.0,50,3525.0,73.81095850000001,3451.1890415,DELTA_EXIT,-3897.502453900008,2660.0497466000006,6557.552200500008,2024,2920.0
2024-01-18,2024-01-17 10:01:00+05:30,2024-01-18 09:15:00+05:30,CALL,OOF_STACK,1.0,oof_stack_expiry_frozen,0.220420846741599,0.016231033543033013,21950.0,22000.0,50,2580.0000000000005,60.948498400000005,2519.0515016000004,DELTA_EXIT,-1378.4509523000074,2660.0497466000006,4038.500698900008,2024,1394.0
2024-01-25,2024-01-19 09:20:00+05:30,2024-01-24 09:15:00+05:30,CALL,OOF_STACK,1.0,oof_stack_expiry_frozen,0.2650209263327993,0.029703726688082854,21900.0,21950.0,50,3180.0000000000027,82.37606680000002,3097.6239332000027,DELTA_EXIT,1719.1729808999953,2660.0497466000006,940.8767657000053,2024,7195.0
2024-01-25,2024-01-24 09:20:00+05:30,2024-01-24 10:31:00+05:30,CALL,OOF_STACK,1.0,oof_stack_expiry_frozen,0.2301367880298183,0.5029870746502064,21400.0,21450.0,50,-5114.999999999999,124.90065729999999,-5239.900657299999,DELTA_EXIT,-3520.7276764000035,2660.0497466000006,6180.777423000004,2024,71.0
2024-01-25,2024-01-24 10:32:00+05:30,2024-01-25 10:54:00+05:30,CALL,OOF_STACK,1.0,oof_stack_expiry_frozen,0.2399755792404652,0.0397505003968901,21600.0,21650.0,50,3135.000000000001,68.92698429999999,3066.0730157000007,DELTA_EXIT,-454.65466070000275,2660.0497466000006,3114.7044073000034,2024,1462.0
2024-02-08,2024-02-02 09:20:00+05:30,2024-02-08 10:11:00+05:30,CALL,OOF_STACK,1.0,oof_stack_expiry_frozen,0.26562860766989416,0.03913709100359897,22200.0,22250.0,50,3285.000000000001,83.60618170000001,3201.393818300001,DELTA_EXIT,2746.739157599998,2746.739157599998,0.0,2024,8691.0
2024-02-15,2024-02-09 09:20:00+05:30,2024-02-14 11:13:00+05:30,CALL,OOF_STACK,1.0,oof_stack_expiry_frozen,0.2514901315659761,0.03974884798142797,22000.0,22050.0,50,3389.9999999999973,84.34020939999999,3305.6597905999975,DELTA_EXIT,6052.398948199996,6052.398948199996,0.0,2024,7313.0
2024-02-15,2024-02-14 11:14:00+05:30,2024-02-14 14:23:00+05:30,CALL,OOF_STACK,1.0,oof_stack_expiry_frozen,0.2419819757074574,0.504285404835302,21750.0,21800.0,50,-4994.999999999997,100.13199730000001,-5095.131997299997,DELTA_EXIT,957.2669508999988,6052.398948199996,5095.131997299997,2024,189.0
2024-02-15,2024-02-14 14:24:00+05:30,2024-02-15 09:16:00+05:30,CALL,OOF_STACK,1.0,oof_stack_expiry_frozen,0.25012411303940874,0.5239608338855825,21900.0,21950.0,50,-3749.9999999999964,91.06294779999998,-3841.0629477999964,DELTA_EXIT,-2883.7959968999976,6052.398948199996,8936.194945099993,2024,1132.0
2024-02-22,2024-02-16 09:20:00+05:30,2024-02-22 10:16:00+05:30,CALL,OOF_STACK,1.0,oof_stack_expiry_frozen,0.27083146304685646,0.03807493230066561,22250.0,22300.0,50,3795.000000000004,81.88379950000001,3713.116200500004,DELTA_EXIT,829.3202036000066,6052.398948199996,5223.0787445999895,2024,8696.0
2024-02-29,2024-02-23 09:20:00+05:30,2024-02-28 10:50:00+05:30,CALL,OOF_STACK,1.0,oof_stack_expiry_frozen,0.23580219103221478,0.03854286218834735,22550.0,22600.0,50,3285.0000000000027,76.8263233,3208.173676700003,DELTA_EXIT,4037.4938803000096,6052.398948199996,2014.9050678999865,2024,7290.0
2024-02-29,2024-02-28 10:51:00+05:30,2024-02-29 10:10:00+05:30,CALL,OOF_STACK,1.0,oof_stack_expiry_frozen,0.2224214276031513,0.039993051687748804,22300.0,22350.0,50,2489.999999999999,62.409985,2427.5900149999993,DELTA_EXIT,6465.083895300009,6465.083895300009,0.0,2024,1399.0
2024-03-07,2024-03-01 09:20:00+05:30,2024-03-02 09:34:00+05:30,CALL,OOF_STACK,1.0,oof_stack_expiry_frozen,0.2530427437588181,0.5007219239962977,22400.0,22450.0,50,-3645.0000000000064,154.74492909999998,-3799.744929100006,DELTA_EXIT,2665.338966200003,6465.083895300009,3799.744929100006,2024,1454.0
2024-03-07,2024-03-02 09:35:00+05:30,2024-03-06 11:10:00+05:30,CALL,OOF_STACK,1.0,oof_stack_expiry_frozen,0.24889186429084276,0.03998184055284115,22650.0,22700.0,50,3360.0000000000027,75.92536239999998,3284.074637600003,DELTA_EXIT,5949.413603800006,6465.083895300009,515.6702915000033,2024,5855.0
2024-03-07,2024-03-06 11:11:00+05:30,2024-03-06 14:06:00+05:30,CALL,OOF_STACK,1.0,oof_stack_expiry_frozen,0.2767631344728614,0.5024137579277137,22400.0,22450.0,50,-5055.000000000001,107.5278949,-5162.527894900001,DELTA_EXIT,786.8857089000048,6465.083895300009,5678.1981864000045,2024,175.0
2024-03-07,2024-03-06 14:07:00+05:30,2024-03-07 14:53:00+05:30,CALL,OOF_STACK,1.0,oof_stack_expiry_frozen,0.21529166112966303,0.03878498413531051,22550.0,22600.0,50,3029.999999999999,58.68461859999999,2971.3153813999993,DELTA_EXIT,3758.201090300004,6465.083895300009,2706.882805000005,2024,1486.0
2024-03-21,2024-03-15 09:20:00+05:30,2024-03-20 10:02:00+05:30,PUT,OOF_STACK,0.0,oof_stack_expiry_frozen,-0.2318276551881786,-0.526185410502106,21800.0,21750.0,50,-4139.999999999997,120.65703399999998,-4260.657033999997,DELTA_EXIT,-502.455943699993,6465.083895300009,6967.539839000003,2024,7242.0
2024-03-21,2024-03-20 10:03:00+05:30,2024-03-21 09:15:00+05:30,PUT,OOF_STACK,0.0,oof_stack_expiry_frozen,-0.2575374158726724,-0.030731816948553425,21650.0,21600.0,50,2864.999999999999,66.8623105,2798.137689499999,DELTA_EXIT,2295.681745800006,6465.083895300009,4169.402149500003,2024,1392.0
2024-03-28,2024-03-22 09:20:00+05:30,2024-03-28 09:21:00+05:30,CALL,OOF_STACK,1.0,oof_stack_expiry_frozen,0.26049427793895363,0.506760300823291,22200.0,22250.0,50,-2924.999999999997,97.9091011,-3022.909101099997,DELTA_EXIT,-727.2273552999909,6465.083895300009,7192.3112506,2024,8641.0
2024-04-10,2024-04-05 09:20:00+05:30,2024-04-08 11:44:00+05:30,CALL,OOF_STACK,1.0,oof_stack_expiry_frozen,0.26053282470398353,0.5032085628169451,22650.0,22700.0,50,-3899.999999999998,117.75191079999999,-4017.7519107999983,DELTA_EXIT,-4744.979266099989,6465.083895300009,11210.063161399998,2024,4464.0
2024-04-10,2024-04-08 11:45:00+05:30,2024-04-10 14:47:00+05:30,CALL,OOF_STACK,1.0,oof_stack_expiry_frozen,0.24875172838405624,0.032842587809196355,22800.0,22850.0,50,3375.0,63.4311835,3311.5688165,DELTA_EXIT,-1433.410449599989,6465.083895300009,7898.494344899998,2024,3062.0
2024-04-18,2024-04-12 09:20:00+05:30,2024-04-15 09:35:00+05:30,CALL,OOF_STACK,1.0,oof_stack_expiry_frozen,0.26275201908266754,0.03862223216692795,22900.0,22950.0,50,3315.0000000000014,74.3272519,3240.672748100001,DELTA_EXIT,1807.262298500012,6465.083895300009,4657.821596799997,2024,4335.0
2024-04-18,2024-04-15 09:36:00+05:30,2024-04-16 14:24:00+05:30,CALL,OOF_STACK,1.0,oof_stack_expiry_frozen,0.2613742784574413,0.03998186449841257,22500.0,22550.0,50,3945.0000000000014,77.29827730000002,3867.7017227000015,DELTA_EXIT,5674.964021200014,6465.083895300009,790.1198740999953,2024,1728.0
2024-04-18,2024-04-16 14:25:00+05:30,2024-04-18 09:15:00+05:30,CALL,OOF_STACK,1.0,oof_stack_expiry_frozen,0.2496561680269298,0.5008376954081637,22250.0,22300.0,50,-2685.000000000001,78.27481510000001,-2763.274815100001,DELTA_EXIT,2911.689206100013,6465.083895300009,3553.3946891999963,2024,2570.0
2024-04-25,2024-04-19 09:20:00+05:30,2024-04-19 13:52:00+05:30,CALL,OOF_STACK,1.0,oof_stack_expiry_frozen,0.2520659050816283,0.5192164929391607,22100.0,22150.0,50,-4425.000000000004,165.56459949999999,-4590.564599500003,DELTA_EXIT,-1678.8753933999901,6465.083895300009,8143.9592887,2024,272.0
2024-04-25,2024-04-19 13:53:00+05:30,2024-04-22 15:22:00+05:30,CALL,OOF_STACK,1.0,oof_stack_expiry_frozen,0.27244929782957983,0.500665275834738,22350.0,22400.0,50,-3765.0000000000014,135.1413451,-3900.141345100001,DELTA_EXIT,-5579.016738499991,6465.083895300009,12044.1006338,2024,4409.0
2024-04-25,2024-04-22 15:23:00+05:30,2024-04-25 14:05:00+05:30,CALL,OOF_STACK,1.0,oof_stack_expiry_frozen,0.23540082481149682,0.5302426983178845,22550.0,22600.0,50,-5924.999999999996,93.8471551,-6018.847155099997,DELTA_EXIT,-11597.863893599988,6465.083895300009,18062.947788899997,2024,4242.0
2024-05-02,2024-04-26 09:20:00+05:30,2024-05-02 14:18:00+05:30,CALL,OOF_STACK,1.0,oof_stack_expiry_frozen,0.25044363001870806,0.03705625943189306,22800.0,22850.0,25,1830.0000000000014,58.8650464,1771.1349536000014,DELTA_EXIT,-9826.728939999986,6465.083895300009,16291.812835299996,2024,8938.0
2024-05-09,2024-05-03 09:20:00+05:30,2024-05-07 09:49:00+05:30,CALL,OOF_STACK,1.0,oof_stack_expiry_frozen,0.25200891602380426,0.03924857045086305,23000.0,23050.0,25,1702.5000000000014,61.28688085,1641.2131191500014,DELTA_EXIT,-8185.515820849985,6465.083895300009,14650.599716149994,2024,5789.0
2024-05-09,2024-05-07 09:50:00+05:30,2024-05-09 09:15:00+05:30,CALL,OOF_STACK,1.0,oof_stack_expiry_frozen,0.2552420947930718,0.028066118539766927,22650.0,22700.0,25,1635.0000000000007,59.482263700000004,1575.5177363000007,DELTA_EXIT,-6609.998084549985,6465.083895300009,13075.081979849994,2024,2845.0
2024-05-16,2024-05-10 09:20:00+05:30,2024-05-14 13:52:00+05:30,CALL,OOF_STACK,1.0,oof_stack_expiry_frozen,0.2667128532756191,0.5043970996146472,22250.0,22300.0,25,-1732.4999999999973,89.65813495,-1822.1581349499972,DELTA_EXIT,-8432.156219499982,6465.083895300009,14897.240114799992,2024,6032.0
2024-05-16,2024-05-14 13:53:00+05:30,2024-05-16 11:17:00+05:30,CALL,OOF_STACK,1.0,oof_stack_expiry_frozen,0.2732460824752727,0.039403609814916196,22400.0,22450.0,25,1709.9999999999995,57.5202274,1652.4797725999995,DELTA_EXIT,-6779.676446899983,6465.083895300009,13244.760342199992,2024,2724.0
2024-05-23,2024-05-17 09:20:00+05:30,2024-05-23 09:38:00+05:30,CALL,OOF_STACK,1.0,oof_stack_expiry_frozen,0.24862469741026427,0.501624618218214,22650.0,22700.0,25,-2002.499999999998,79.68362635,-2082.183626349998,DELTA_EXIT,-8861.86007324998,6465.083895300009,15326.94396854999,2024,8658.0
2024-05-30,2024-05-24 09:20:00+05:30,2024-05-29 14:08:00+05:30,CALL,OOF_STACK,1.0,oof_stack_expiry_frozen,0.26351146398365677,0.03985679079374771,23250.0,23300.0,25,1905.0000000000005,66.79719370000001,1838.2028063000005,DELTA_EXIT,-7023.657266949979,6465.083895300009,13488.74116224999,2024,7488.0
2024-05-30,2024-05-29 14:09:00+05:30,2024-05-30 11:09:00+05:30,CALL,OOF_STACK,1.0,oof_stack_expiry_frozen,0.2543065291661952,0.03888056268417417,22900.0,22950.0,25,1484.9999999999998,57.398169100000004,1427.6018308999999,DELTA_EXIT,-5596.055436049979,6465.083895300009,12061.139331349988,2024,1260.0
2024-06-06,2024-05-31 09:20:00+05:30,2024-06-06 15:29:00+05:30,CALL,OOF_STACK,1.0,oof_stack_expiry_frozen,0.24715023625596078,,23350.0,23400.0,25,-3225.000000000004,90.5301253,-3315.530125300004,CONTRACT_EXPIRY,-8911.585561349983,6465.083895300009,15376.669456649992,2024,9009.0
2024-06-13,2024-06-07 09:20:00+05:30,2024-06-07 12:47:00+05:30,CALL,OOF_STACK,1.0,oof_stack_expiry_frozen,0.24570418001071037,0.5001573556030685,23250.0,23300.0,25,-2280.0000000000027,125.78541039999999,-2405.7854104000025,DELTA_EXIT,-11317.370971749984,6465.083895300009,17782.454867049993,2024,207.0
2024-06-13,2024-06-07 12:48:00+05:30,2024-06-13 10:53:00+05:30,CALL,OOF_STACK,1.0,oof_stack_expiry_frozen,0.25360341297569855,0.039389725392699804,23600.0,23650.0,25,1695.0000000000018,68.53992489999999,1626.4600751000019,DELTA_EXIT,-9690.910896649983,6465.083895300009,16155.994791949992,2024,8525.0
2024-06-20,2024-06-14 09:20:00+05:30,2024-06-20 10:42:00+05:30,PUT,OOF_STACK,0.0,oof_stack_expiry_frozen,-0.2703134135898567,-0.03854519860089267,23200.0,23150.0,25,1417.5000000000005,62.85571734999999,1354.6442826500004,DELTA_EXIT,-8336.266613999982,6465.083895300009,14801.350509299991,2024,8722.0
2024-06-27,2024-06-21 09:20:00+05:30,2024-06-26 12:27:00+05:30,CALL,OOF_STACK,1.0,oof_stack_expiry_frozen,0.23125818763646477,0.514816138868547,23850.0,23900.0,25,-2242.499999999998,80.10831354999999,-2322.608313549998,DELTA_EXIT,-10658.87492754998,6465.083895300009,17123.95882284999,2024,7387.0
2024-06-27,2024-06-26 12:28:00+05:30,2024-06-27 12:14:00+05:30,CALL,OOF_STACK,1.0,oof_stack_expiry_frozen,0.24813231199260466,0.5126239826105365,24000.0,24050.0,25,-2129.999999999999,72.3077386,-2202.307738599999,DELTA_EXIT,-12861.182666149978,6465.083895300009,19326.266561449986,2024,1426.0
2024-07-04,2024-06-28 09:20:00+05:30,2024-07-04 09:16:00+05:30,CALL,OOF_STACK,1.0,oof_stack_expiry_frozen,0.26430558296348217,0.5122234718257983,24350.0,24400.0,25,-1162.499999999998,74.62814934999997,-1237.128149349998,DELTA_EXIT,-14098.310815499975,6465.083895300009,20563.394710799985,2024,8636.0
2024-07-11,2024-07-05 09:20:00+05:30,2024-07-11 12:04:00+05:30,CALL,OOF_STACK,1.0,oof_stack_expiry_frozen,0.22844404955945552,0.038572132921478874,24450.0,24500.0,25,1470.0000000000007,59.0197702,1410.9802298000006,DELTA_EXIT,-12687.330585699974,6465.083895300009,19152.414480999985,2024,8804.0
2024-07-18,2024-07-12 09:20:00+05:30,2024-07-12 11:01:00+05:30,CALL,OOF_STACK,1.0,oof_stack_expiry_frozen,0.2692879413434728,0.5315898449684426,24550.0,24600.0,25,-2310.000000000003,94.30250859999998,-2404.302508600003,DELTA_EXIT,-15091.633094299978,6465.083895300009,21556.716989599987,2024,101.0
2024-07-18,2024-07-12 11:02:00+05:30,2024-07-18 13:52:00+05:30,CALL,OOF_STACK,1.0,oof_stack_expiry_frozen,0.27479388428770846,0.5053354562240289,24750.0,24800.0,25,-1619.9999999999973,67.3332292,-1687.3332291999973,DELTA_EXIT,-16778.966323499975,6465.083895300009,23244.050218799985,2024,8810.0
2024-07-25,2024-07-19 09:20:00+05:30,2024-07-23 12:19:00+05:30,PUT,OOF_STACK,0.0,oof_stack_expiry_frozen,-0.25133121798507774,-0.5420676329241889,24350.0,24300.0,25,-2580.0000000000027,136.9821442,-2716.982144200003,DELTA_EXIT,-19495.94846769998,6465.083895300009,25961.032362999988,2024,5939.0
2024-07-25,2024-07-23 12:20:00+05:30,2024-07-24 09:21:00+05:30,PUT,OOF_STACK,0.0,oof_stack_expiry_frozen,-0.2594591811334488,-0.037646015532057486,23900.0,23850.0,25,1012.500000000002,72.57429265,939.9257073500021,DELTA_EXIT,-18556.022760349977,6465.083895300009,25021.106655649986,2024,1261.0
2024-07-25,2024-07-24 09:22:00+05:30,2024-07-25 09:16:00+05:30,PUT,OOF_STACK,0.0,oof_stack_expiry_frozen,-0.22453119318035908,-0.532854572236725,24250.0,24200.0,25,-2219.9999999999986,79.2950854,-2299.2950853999987,DELTA_EXIT,-20855.317845749974,6465.083895300009,27320.401741049984,2024,1434.0
2024-08-01,2024-07-26 09:20:00+05:30,2024-07-26 12:40:00+05:30,CALL,OOF_STACK,1.0,oof_stack_expiry_frozen,0.24935884130217634,0.5057665768840718,24700.0,24750.0,25,-2400.000000000004,99.00234219999999,-2499.002342200004,DELTA_EXIT,-23354.32018794998,6465.083895300009,29819.40408324999,2024,200.0
2024-08-01,2024-07-26 12:41:00+05:30,2024-07-29 09:15:00+05:30,CALL,OOF_STACK,1.0,oof_stack_expiry_frozen,0.2399080179801546,0.5102737751984803,24950.0,25000.0,25,-2317.5000000000027,92.08855524999998,-2409.5885552500026,DELTA_EXIT,-25763.908743199983,6465.083895300009,32228.992638499993,2024,4114.0
2024-08-01,2024-07-29 09:20:00+05:30,2024-08-01 13:23:00+05:30,CALL,OOF_STACK,1.0,oof_stack_expiry_frozen,0.2292019251382531,0.03960067897169095,25150.0,25200.0,25,1492.5000000000005,57.61399345,1434.8860065500005,DELTA_EXIT,-24329.022736649982,6465.083895300009,30794.10663194999,2024,4563.0
2024-08-08,2024-08-02 09:20:00+05:30,2024-08-05 09:15:00+05:30,PUT,OOF_STACK,0.0,oof_stack_expiry_frozen,-0.24645989246206512,-0.7141969953170051,24550.0,24500.0,25,-3487.500000000004,135.97492225,-3623.474922250004,DELTA_EXIT,-27952.497658899985,6465.083895300009,34417.58155419999,2024,4315.0
2024-08-08,2024-08-05 09:20:00+05:30,2024-08-05 11:20:00+05:30,PUT,OOF_STACK,0.0,oof_stack_expiry_frozen,-0.263947358101178,-0.5078374059559901,24000.0,23950.0,25,-1365.0000000000034,137.8672543,-1502.8672543000034,DELTA_EXIT,-29455.36491319999,6465.083895300009,35920.4488085,2024,120.0
2024-08-08,2024-08-05 11:21:00+05:30,2024-08-07 09:15:00+05:30,PUT,OOF_STACK,0.0,oof_stack_expiry_frozen,-0.25301876559263037,-0.033289512692231016,23400.0,23350.0,25,839.9999999999969,85.276549,754.7234509999969,DELTA_EXIT,-28700.64146219999,6465.083895300009,35165.7253575,2024,2754.0
2024-08-08,2024-08-07 09:20:00+05:30,2024-08-08 15:02:00+05:30,PUT,OOF_STACK,0.0,oof_stack_expiry_frozen,-0.26218251868996134,-0.03681542970663709,24100.0,24050.0,25,1147.5000000000018,58.88937595,1088.610624050002,DELTA_EXIT,-27612.03083814999,6465.083895300009,34077.11473345,2024,1782.0
2024-08-14,2024-08-09 09:20:00+05:30,2024-08-13 13:50:00+05:30,CALL,OOF_STACK,1.0,oof_stack_expiry_frozen,0.2407829941419628,0.03975195037195578,24650.0,24700.0,25,1665.0000000000005,62.55039309999999,1602.4496069000004,DELTA_EXIT,-26009.581231249987,6465.083895300009,32474.665126549997,2024,6030.0
2024-08-14,2024-08-13 13:51:00+05:30,2024-08-14 12:41:00+05:30,CALL,OOF_STACK,1.0,oof_stack_expiry_frozen,0.25929627696919866,0.03711694268842847,24350.0,24400.0,25,1439.999999999999,56.695771599999986,1383.3042283999991,DELTA_EXIT,-24626.277002849987,6465.083895300009,31091.360898149997,2024,1370.0
2024-08-22,2024-08-16 09:20:00+05:30,2024-08-19 09:15:00+05:30,CALL,OOF_STACK,1.0,oof_stack_expiry_frozen,0.2643955825447538,0.5430957040014801,24600.0,24650.0,25,-2084.9999999999995,95.71990569999998,-2180.7199056999993,DELTA_EXIT,-26806.996908549987,6465.083895300009,33272.080803849996,2024,4315.0
2024-08-22,2024-08-19 09:20:00+05:30,2024-08-22 09:15:00+05:30,CALL,OOF_STACK,1.0,oof_stack_expiry_frozen,0.2656250147232305,0.6060674029649278,24800.0,24850.0,25,-1447.4999999999977,70.76758705,-1518.2675870499977,DELTA_EXIT,-28325.264495599986,6465.083895300009,34790.34839089999,2024,4315.0
2024-08-29,2024-08-23 09:20:00+05:30,2024-08-27 11:19:00+05:30,CALL,OOF_STACK,1.0,oof_stack_expiry_frozen,0.2367581065250557,0.5193541814090423,25050.0,25100.0,25,-2324.999999999997,82.8742603,-2407.874260299997,DELTA_EXIT,-30733.13875589998,6465.083895300009,37198.22265119999,2024,5879.0
2024-08-29,2024-08-27 11:20:00+05:30,2024-08-29 14:42:00+05:30,CALL,OOF_STACK,1.0,oof_stack_expiry_frozen,0.2721583125123723,0.03915729687503233,25200.0,25250.0,25,1875.0,56.136174100000005,1818.8638259,DELTA_EXIT,-28914.27492999998,6465.083895300009,35379.35882529999,2024,3082.0
2024-09-05,2024-08-30 09:20:00+05:30,2024-09-05 10:30:00+05:30,CALL,OOF_STACK,1.0,oof_stack_expiry_frozen,0.2534232514131538,0.038537738007025424,25450.0,25500.0,25,1717.5000000000005,60.25782835,1657.2421716500005,DELTA_EXIT,-27257.032758349982,6465.083895300009,33722.116653649995,2024,8710.0
2024-09-12,2024-09-06 09:20:00+05:30,2024-09-11 14:00:00+05:30,CALL,OOF_STACK,1.0,oof_stack_expiry_frozen,0.2261668570610148,0.039104503193746365,25350.0,25400.0,25,1425.0000000000005,58.77211930000001,1366.2278807000005,DELTA_EXIT,-25890.80487764998,6465.083895300009,32355.88877294999,2024,7480.0
2024-09-12,2024-09-11 14:01:00+05:30,2024-09-12 14:03:00+05:30,CALL,OOF_STACK,1.0,oof_stack_expiry_frozen,0.27200212132775836,0.5166027542322169,25100.0,25150.0,25,-2287.499999999999,65.79107845,-2353.291078449999,DELTA_EXIT,-28244.09595609998,6465.083895300009,34709.17985139999,2024,1442.0
2024-09-19,2024-09-13 09:20:00+05:30,2024-09-19 09:40:00+05:30,CALL,OOF_STACK,1.0,oof_stack_expiry_frozen,0.23651041137315654,0.5082371262691852,25600.0,25650.0,25,-1769.9999999999973,70.9816978,-1840.9816977999972,DELTA_EXIT,-30085.077653899978,6465.083895300009,36550.161549199984,2024,8660.0
2024-09-26,2024-09-20 09:20:00+05:30,2024-09-20 12:46:00+05:30,CALL,OOF_STACK,1.0,oof_stack_expiry_frozen,0.23640786347788367,0.5109329562476383,25750.0,25800.0,25,-2070.0000000000036,96.4547188,-2166.454718800004,DELTA_EXIT,-32251.53237269998,6465.083895300009,38716.61626799999,2024,206.0
2024-09-26,2024-09-20 12:47:00+05:30,2024-09-25 15:10:00+05:30,CALL,OOF_STACK,1.0,oof_stack_expiry_frozen,0.2603135119942943,0.5044973135944311,26000.0,26050.0,25,-1469.9999999999984,74.22661360000001,-1544.2266135999985,DELTA_EXIT,-33795.75898629998,6465.083895300009,40260.842881599994,2024,7343.0
2024-09-26,2024-09-25 15:11:00+05:30,2024-09-26 14:36:00+05:30,CALL,OOF_STACK,1.0,oof_stack_expiry_frozen,0.21660926198864427,0.5411826330254137,26150.0,26200.0,25,-3030.0000000000005,68.99456439999999,-3098.9945644000004,DELTA_EXIT,-36894.753550699985,6465.083895300009,43359.83744599999,2024,1405.0
2024-10-03,2024-09-27 09:20:00+05:30,2024-10-01 09:16:00+05:30,CALL,OOF_STACK,1.0,oof_stack_expiry_frozen,0.23178757327813826,0.03874023702048368,26500.0,26550.0,25,1440.0000000000014,61.018503849999995,1378.9814961500015,DELTA_EXIT,-35515.77205454998,6465.083895300009,41980.855949849996,2024,5756.0
2024-10-03,2024-10-01 09:20:00+05:30,2024-10-03 09:15:00+05:30,CALL,OOF_STACK,1.0,oof_stack_expiry_frozen,0.27134424383012634,0.022674205177452444,26050.0,26100.0,25,1477.5000000000014,60.17311148499999,1417.3268885150014,DELTA_EXIT,-34098.44516603498,6465.083895300009,40563.52906133499,2024,2875.0
2024-10-10,2024-10-04 09:20:00+05:30,2024-10-09 14:28:00+05:30,CALL,OOF_STACK,1.0,oof_stack_expiry_frozen,0.263916812640522,0.03872553402024159,25500.0,25550.0,25,1965.0000000000014,70.01411758,1894.9858824200014,DELTA_EXIT,-32203.45928361498,6465.083895300009,38668.54317891499,2024,7508.0
2024-10-10,2024-10-09 14:29:00+05:30,2024-10-10 13:52:00+05:30,CALL,OOF_STACK,1.0,oof_stack_expiry_frozen,0.2298014963390459,0.039933449143555566,25200.0,25250.0,25,1109.9999999999993,54.99264067,1055.0073593299994,DELTA_EXIT,-31148.45192428498,6465.083895300009,37613.535819584984,2024,1403.0
2024-10-17,2024-10-11 09:20:00+05:30,2024-10-17 09:34:00+05:30,CALL,OOF_STACK,1.0,oof_stack_expiry_frozen,0.24861132089160487,0.037535738970412735,25250.0,25300.0,25,1687.500000000001,64.694887135,1622.8051128650009,DELTA_EXIT,-29525.646811419978,6465.083895300009,35990.73070671999,2024,8654.0
2024-10-24,2024-10-18 09:20:00+05:30,2024-10-24 14:35:00+05:30,PUT,OOF_STACK,0.0,oof_stack_expiry_frozen,-0.2518221024864853,-0.038803837956001286,24300.0,24250.0,25,1245.0000000000027,66.49379632,1178.5062036800027,DELTA_EXIT,-28347.140607739973,6465.083895300009,34812.22450303998,2024,8955.0
2024-10-31,2024-10-25 09:20:00+05:30,2024-10-30 15:14:00+05:30,CALL,OOF_STACK,1.0,oof_stack_expiry_frozen,0.23289713293608671,0.039374566193150384,24700.0,24750.0,25,1455.0000000000016,61.881058960000004,1393.1189410400016,DELTA_EXIT,-26954.021666699973,6465.083895300009,33419.10556199998,2024,7554.0
2024-10-31,2024-10-30 15:15:00+05:30,2024-10-31 12:24:00+05:30,CALL,OOF_STACK,1.0,oof_stack_expiry_frozen,0.28971873648419,0.03880912507939194,24450.0,24500.0,25,1927.5000000000007,57.136051165,1870.3639488350007,DELTA_EXIT,-25083.65771786497,6465.083895300009,31548.74161316498,2024,1269.0
2024-11-14,2024-11-08 09:20:00+05:30,2024-11-13 09:39:00+05:30,CALL,OOF_STACK,1.0,oof_stack_expiry_frozen,0.23557663290116815,0.03817821639793151,24400.0,24450.0,25,1672.4999999999995,64.589391565,1607.9106084349996,DELTA_EXIT,-23475.747109429973,6465.083895300009,29940.831004729982,2024,7219.0
2024-11-14,2024-11-13 09:40:00+05:30,2024-11-14 09:28:00+05:30,CALL,OOF_STACK,1.0,oof_stack_expiry_frozen,0.23601562853912894,0.03863089429487787,24000.0,24050.0,25,1312.5,58.760093035000004,1253.739906965,DELTA_EXIT,-22222.00720246497,6465.083895300009,28687.09109776498,2024,1428.0
2024-11-28,2024-11-22 09:20:00+05:30,2024-11-22 13:00:00+05:30,CALL,OOF_STACK,1.0,oof_stack_expiry_frozen,0.2690680344984877,0.5013156931512168,23700.0,23750.0,25,-1642.5000000000027,122.16652574499999,-1764.6665257450027,DELTA_EXIT,-23986.673728209975,6465.083895300009,30451.757623509984,2024,220.0
2024-11-28,2024-11-22 13:01:00+05:30,2024-11-25 09:15:00+05:30,CALL,OOF_STACK,1.0,oof_stack_expiry_frozen,0.24828346124783796,0.702206185201211,24050.0,24100.0,25,-3202.5000000000123,150.87609674499998,-3353.376096745012,DELTA_EXIT,-27340.049824954986,6465.083895300009,33805.13372025499,2024,4094.0
2024-11-28,2024-11-25 09:20:00+05:30,2024-11-28 10:40:00+05:30,CALL,OOF_STACK,1.0,oof_stack_expiry_frozen,0.25949989995299716,0.03625007230358557,24550.0,24600.0,25,1575.0,66.27499555000001,1508.72500445,DELTA_EXIT,-25831.324820504986,6465.083895300009,32296.408715804995,2024,4400.0
2024-12-05,2024-11-29 09:20:00+05:30,2024-12-03 10:16:00+05:30,CALL,OOF_STACK,1.0,oof_stack_expiry_frozen,0.23590168190119964,0.5126856105906091,24350.0,24400.0,25,-2032.4999999999995,100.59335450500001,-2133.0933545049998,DELTA_EXIT,-27964.418175009985,6465.083895300009,34429.502070309994,2024,5816.0
2024-12-05,2024-12-03 10:17:00+05:30,2024-12-05 12:12:00+05:30,CALL,OOF_STACK,1.0,oof_stack_expiry_frozen,0.22808932621486178,0.5058431322396673,24600.0,24650.0,25,-2587.499999999998,88.17289184500001,-2675.672891844998,DELTA_EXIT,-30640.091066854984,6465.083895300009,37105.174962155,2024,2995.0
2024-12-12,2024-12-06 09:20:00+05:30,2024-12-11 09:50:00+05:30,CALL,OOF_STACK,1.0,oof_stack_expiry_frozen,0.2452668841791379,0.03898696492777698,25100.0,25150.0,25,1657.5000000000018,70.34906717499999,1587.1509328250017,DELTA_EXIT,-29052.94013402998,6465.083895300009,35518.02402932999,2024,7230.0
2024-12-12,2024-12-11 09:51:00+05:30,2024-12-12 14:07:00+05:30,CALL,OOF_STACK,1.0,oof_stack_expiry_frozen,0.2638507284348185,0.039213017892520075,24750.0,24800.0,25,1402.5000000000007,57.35849750499999,1345.1415024950006,DELTA_EXIT,-27707.79863153498,6465.083895300009,34172.88252683499,2024,1696.0
2024-12-19,2024-12-13 09:20:00+05:30,2024-12-13 13:52:00+05:30,CALL,OOF_STACK,1.0,oof_stack_expiry_frozen,0.2594958442155765,0.5080603725452061,24750.0,24800.0,25,-2385.000000000003,108.44139996999999,-2493.441399970003,DELTA_EXIT,-30201.240031504985,6465.083895300009,36666.323926804995,2024,272.0
2024-12-19,2024-12-13 13:53:00+05:30,2024-12-18 10:04:00+05:30,CALL,OOF_STACK,1.0,oof_stack_expiry_frozen,0.2560661191670863,0.039616684523025913,25000.0,25050.0,25,1695.0000000000007,64.74763492,1630.2523650800008,DELTA_EXIT,-28570.987666424986,6465.083895300009,35036.071561724995,2024,6971.0
2024-12-19,2024-12-18 10:05:00+05:30,2024-12-19 10:49:00+05:30,CALL,OOF_STACK,1.0,oof_stack_expiry_frozen,0.2529439150847015,0.03942145843262157,24450.0,24500.0,25,1065.0000000000018,59.980064739999996,1005.0199352600018,DELTA_EXIT,-27565.967731164983,6465.083895300009,34031.05162646499,2024,1484.0
2024-12-26,2024-12-20 09:20:00+05:30,2024-12-24 09:32:00+05:30,CALL,OOF_STACK,1.0,oof_stack_expiry_frozen,0.2470146248560139,0.03892684905957455,24300.0,24350.0,25,1425.0,69.59787097,1355.40212903,DELTA_EXIT,-26210.565602134982,6465.083895300009,32675.64949743499,2024,5772.0
2024-12-26,2024-12-24 09:33:00+05:30,2024-12-26 14:09:00+05:30,CALL,OOF_STACK,1.0,oof_stack_expiry_frozen,0.22711094939381637,0.0389377335159653,23900.0,23950.0,25,1072.4999999999993,55.514666305000006,1016.9853336949993,DELTA_EXIT,-25193.580268439982,6465.083895300009,31658.66416373999,2024,3156.0
2025-01-02,2024-12-27 09:20:00+05:30,2024-12-31 10:12:00+05:30,CALL,OOF_STACK,1.0,oof_stack_expiry_frozen,0.238717774783331,0.039827515434258554,24150.0,24200.0,75,4860.000000000002,101.16499377999999,4758.835006220002,DELTA_EXIT,-20434.74526221998,6465.083895300009,26899.82915751999,2024,5812.0
2025-01-02,2024-12-31 10:13:00+05:30,2025-01-01 10:49:00+05:30,CALL,OOF_STACK,1.0,oof_stack_expiry_frozen,0.2585361047319261,0.5141660210042458,23700.0,23750.0,75,-7987.500000000007,212.525025835,-8200.025025835008,DELTA_EXIT,-28634.77028805499,6465.083895300009,35099.854183355,2025,1476.0
2025-01-02,2025-01-01 10:50:00+05:30,2025-01-02 12:25:00+05:30,CALL,OOF_STACK,1.0,oof_stack_expiry_frozen,0.23649557921847986,0.500312474953185,24000.0,24050.0,75,-6209.999999999989,150.64521637,-6360.645216369989,DELTA_EXIT,-34995.41550442498,6465.083895300009,41460.499399724984,2025,1535.0
2025-01-09,2025-01-03 09:20:00+05:30,2025-01-07 09:46:00+05:30,CALL,OOF_STACK,1.0,oof_stack_expiry_frozen,0.26048210536457805,0.039159067746891596,24450.0,24500.0,75,4972.5000000000055,105.66052919500001,4866.8394708050055,DELTA_EXIT,-30128.576033619975,6465.083895300009,36593.65992891998,2025,5786.0
2025-01-09,2025-01-07 09:47:00+05:30,2025-01-08 12:31:00+05:30,CALL,OOF_STACK,1.0,oof_stack_expiry_frozen,0.23644950993561042,0.038721691276449866,24000.0,24050.0,75,4455.000000000003,91.32892140999999,4363.671078590003,DELTA_EXIT,-25764.90495502997,6465.083895300009,32229.98885032998,2025,1604.0
2025-01-09,2025-01-08 12:32:00+05:30,2025-01-08 13:51:00+05:30,CALL,OOF_STACK,1.0,oof_stack_expiry_frozen,0.25524326554419496,0.524617394849725,23650.0,23700.0,75,-6299.999999999997,131.57483881000002,-6431.574838809997,DELTA_EXIT,-32196.479793839968,6465.083895300009,38661.56368913998,2025,79.0
2025-01-09,2025-01-08 13:52:00+05:30,2025-01-09 12:06:00+05:30,CALL,OOF_STACK,1.0,oof_stack_expiry_frozen,0.2483861789425562,0.037755618132167656,23800.0,23850.0,75,3532.500000000001,73.517515285,3458.9824847150007,DELTA_EXIT,-28737.497309124967,6465.083895300009,35202.581204424976,2025,1334.0
2025-01-16,2025-01-10 09:20:00+05:30,2025-01-13 14:23:00+05:30,CALL,OOF_STACK,1.0,oof_stack_expiry_frozen,0.2364975293481829,0.039845227032985986,23900.0,23950.0,75,4657.500000000004,99.53033093500001,4557.9696690650035,DELTA_EXIT,-24179.52764005996,6465.083895300009,30644.61153535997,2025,4623.0
2025-01-16,2025-01-13 14:24:00+05:30,2025-01-16 09:32:00+05:30,CALL,OOF_STACK,1.0,oof_stack_expiry_frozen,0.2545159326974913,0.5333869162552348,23350.0,23400.0,75,-337.4999999999968,108.641657155,-446.14165715499684,DELTA_EXIT,-24625.669297214958,6465.083895300009,31090.753192514967,2025,4028.0
2025-01-23,2025-01-17 09:20:00+05:30,2025-01-22 13:40:00+05:30,CALL,OOF_STACK,1.0,oof_stack_expiry_frozen,0.24935835953436403,0.03958829427226962,23500.0,23550.0,75,4702.500000000002,104.393026885,4598.106973115002,DELTA_EXIT,-20027.562324099956,6465.083895300009,26492.646219399965,2025,7460.0
2025-01-23,2025-01-22 13:41:00+05:30,2025-01-22 14:57:00+05:30,CALL,OOF_STACK,1.0,oof_stack_expiry_frozen,0.22132176615308297,0.5137840947043136,23150.0,23200.0,75,-7402.5,114.139172515,-7516.639172515,DELTA_EXIT,-27544.201496614955,6465.083895300009,34009.285391914964,2025,76.0
2025-01-23,2025-01-22 14:58:00+05:30,2025-01-23 14:41:00+05:30,CALL,OOF_STACK,1.0,oof_stack_expiry_frozen,0.20897019825571617,0.03714669556756789,23300.0,23350.0,75,2654.999999999999,63.81008392,2591.189916079999,DELTA_EXIT,-24953.011580534956,6465.083895300009,31418.095475834965,2025,1423.0
2025-01-30,2025-01-24 09:20:00+05:30,2025-01-28 14:52:00+05:30,CALL,OOF_STACK,1.0,oof_stack_expiry_frozen,0.2422553220381043,0.03918308783751179,23600.0,23650.0,25,1567.5000000000014,65.703081895,1501.7969181050014,DELTA_EXIT,-23451.214662429953,6465.083895300009,29916.298557729962,2025,6092.0
2025-01-30,2025-01-28 14:53:00+05:30,2025-01-30 10:05:00+05:30,CALL,OOF_STACK,1.0,oof_stack_expiry_frozen,0.22809071009441384,0.5059195313826134,23250.0,23300.0,25,-1694.9999999999986,81.38654245,-1776.3865424499986,DELTA_EXIT,-25227.601204879953,6465.083895300009,31692.685100179962,2025,2592.0
2025-02-06,2025-01-31 09:20:00+05:30,2025-02-06 12:31:00+05:30,CALL,OOF_STACK,1.0,oof_stack_expiry_frozen,0.2529031078725291,0.03608231607759127,23850.0,23900.0,75,6030.000000000009,146.39474011000001,5883.605259890009,DELTA_EXIT,-19343.995944989943,6465.083895300009,25809.079840289953,2025,8831.0
2025-02-13,2025-02-07 09:20:00+05:30,2025-02-11 09:52:00+05:30,CALL,OOF_STACK,1.0,oof_stack_expiry_frozen,0.23398646355221697,0.03970755957347083,23950.0,24000.0,75,4680.0000000000055,105.16086318999999,4574.839136810006,DELTA_EXIT,-14769.156808179938,6465.083895300009,21234.240703479947,2025,5792.0
2025-02-13,2025-02-11 09:53:00+05:30,2025-02-12 09:29:00+05:30,CALL,OOF_STACK,1.0,oof_stack_expiry_frozen,0.22975723222510835,0.03887279171619629,23550.0,23600.0,75,3937.5000000000036,85.92135398500001,3851.5786460150034,DELTA_EXIT,-10917.578162164935,6465.083895300009,17382.662057464942,2025,1416.0
2025-02-13,2025-02-12 09:30:00+05:30,2025-02-13 09:53:00+05:30,CALL,OOF_STACK,1.0,oof_stack_expiry_frozen,0.26540985174003306,0.5449506959846603,23150.0,23200.0,75,-6097.499999999995,134.682810205,-6232.182810204996,DELTA_EXIT,-17149.76097236993,6465.083895300009,23614.84486766994,2025,1463.0
2025-02-20,2025-02-14 09:20:00+05:30,2025-02-19 09:16:00+05:30,CALL,OOF_STACK,1.0,oof_stack_expiry_frozen,0.24762325904506688,0.03860172322279698,23400.0,23450.0,75,4725.0,102.61492185999998,4622.38507814,DELTA_EXIT,-12527.375894229932,6465.083895300009,18992.45978952994,2025,7196.0
2025-02-20,2025-02-19 09:20:00+05:30,2025-02-19 10:30:00+05:30,CALL,OOF_STACK,1.0,oof_stack_expiry_frozen,0.2459992120851775,0.5012343999382656,23050.0,23100.0,75,-6187.5,160.73776880499997,-6348.237768805,DELTA_EXIT,-18875.613663034932,6465.083895300009,25340.69755833494,2025,70.0
2025-02-20,2025-02-19 10:31:00+05:30,2025-02-20 09:47:00+05:30,CALL,OOF_STACK,1.0,oof_stack_expiry_frozen,0.2733375498220587,0.039555647058067134,23200.0,23250.0,75,5040.000000000002,84.16191460000002,4955.838085400002,DELTA_EXIT,-13919.77557763493,6465.083895300009,20384.85947293494,2025,1396.0
2025-02-27,2025-02-21 09:20:00+05:30,2025-02-24 13:38:00+05:30,CALL,OOF_STACK,1.0,oof_stack_expiry_frozen,0.24380169352456194,0.03890961535598492,23200.0,23250.0,75,4725.000000000004,97.43729467000001,4627.562705330004,DELTA_EXIT,-9292.212872304925,6465.083895300009,15757.296767604934,2025,4578.0
2025-02-27,2025-02-24 13:39:00+05:30,2025-02-27 11:12:00+05:30,CALL,OOF_STACK,1.0,oof_stack_expiry_frozen,0.242467523897118,0.03947321979420204,22750.0,22800.0,75,4770.000000000004,82.64184511000002,4687.358154890004,DELTA_EXIT,-4604.854717414921,6465.083895300009,11069.93861271493,2025,4173.0
2025-03-06,2025-02-28 09:20:00+05:30,2025-03-03 09:48:00+05:30,PUT,OOF_STACK,0.0,oof_stack_expiry_frozen,-0.24816338863836052,-0.506839675136511,22100.0,22050.0,75,-5197.500000000002,176.91917849500004,-5374.419178495002,DELTA_EXIT,-9979.273895909922,6465.083895300009,16444.35779120993,2025,4348.0
2025-03-06,2025-03-03 09:49:00+05:30,2025-03-05 11:41:00+05:30,PUT,OOF_STACK,0.0,oof_stack_expiry_frozen,-0.23313614119325,-0.03975622850121929,21850.0,21800.0,75,3532.500000000001,86.52472505499999,3445.975274945001,DELTA_EXIT,-6533.298620964922,6465.083895300009,12998.38251626493,2025,2992.0
2025-03-06,2025-03-05 11:42:00+05:30,2025-03-06 13:04:00+05:30,PUT,OOF_STACK,0.0,oof_stack_expiry_frozen,-0.27014602274545796,-0.037569735020340556,22200.0,22150.0,75,3937.5000000000014,77.03940815500002,3860.4605918450015,DELTA_EXIT,-2672.83802911992,6465.083895300009,9137.92192441993,2025,1522.0
2025-03-13,2025-03-07 09:20:00+05:30,2025-03-12 11:04:00+05:30,CALL,OOF_STACK,1.0,oof_stack_expiry_frozen,0.25066176613872226,0.039588098054947674,22800.0,22850.0,75,4950.000000000004,94.43142445000001,4855.5685755500035,DELTA_EXIT,2182.7305464300835,6465.083895300009,4282.353348869926,2025,7304.0
2025-03-13,2025-03-12 11:05:00+05:30,2025-03-13 10:15:00+05:30,CALL,OOF_STACK,1.0,oof_stack_expiry_frozen,0.22411776719602194,0.5092420906592018,22550.0,22600.0,75,-3285.0000000000014,83.02881216999998,-3368.0288121700014,DELTA_EXIT,-1185.298265739918,6465.083895300009,7650.382161039927,2025,1390.0
2025-03-27,2025-03-21 09:20:00+05:30,2025-03-21 12:57:00+05:30,CALL,OOF_STACK,1.0,oof_stack_expiry_frozen,0.27059454041460507,0.5029929411187644,23400.0,23450.0,75,-6187.5,201.443179315,-6388.943179315,DELTA_EXIT,-7574.241445054918,6465.083895300009,14039.325340354928,2025,217.0
2025-03-27,2025-03-21 12:58:00+05:30,2025-03-24 12:30:00+05:30,CALL,OOF_STACK,1.0,oof_stack_expiry_frozen,0.23780040992945228,0.5016847148060963,23650.0,23700.0,75,-5962.500000000006,189.176512495,-6151.676512495006,DELTA_EXIT,-13725.917957549924,6465.083895300009,20191.001852849935,2025,4292.0
2025-03-27,2025-03-24 12:31:00+05:30,2025-03-27 09:15:00+05:30,CALL,OOF_STACK,1.0,oof_stack_expiry_frozen,0.24063276675550727,0.03450834378250267,23900.0,23950.0,75,3937.5000000000036,90.00452339499999,3847.4954766050037,DELTA_EXIT,-9878.42248094492,6465.083895300009,16343.50637624493,2025,4124.0
2025-04-03,2025-03-28 09:20:00+05:30,2025-04-01 10:31:00+05:30,CALL,OOF_STACK,1.0,oof_stack_expiry_frozen,0.25205342523900875,0.039872670792223563,23900.0,23950.0,75,4410.000000000002,104.01964447,4305.980355530002,DELTA_EXIT,-5572.442125414918,6465.083895300009,12037.526020714928,2025,5831.0
2025-04-03,2025-04-01 10:32:00+05:30,2025-04-03 09:15:00+05:30,CALL,OOF_STACK,1.0,oof_stack_expiry_frozen,0.23077811268415127,0.037367001522140675,23500.0,23550.0,75,4477.5,79.40603465500001,4398.093965345,DELTA_EXIT,-1174.3481600699188,6465.083895300009,7639.432055369928,2025,2803.0
2025-09-09,2025-09-03 09:20:00+05:30,2025-09-04 09:15:00+05:30,CALL,OOF_STACK,1.0,oof_stack_expiry_frozen,0.2310208886425854,0.6015566431575516,24800.0,24850.0,75,-9135.000000000011,201.21333592000002,-9336.21333592001,DELTA_EXIT,-10510.561495989929,6465.083895300009,16975.645391289938,2025,1435.0
2025-09-09,2025-09-04 09:20:00+05:30,2025-09-09 12:06:00+05:30,CALL,OOF_STACK,1.0,oof_stack_expiry_frozen,0.25940653973151295,0.03766471237313174,25050.0,25100.0,75,4725.0,83.79866695,4641.20133305,DELTA_EXIT,-5869.360162939928,6465.083895300009,12334.444058239937,2025,7366.0
2025-09-16,2025-09-10 09:20:00+05:30,2025-09-16 12:37:00+05:30,CALL,OOF_STACK,1.0,oof_stack_expiry_frozen,0.2244806775662913,0.5064549814236411,25200.0,25250.0,75,-5152.499999999998,94.183157515,-5246.683157514998,DELTA_EXIT,-11116.043320454926,6465.083895300009,17581.127215754936,2025,8837.0
2025-09-23,2025-09-17 09:20:00+05:30,2025-09-23 09:16:00+05:30,CALL,OOF_STACK,1.0,oof_stack_expiry_frozen,0.27084177598161707,0.038890799012969324,25500.0,25550.0,75,5625.0,89.91792849999999,5535.0820715,DELTA_EXIT,-5580.961248954926,6465.083895300009,12046.045144254935,2025,8636.0
2025-09-30,2025-09-24 09:20:00+05:30,2025-09-26 14:08:00+05:30,CALL,OOF_STACK,1.0,oof_stack_expiry_frozen,0.2610792859428108,0.039359281776355504,25300.0,25350.0,75,5129.999999999999,93.29798308,5036.702016919999,DELTA_EXIT,-544.2592320349277,6465.083895300009,7009.343127334937,2025,3168.0
2025-09-30,2025-09-26 14:09:00+05:30,2025-09-30 13:23:00+05:30,CALL,OOF_STACK,1.0,oof_stack_expiry_frozen,0.24005033515473273,0.039023627130435834,24850.0,24900.0,75,3915.0000000000014,78.22818976,3836.7718102400013,DELTA_EXIT,3292.5125782050736,6465.083895300009,3172.5713170949357,2025,5714.0
2025-10-07,2025-10-01 09:20:00+05:30,2025-10-01 14:43:00+05:30,CALL,OOF_STACK,1.0,oof_stack_expiry_frozen,0.24700840268368895,0.5156659804697101,24850.0,24900.0,75,-7289.9999999999945,164.22308392000002,-7454.223083919995,DELTA_EXIT,-4161.710505714921,6465.083895300009,10626.79440101493,2025,323.0
2025-10-07,2025-10-01 14:44:00+05:30,2025-10-06 13:07:00+05:30,CALL,OOF_STACK,1.0,oof_stack_expiry_frozen,0.2224337280754879,0.5068617730502994,25050.0,25100.0,75,-6322.499999999997,109.737912505,-6432.237912504997,DELTA_EXIT,-10593.94841821992,6465.083895300009,17059.03231351993,2025,7103.0
2025-10-07,2025-10-06 13:08:00+05:30,2025-10-07 09:47:00+05:30,CALL,OOF_STACK,1.0,oof_stack_expiry_frozen,0.26501023918002065,0.5156930850670034,25150.0,25200.0,75,-6007.499999999999,92.67402473499997,-6100.174024734999,DELTA_EXIT,-16694.12244295492,6465.083895300009,23159.206338254928,2025,1239.0
2025-10-14,2025-10-08 09:20:00+05:30,2025-10-14 12:28:00+05:30,CALL,OOF_STACK,1.0,oof_stack_expiry_frozen,0.25968131289135166,0.03931663274791475,25350.0,25400.0,75,4882.500000000001,86.421773515,4796.078226485001,DELTA_EXIT,-11898.044216469916,6465.083895300009,18363.128111769925,2025,8828.0
2025-11-04,2025-10-29 09:20:00+05:30,2025-11-03 09:15:00+05:30,CALL,OOF_STACK,1.0,oof_stack_expiry_frozen,0.24724520764377056,0.031979646864329414,26300.0,26350.0,75,5085.0000000000055,102.83161639000001,4982.168383610006,DELTA_EXIT,-6915.875832859911,6465.083895300009,13380.95972815992,2025,7195.0
2025-11-04,2025-11-03 09:20:00+05:30,2025-11-04 12:28:00+05:30,CALL,OOF_STACK,1.0,oof_stack_expiry_frozen,0.2362563689494086,0.03957342418771759,25900.0,25950.0,75,3847.5,78.595350295,3768.904649705,DELTA_EXIT,-3146.9711831549107,6465.083895300009,9612.05507845492,2025,1628.0
2025-11-18,2025-11-12 09:20:00+05:30,2025-11-18 14:26:00+05:30,CALL,OOF_STACK,1.0,oof_stack_expiry_frozen,0.2455782887405673,0.0353463135098,26100.0,26150.0,75,5400.000000000004,93.89197290999999,5306.108027090004,DELTA_EXIT,2159.136843935093,6465.083895300009,4305.947051364916,2025,8946.0
2025-11-25,2025-11-19 09:20:00+05:30,2025-11-20 12:00:00+05:30,CALL,OOF_STACK,1.0,oof_stack_expiry_frozen,0.24349266042550188,0.503129633707321,26150.0,26200.0,75,-6862.5,187.098325825,-7049.598325825,DELTA_EXIT,-4890.461481889906,6465.083895300009,11355.545377189916,2025,1600.0
2025-11-25,2025-11-20 12:01:00+05:30,2025-11-24 15:21:00+05:30,CALL,OOF_STACK,1.0,oof_stack_expiry_frozen,0.26061452997778034,0.03972478304186866,26350.0,26400.0,75,5445.000000000004,87.85218559,5357.147814410004,DELTA_EXIT,466.6863325200975,6465.083895300009,5998.397562779912,2025,5960.0
2025-11-25,2025-11-24 15:22:00+05:30,2025-11-25 14:27:00+05:30,CALL,OOF_STACK,1.0,oof_stack_expiry_frozen,0.21612849095884823,0.031243547947295558,26100.0,26150.0,75,3892.499999999999,67.79888108499999,3824.701118914999,DELTA_EXIT,4291.387451435096,6465.083895300009,2173.696443864913,2025,1385.0
2025-12-02,2025-11-26 09:20:00+05:30,2025-11-27 09:19:00+05:30,CALL,OOF_STACK,1.0,oof_stack_expiry_frozen,0.23095302099929294,0.5048996283137503,26250.0,26300.0,75,-7560.0000000000055,190.94844405999999,-7750.948444060005,DELTA_EXIT,-3459.560992624909,6465.083895300009,9924.644887924918,2025,1439.0
2025-12-02,2025-11-27 09:20:00+05:30,2025-12-02 09:15:00+05:30,CALL,OOF_STACK,1.0,oof_stack_expiry_frozen,0.2752175374057684,0.028650619450815706,26450.0,26500.0,75,5805.000000000003,92.06786047,5712.932139530003,DELTA_EXIT,2253.371146905094,6465.083895300009,4211.712748394915,2025,7195.0
2025-12-09,2025-12-03 09:20:00+05:30,2025-12-09 09:15:00+05:30,CALL,OOF_STACK,1.0,oof_stack_expiry_frozen,0.2684367338630169,0.031001551889360823,26250.0,26300.0,75,5512.500000000004,95.81974199500002,5416.680258005003,DELTA_EXIT,7670.0514049100975,7670.0514049100975,0.0,2025,8635.0
2025-12-16,2025-12-10 09:20:00+05:30,2025-12-16 11:42:00+05:30,CALL,OOF_STACK,1.0,oof_stack_expiry_frozen,0.24046672434891037,0.03989615250099943,26100.0,26150.0,75,4635.000000000002,87.50143011999998,4547.498569880002,DELTA_EXIT,12217.5499747901,12217.5499747901,0.0,2025,8782.0
2025-12-23,2025-12-17 09:20:00+05:30,2025-12-22 09:20:00+05:30,CALL,OOF_STACK,1.0,oof_stack_expiry_frozen,0.2615788280454714,0.517356504188924,26100.0,26150.0,75,-6074.999999999994,141.44989477,-6216.449894769994,DELTA_EXIT,6001.100080020105,12217.5499747901,6216.449894769994,2025,7200.0
2025-12-23,2025-12-22 09:21:00+05:30,2025-12-23 14:43:00+05:30,CALL,OOF_STACK,1.0,oof_stack_expiry_frozen,0.22370598049166823,0.034438416605174105,26250.0,26300.0,75,4004.9999999999986,64.50692845,3940.4930715499986,DELTA_EXIT,9941.593151570105,12217.5499747901,2275.9568232199945,2025,1762.0
2025-12-30,2025-12-24 09:20:00+05:30,2025-12-29 09:15:00+05:30,CALL,OOF_STACK,1.0,oof_stack_expiry_frozen,0.23956815192954328,0.036856414940547144,26400.0,26450.0,75,4455.000000000003,79.96339831000002,4375.0366016900025,DELTA_EXIT,14316.629753260107,14316.629753260107,0.0,2025,7195.0
2025-12-30,2025-12-29 09:20:00+05:30,2025-12-30 09:22:00+05:30,CALL,OOF_STACK,1.0,oof_stack_expiry_frozen,0.25615161648473683,0.03963652865779199,26150.0,26200.0,75,4027.5,66.854087365,3960.645912635,DELTA_EXIT,18277.275665895108,18277.275665895108,0.0,2025,1442.0
2026-01-06,2025-12-31 09:20:00+05:30,2026-01-02 09:27:00+05:30,CALL,OOF_STACK,1.0,oof_stack_expiry_frozen,0.26660021661811384,0.5014379144570509,26200.0,26250.0,65,-4913.999999999998,124.274344828,-5038.274344827998,DELTA_EXIT,13239.00132106711,18277.275665895108,5038.274344827998,2026,2887.0
2026-01-06,2026-01-02 09:28:00+05:30,2026-01-05 10:18:00+05:30,CALL,OOF_STACK,1.0,oof_stack_expiry_frozen,0.22341636309031365,0.5216691979220776,26350.0,26400.0,65,-6103.499999999999,98.141848165,-6201.641848164999,DELTA_EXIT,7037.359472902111,18277.275665895108,11239.916192992998,2026,4370.0
2026-01-06,2026-01-05 10:19:00+05:30,2026-01-06 09:16:00+05:30,CALL,OOF_STACK,1.0,oof_stack_expiry_frozen,0.2664151175151076,0.038629181601874896,26450.0,26500.0,65,3821.999999999999,64.047741586,3757.952258413999,DELTA_EXIT,10795.31173131611,18277.275665895108,7481.963934578998,2026,1377.0
2026-01-13,2026-01-07 09:20:00+05:30,2026-01-08 11:58:00+05:30,PUT,OOF_STACK,0.0,oof_stack_expiry_frozen,-0.22748129724903376,-0.5174506951291287,25950.0,25900.0,65,-4601.999999999996,126.43217075800001,-4728.432170757997,DELTA_EXIT,6066.879560558113,18277.275665895108,12210.396105336995,2026,1598.0
2026-01-13,2026-01-08 11:59:00+05:30,2026-01-09 11:14:00+05:30,PUT,OOF_STACK,0.0,oof_stack_expiry_frozen,-0.27881780043838345,-0.500755686606535,25800.0,25750.0,65,-3412.4999999999986,119.07425935299999,-3531.5742593529985,DELTA_EXIT,2535.305301205114,18277.275665895108,15741.970364689994,2026,1395.0
2026-01-13,2026-01-09 11:15:00+05:30,2026-01-09 14:41:00+05:30,PUT,OOF_STACK,0.0,oof_stack_expiry_frozen,-0.22926440702965012,-0.5350800892566521,25650.0,25600.0,65,-5050.500000000002,117.29481735099999,-5167.794817351002,DELTA_EXIT,-2632.489516145888,18277.275665895108,20909.765182040996,2026,206.0
2026-01-13,2026-01-09 14:42:00+05:30,2026-01-12 11:30:00+05:30,PUT,OOF_STACK,0.0,oof_stack_expiry_frozen,-0.2728761023308597,-0.5081177925314795,25500.0,25450.0,65,-4134.000000000001,110.971922578,-4244.971922578001,DELTA_EXIT,-6877.461438723889,18277.275665895108,25154.737104618995,2026,4128.0
2026-01-13,2026-01-12 11:31:00+05:30,2026-01-12 14:58:00+05:30,PUT,OOF_STACK,0.0,oof_stack_expiry_frozen,-0.2277445618885291,-0.039738859707275864,25350.0,25300.0,65,2495.9999999999986,67.38116151999999,2428.6188384799984,DELTA_EXIT,-4448.84260024389,18277.275665895108,22726.118266138998,2026,207.0
2026-01-13,2026-01-12 14:59:00+05:30,2026-01-13 12:41:00+05:30,PUT,OOF_STACK,0.0,oof_stack_expiry_frozen,-0.26498553089948085,-0.5205976638805813,25700.0,25650.0,65,-4953.0,85.18328708199999,-5038.183287082,DELTA_EXIT,-9487.02588732589,18277.275665895108,27764.301553220997,2026,1302.0
2026-01-20,2026-01-14 09:20:00+05:30,2026-01-20 09:54:00+05:30,PUT,OOF_STACK,0.0,oof_stack_expiry_frozen,-0.23310162435821968,-0.543153007194054,25450.0,25400.0,65,-6025.499999999996,115.94637612700001,-6141.446376126996,DELTA_EXIT,-15628.472263452886,18277.275665895108,33905.74792934799,2026,8674.0
2026-01-27,2026-01-21 09:20:00+05:30,2026-01-27 09:21:00+05:30,CALL,OOF_STACK,1.0,oof_stack_expiry_frozen,0.25058328361369375,0.035804613931093354,25500.0,25550.0,65,4368.000000000002,94.410140536,4273.589859464002,DELTA_EXIT,-11354.882403988884,18277.275665895108,29632.15806988399,2026,8641.0
2026-02-03,2026-01-28 09:20:00+05:30,2026-02-01 14:49:00+05:30,CALL,OOF_STACK,1.0,oof_stack_expiry_frozen,0.23877549558144406,0.03762064683827504,25800.0,25850.0,65,4134.000000000004,113.011878574,4020.9881214260035,DELTA_EXIT,-7333.89428256288,18277.275665895108,25611.169948457988,2026,6089.0
2026-02-03,2026-02-01 14:50:00+05:30,2026-02-03 09:23:00+05:30,CALL,OOF_STACK,1.0,oof_stack_expiry_frozen,0.2506068513987516,0.927407330559624,25250.0,25300.0,65,-14761.499999999964,503.92660255300007,-15265.426602552963,DELTA_EXIT,-22599.32088511584,18277.275665895108,40876.59655101095,2026,2553.0
2026-02-10,2026-02-04 09:20:00+05:30,2026-02-10 09:15:00+05:30,PUT,OOF_STACK,0.0,oof_stack_expiry_frozen,-0.2415389026836785,-0.02574850402477047,25400.0,25350.0,65,3510.0,98.04350432199999,3411.956495678,DELTA_EXIT,-19187.36438943784,18277.275665895108,37464.640055332944,2026,8635.0
2026-02-17,2026-02-11 09:20:00+05:30,2026-02-13 09:15:00+05:30,PUT,OOF_STACK,0.0,oof_stack_expiry_frozen,-0.23080115561392034,-0.8195212842538699,25750.0,25700.0,65,-9282.000000000004,189.10019903799997,-9471.100199038003,DELTA_EXIT,-28658.464588475843,18277.275665895108,46935.74025437095,2026,2875.0
2026-02-17,2026-02-13 09:20:00+05:30,2026-02-17 10:33:00+05:30,PUT,OOF_STACK,0.0,oof_stack_expiry_frozen,-0.22752179684494822,-0.03834862272479811,25400.0,25350.0,65,2398.499999999999,73.590524329,2324.909475670999,DELTA_EXIT,-26333.555112804843,18277.275665895108,44610.83077869995,2026,5833.0
2026-02-24,2026-02-18 09:20:00+05:30,2026-02-19 14:48:00+05:30,PUT,OOF_STACK,0.0,oof_stack_expiry_frozen,-0.26465161301357587,-0.5073436767213813,25500.0,25450.0,65,-4952.99999999999,177.77441527,-5130.77441526999,DELTA_EXIT,-31464.32952807483,18277.275665895108,49741.60519396994,2026,1768.0
2026-02-24,2026-02-19 14:49:00+05:30,2026-02-24 14:26:00+05:30,PUT,OOF_STACK,0.0,oof_stack_expiry_frozen,-0.23858953604772526,-0.039623734021914436,25250.0,25200.0,65,2905.5000000000036,85.76600913099999,2819.7339908690037,DELTA_EXIT,-28644.595537205827,18277.275665895108,46921.871203100935,2026,7177.0
2026-03-02,2026-02-25 09:20:00+05:30,2026-02-27 10:20:00+05:30,PUT,OOF_STACK,0.0,oof_stack_expiry_frozen,-0.24492744154435675,-0.5008080585779255,25300.0,25250.0,65,-5225.999999999994,156.591938968,-5382.591938967994,DELTA_EXIT,-34027.18747617382,18277.275665895108,52304.463142068926,2026,2940.0
2026-03-02,2026-02-27 10:21:00+05:30,2026-03-02 09:15:00+05:30,PUT,OOF_STACK,0.0,oof_stack_expiry_frozen,-0.25882485383582365,-0.8456523956091979,25100.0,25050.0,65,-11758.500000000015,248.988081625,-12007.488081625015,DELTA_EXIT,-46034.67555779884,18277.275665895108,64311.95122369395,2026,4254.0
2026-03-10,2026-03-04 09:20:00+05:30,2026-03-09 09:18:00+05:30,CALL,OOF_STACK,1.0,oof_stack_expiry_frozen,0.2493852556047791,0.03832585434938174,24900.0,24950.0,65,4406.999999999998,129.925969534,4277.0740304659985,DELTA_EXIT,-41757.60152733284,18277.275665895108,60034.87719322795,2026,7198.0
2026-03-10,2026-03-09 09:20:00+05:30,2026-03-10 09:15:00+05:30,CALL,OOF_STACK,1.0,oof_stack_expiry_frozen,0.2633865160171238,0.5721428559426204,24150.0,24200.0,65,-5284.500000000004,190.36407090699998,-5474.864070907003,DELTA_EXIT,-47232.46559823984,18277.275665895108,65509.74126413495,2026,1435.0
2026-03-17,2026-03-11 09:20:00+05:30,2026-03-12 09:15:00+05:30,PUT,OOF_STACK,0.0,oof_stack_expiry_frozen,-0.24724215658537962,-0.6512901600143595,23850.0,23800.0,65,-7819.499999999982,405.472417087,-8224.972417086981,DELTA_EXIT,-55457.43801532682,18277.275665895108,73734.71368122193,2026,1435.0
2026-03-17,2026-03-12 09:20:00+05:30,2026-03-16 10:20:00+05:30,PUT,OOF_STACK,0.0,oof_stack_expiry_frozen,-0.25680499532560064,-0.5324266115048708,23100.0,23050.0,65,-5557.500000000011,268.66780680700003,-5826.1678068070105,DELTA_EXIT,-61283.60582213383,18277.275665895108,79560.88148802894,2026,5820.0
2026-03-17,2026-03-16 10:21:00+05:30,2026-03-17 09:15:00+05:30,PUT,OOF_STACK,0.0,oof_stack_expiry_frozen,-0.24827889698974503,-0.022897556809451824,22750.0,22700.0,65,3724.500000000004,100.828958383,3623.671041617004,DELTA_EXIT,-57659.93478051683,18277.275665895108,75937.21044641193,2026,1374.0
2026-03-24,2026-03-18 09:20:00+05:30,2026-03-23 09:15:00+05:30,CALL,OOF_STACK,1.0,oof_stack_expiry_frozen,0.24328396508975858,0.017944078180140433,24100.0,24150.0,65,4290.0000000000055,101.63221381000002,4188.367786190005,DELTA_EXIT,-53471.56699432682,18277.275665895108,71748.84266022193,2026,7195.0
2026-03-24,2026-03-23 09:20:00+05:30,2026-03-24 13:35:00+05:30,CALL,OOF_STACK,1.0,oof_stack_expiry_frozen,0.2478401582244102,0.50610312421478,23050.0,23100.0,65,-3802.5,136.651807315,-3939.151807315,DELTA_EXIT,-57410.71880164182,18277.275665895108,75687.99446753693,2026,1695.0
2026-03-30,2026-03-25 09:20:00+05:30,2026-03-30 09:15:00+05:30,PUT,OOF_STACK,0.0,oof_stack_expiry_frozen,-0.24759186899982832,-0.693033588877872,22650.0,22600.0,65,-9360.000000000005,278.114750404,-9638.114750404005,DELTA_EXIT,-67048.83355204583,18277.275665895108,85326.10921794095,2026,7195.0
2026-04-07,2026-04-01 09:20:00+05:30,2026-04-02 09:15:00+05:30,PUT,OOF_STACK,0.0,oof_stack_expiry_frozen,-0.25101238452288555,-0.5655874207840359,22350.0,22300.0,65,-5421.000000000014,465.729136714,-5886.729136714013,DELTA_EXIT,-72935.56268875985,18277.275665895108,91212.83835465496,2026,1435.0
2026-04-07,2026-04-02 09:20:00+05:30,2026-04-06 12:49:00+05:30,PUT,OOF_STACK,0.0,oof_stack_expiry_frozen,-0.24492552651400545,-0.03955027778532183,21700.0,21650.0,65,3451.5000000000036,162.47340405100002,3289.0265959490034,DELTA_EXIT,-69646.53609281084,18277.275665895108,87923.81175870595,2026,5969.0
2026-04-07,2026-04-06 12:50:00+05:30,2026-04-07 10:05:00+05:30,PUT,OOF_STACK,0.0,oof_stack_expiry_frozen,-0.26283202306576325,-0.03980415599523668,22450.0,22400.0,65,3666.000000000002,125.807332492,3540.1926675080017,DELTA_EXIT,-66106.34342530284,18277.275665895108,84383.61909119795,2026,1275.0
2026-04-13,2026-04-08 09:20:00+05:30,2026-04-13 09:15:00+05:30,CALL,OOF_STACK,1.0,oof_stack_expiry_frozen,0.2593331236274985,0.011548301118604276,24300.0,24350.0,65,4465.500000000002,129.14576458899998,4336.354235411002,DELTA_EXIT,-61769.989189891836,18277.275665895108,80047.26485578694,2026,7195.0
2026-04-21,2026-04-15 09:20:00+05:30,2026-04-21 15:08:00+05:30,CALL,OOF_STACK,1.0,oof_stack_expiry_frozen,0.24808003922059996,0.028483654954173154,24600.0,24650.0,65,4738.500000000002,116.54017608699999,4621.959823913002,DELTA_EXIT,-57148.02936597884,18277.275665895108,75425.30503187394,2026,8988.0
2026-04-28,2026-04-22 09:20:00+05:30,2026-04-24 09:32:00+05:30,PUT,OOF_STACK,0.0,oof_stack_expiry_frozen,-0.2422233127482496,-0.5164247363792495,24050.0,24000.0,65,-5089.499999999998,275.33544235299996,-5364.835442352998,DELTA_EXIT,-62512.86480833183,18277.275665895108,80790.14047422694,2026,2892.0
2026-04-28,2026-04-24 09:33:00+05:30,2026-04-28 09:16:00+05:30,PUT,OOF_STACK,0.0,oof_stack_expiry_frozen,-0.2545774970239496,-0.036213687650977766,23750.0,23700.0,65,3841.5000000000036,108.899860261,3732.6001397390037,DELTA_EXIT,-58780.26466859283,18277.275665895108,77057.54033448793,2026,5743.0
2026-05-05,2026-04-29 09:20:00+05:30,2026-05-05 09:15:00+05:30,CALL,OOF_STACK,1.0,oof_stack_expiry_frozen,0.23774916631302867,0.02846192931756153,24450.0,24500.0,65,3919.5000000000014,105.39733195900001,3814.1026680410014,DELTA_EXIT,-54966.16200055183,18277.275665895108,73243.43766644693,2026,8635.0
2026-05-12,2026-05-06 09:20:00+05:30,2026-05-11 15:02:00+05:30,PUT,OOF_STACK,0.0,oof_stack_expiry_frozen,-0.23684621379980964,-0.5112274206271168,23850.0,23800.0,65,-4485.0,168.544797496,-4653.544797496,DELTA_EXIT,-59619.706798047824,18277.275665895108,77896.98246394293,2026,7542.0
2026-05-12,2026-05-11 15:03:00+05:30,2026-05-12 09:16:00+05:30,PUT,OOF_STACK,0.0,oof_stack_expiry_frozen,-0.28193110864499793,-0.5157849596726105,23700.0,23650.0,65,-4094.9999999999986,127.03778639200002,-4222.037786391998,DELTA_EXIT,-63841.744584439824,18277.275665895108,82119.02025033493,2026,1093.0
2026-05-19,2026-05-13 09:20:00+05:30,2026-05-19 13:41:00+05:30,CALL,OOF_STACK,1.0,oof_stack_expiry_frozen,0.2385755934481275,0.03863419590848993,23850.0,23900.0,65,4095.0,122.10046992999999,3972.89953007,DELTA_EXIT,-59868.84505436983,18277.275665895108,78146.12072026494,2026,8901.0
