trade_id,entry_ts,expiry,entry_spot,lot,gross,cost,net,net50,vix,vix_state,adjustments,entry_ce_strike
1,2021-05-31 09:20:00+05:30,2021-06-03,15418.05,75,-671.2499999999982,175.13078767500002,-846.3807876749981,-933.9461815124982,17.399999618530273,LOW,-2,15600.0
2,2021-06-07 09:20:00+05:30,2021-06-10,15704.8,75,-716.25,212.919303775,-929.169303775,-1035.6289556625,15.9399995803833,LOW,0,15750.0
4,2021-06-21 09:20:00+05:30,2021-06-24,15542.0,75,8595.0,209.476568,8385.523432,8280.785148,14.800000190734863,LOW,-1,15750.0
5,2021-06-28 09:20:00+05:30,2021-07-01,15882.65,75,592.5000000000009,160.37953875,432.1204612500009,351.9306918750009,13.369999885559082,LOW,-2,15900.0
6,2021-07-05 09:20:00+05:30,2021-07-08,15792.65,75,2002.5,207.26177305000002,1795.23822695,1691.607340425,12.09000015258789,LOW,0,15850.0
7,2021-07-12 09:20:00+05:30,2021-07-15,15766.0,75,-1923.75,208.10906792499998,-2131.859067925,-2235.9136018875,12.9399995803833,LOW,0,15900.0
8,2021-07-19 09:20:00+05:30,2021-07-22,15790.05,75,-315.0000000000002,202.39002610000003,-517.3900261000002,-618.5850391500003,11.710000038146973,LOW,0,15850.0
9,2021-07-26 09:20:00+05:30,2021-07-29,15814.0,50,930.0000000000005,205.84717840000002,724.1528216000004,621.2292324000005,11.760000228881836,LOW,0,15800.0
10,2021-08-02 09:20:00+05:30,2021-08-05,15862.7,50,-2717.5,204.58609045,-2922.08609045,-3024.379135675,12.800000190734863,LOW,-1,16000.0
11,2021-08-09 09:20:00+05:30,2021-08-12,16288.95,50,-110.0,200.40235719999998,-310.4023572,-410.60353580000003,12.609999656677246,LOW,0,16350.0
12,2021-08-16 09:20:00+05:30,2021-08-18,16534.15,50,-1800.0,204.01526859999998,-2004.0152686,-2106.0229029,12.989999771118164,LOW,0,16650.0
13,2021-08-23 09:20:00+05:30,2021-08-26,16557.05,50,797.4999999999999,201.27637054999997,596.2236294499999,495.5854441749999,14.020000457763672,LOW,0,16650.0
14,2021-08-30 09:20:00+05:30,2021-09-02,16810.55,50,-3092.5,205.17272475000001,-3297.67272475,-3400.259087125,13.40999984741211,LOW,-1,16950.0
15,2021-09-06 09:20:00+05:30,2021-09-09,17390.05,50,-400.0,202.116695,-602.1166949999999,-703.1750425,14.539999961853027,LOW,0,17400.0
16,2021-09-13 09:20:00+05:30,2021-09-16,17320.95,50,-2955.000000000001,160.8078257,-3115.807825700001,-3196.211738550001,13.9399995803833,LOW,-2,17500.0
17,2021-09-17 09:40:00+05:30,2021-09-23,17696.3,50,12819.999999999884,1968.9589286000003,10851.041071399883,9866.561607099884,14.40999984741211,LOW,1,17750.0
18,2021-09-27 09:20:00+05:30,2021-09-30,17914.6,50,4064.999999999999,209.10499049999993,3855.895009499999,3751.342514249999,16.920000076293945,NORMAL,-1,17750.0
19,2021-10-04 09:20:00+05:30,2021-10-07,17634.1,50,-582.5,206.32277975000002,-788.82277975,-891.984169625,17.209999084472656,NORMAL,0,17850.0
20,2021-10-11 09:20:00+05:30,2021-10-14,17903.65,50,-4015.0,202.5625371,-4217.5625371,-4318.84380565,15.649999618530272,LOW,-1,18100.0
21,2021-10-18 09:20:00+05:30,2021-10-21,18453.55,50,4522.500000000002,203.29953385000005,4319.200466150001,4217.550699225002,15.770000457763672,LOW,-1,18400.0
22,2021-11-15 09:20:00+05:30,2021-11-18,18204.0,50,-2550.0,206.85683059999997,-2756.8568305999997,-2860.2852459,15.220000267028809,LOW,-1,18100.0
23,2021-11-22 09:20:00+05:30,2021-11-25,17647.0,50,4377.499999999998,252.18810814999998,4125.311891849999,3999.2178377749983,14.859999656677246,LOW,1,17550.0
24,2021-11-29 09:20:00+05:30,2021-12-02,16828.9,50,-3422.5,162.76563154999997,-3585.26563155,-3666.6484473250002,20.799999237060547,NORMAL,-2,17200.0
25,2021-12-06 09:20:00+05:30,2021-12-09,17166.75,50,-3745.0,266.4709701,-4011.4709701,-4144.70645515,18.450000762939453,NORMAL,1,17250.0
26,2021-12-13 09:20:00+05:30,2021-12-16,17629.25,50,2392.4999999999973,211.99505425,2180.504945749997,2074.507418624997,16.059999465942383,LOW,-1,17450.0
27,2021-12-20 09:20:00+05:30,2021-12-23,16713.7,50,-9830.0,223.66547680000002,-10053.6654768,-10165.4982152,16.34000015258789,NORMAL,0,16850.0
28,2021-12-27 09:20:00+05:30,2021-12-30,16840.0,50,-497.5,155.98321464999998,-653.48321465,-731.4748219749999,16.149999618530273,LOW,-2,17100.0
29,2022-01-03 09:20:00+05:30,2022-01-06,17471.85,50,5915.0,203.6563851,5711.3436149,5609.51542235,16.219999313354492,LOW,-1,17700.0
30,2022-01-10 09:20:00+05:30,2022-01-13,17924.25,50,4720.0,165.87473859999997,4554.1252614,4471.1878921,17.600000381469727,NORMAL,-2,18150.0
31,2022-01-17 09:20:00+05:30,2022-01-20,18284.7,50,-2529.999999999999,217.4138204,-2747.413820399999,-2856.120730599999,16.559999465942383,NORMAL,-1,18150.0
32,2022-01-24 09:20:00+05:30,2022-01-27,17542.3,50,1502.5,167.17059505,1335.32940495,1251.744107425,18.88999938964844,NORMAL,-2,17250.0
33,2022-01-31 09:20:00+05:30,2022-02-03,17317.2,50,4085.0000000000014,209.74853389999998,3875.2514661000014,3770.377199150001,20.700000762939453,NORMAL,0,17700.0
34,2022-02-07 09:20:00+05:30,2022-02-10,17520.65,50,-9115.000000000002,213.41901750000002,-9328.419017500002,-9435.128526250002,18.899999618530277,NORMAL,0,17300.0
35,2022-02-14 09:20:00+05:30,2022-02-17,16923.0,50,4235.0,162.52885129999996,4072.4711487,3991.20672305,18.68000030517578,NORMAL,-2,17300.0
36,2022-02-21 09:20:00+05:30,2022-02-24,17165.2,50,427.49999999999636,321.28740975,106.21259024999637,-54.431114625003715,22.170000076293945,NORMAL,1,17250.0
37,2022-02-28 09:20:00+05:30,2022-03-03,16459.6,50,4415.000000000001,213.4479345,4201.552065500001,4094.828098250001,26.739999771118164,HIGH,0,16650.0
38,2022-03-07 09:20:00+05:30,2022-03-10,15865.05,50,-3490.0,184.336827,-3674.336827,-3766.5052405,27.959999084472656,HIGH,-2,16350.0
39,2022-03-14 09:20:00+05:30,2022-03-17,16677.75,50,-1962.5,167.02169035,-2129.52169035,-2213.032535525,25.350000381469727,HIGH,-2,17050.0
40,2022-03-21 09:20:00+05:30,2022-03-24,17275.55,50,67.50000000000136,220.19070654999996,-152.6907065499986,-262.7860598249987,22.61000061035156,NORMAL,0,17500.0
41,2022-03-28 09:20:00+05:30,2022-03-31,17163.7,50,3252.5,155.76675365000003,3096.73324635,3018.849869525,23.43000030517578,NORMAL,-2,17450.0
42,2022-04-04 09:20:00+05:30,2022-04-07,17854.75,50,-7295.0,214.00180810000003,-7509.0018081,-7616.00271215,18.43000030517578,NORMAL,0,17850.0
43,2022-04-11 09:20:00+05:30,2022-04-13,17702.7,50,2622.5,201.35537465000002,2421.14462535,2320.4669380249998,17.690000534057617,NORMAL,0,17600.0
44,2022-04-18 09:20:00+05:30,2022-04-21,17199.35,50,1670.0,212.1627702,1457.8372298,1351.7558447000001,17.790000915527344,NORMAL,0,17350.0
45,2022-04-25 09:20:00+05:30,2022-04-28,16963.75,50,3600.000000000001,203.8854634,3396.114536600001,3294.171804900001,18.350000381469727,NORMAL,0,17200.0
46,2022-05-02 09:20:00+05:30,2022-05-05,16982.8,50,1917.5,206.80011254999997,1710.69988745,1607.299831175,19.420000076293945,NORMAL,0,16950.0
47,2022-05-09 09:20:00+05:30,2022-05-12,16181.65,50,-3402.5,223.84364954999998,-3626.34364955,-3738.265474325,21.25,NORMAL,0,16100.0
48,2022-05-16 09:20:00+05:30,2022-05-19,15826.6,50,-1482.5,213.30341495,-1695.80341495,-1802.4551224250001,23.489999771118164,NORMAL,0,16000.0
49,2022-05-23 09:20:00+05:30,2022-05-26,16239.25,50,5020.0,206.08096580000003,4813.9190342,4710.8785513,23.100000381469727,NORMAL,0,16250.0
50,2022-05-30 09:20:00+05:30,2022-06-02,16551.15,50,2959.9999999999995,201.4718578,2758.5281421999994,2657.7922132999993,21.479999542236328,NORMAL,0,16600.0
51,2022-06-06 09:20:00+05:30,2022-06-09,16555.05,50,4812.5,203.72023784999996,4608.77976215,4506.919643225,19.979999542236328,NORMAL,0,16500.0
52,2022-06-13 09:20:00+05:30,2022-06-16,15830.25,50,-5590.0,220.57233359999998,-5810.5723336,-5920.8585004,19.57999992370605,NORMAL,0,15850.0
53,2022-06-20 09:20:00+05:30,2022-06-23,15325.05,50,1427.500000000001,206.86104055,1220.6389594500008,1117.2084391750009,22.76000022888184,NORMAL,0,15500.0
54,2022-06-27 09:20:00+05:30,2022-06-30,15872.55,50,6295.0,203.27705210000002,6091.7229479,5990.08442185,20.549999237060547,NORMAL,0,15850.0
55,2022-07-04 09:20:00+05:30,2022-07-07,15718.9,50,-2150.000000000001,156.853539,-2306.853539000001,-2385.280308500001,21.25,NORMAL,-2,16000.0
56,2022-07-11 09:20:00+05:30,2022-07-14,16152.5,50,1290.0000000000007,200.92909880000002,1089.0709012000007,988.6063518000007,18.399999618530277,NORMAL,0,16150.0
57,2022-07-18 09:20:00+05:30,2022-07-21,16181.1,50,2327.5,205.24179235,2122.25820765,2019.637311475,17.600000381469727,NORMAL,-1,16400.0
58,2022-07-25 09:20:00+05:30,2022-07-28,16697.0,50,-7707.5,222.25974765,-7929.75974765,-8040.889621475,16.649999618530273,LOW,0,16600.0
59,2022-08-01 09:20:00+05:30,2022-08-04,17156.35,50,6777.500000000002,213.36301015,6564.136989850002,6457.455484775001,16.549999237060547,LOW,0,17350.0
60,2022-08-08 09:20:00+05:30,2022-08-11,17375.8,50,4900.000000000001,163.590248,4736.4097520000005,4654.614628000001,18.920000076293945,NORMAL,-2,17600.0
61,2022-08-16 09:20:00+05:30,2022-08-18,17778.8,50,4242.500000000001,156.12099285,4086.3790071500007,4008.318510725001,17.610000610351562,NORMAL,-2,17950.0
62,2022-08-22 09:20:00+05:30,2022-08-25,17666.5,50,-1640.0,223.5756318,-1863.5756317999999,-1975.3634477,18.290000915527344,NORMAL,0,17650.0
63,2022-08-29 09:20:00+05:30,2022-09-01,17206.15,50,-2972.5,161.30100335000003,-3133.80100335,-3214.451505025,18.21999931335449,NORMAL,-2,17450.0
64,2022-09-05 09:20:00+05:30,2022-09-08,17602.15,50,4537.5,210.71226134999998,4326.78773865,4221.431607975,19.549999237060547,NORMAL,0,17800.0
65,2022-09-12 09:20:00+05:30,2022-09-15,17912.85,50,1087.5,204.03141095,883.46858905,781.4528835750001,17.719999313354492,NORMAL,0,18000.0
66,2022-09-19 09:20:00+05:30,2022-09-22,17511.9,50,5272.5,202.44691405,5070.05308595,4968.829628925,19.81999969482422,NORMAL,0,17650.0
67,2022-09-26 09:20:00+05:30,2022-09-29,17122.65,50,5532.5,203.53021865,5328.96978135,5227.204672025,20.59000015258789,NORMAL,0,17100.0
68,2022-10-03 09:20:00+05:30,2022-10-06,17080.3,50,-1197.5,212.41899504999998,-1409.91899505,-1516.128492575,19.96999931335449,NORMAL,0,17250.0
69,2022-10-10 09:20:00+05:30,2022-10-13,17071.2,50,5957.5,200.48721015000004,5757.0127898499995,5656.769184775,18.809999465942383,NORMAL,0,17100.0
70,2022-10-17 09:20:00+05:30,2022-10-20,17155.85,50,-3345.0,157.15488270000003,-3502.1548827,-3580.73232405,18.26000022888184,NORMAL,-2,17400.0
71,2022-10-25 09:20:00+05:30,2022-10-27,17724.95,50,292.50000000000045,200.92861685,91.57138315000046,-8.892925274999584,17.420000076293945,NORMAL,0,17750.0
72,2022-10-31 09:20:00+05:30,2022-11-03,17936.6,50,1399.9999999999998,204.46658800000003,1195.5334119999998,1093.3001179999997,15.920000076293944,LOW,0,18050.0
73,2022-11-07 09:20:00+05:30,2022-11-10,18217.9,50,2127.5000000000005,203.06384574999998,1924.4361542500005,1822.9042313750006,15.65999984741211,LOW,0,18150.0
74,2022-11-14 09:20:00+05:30,2022-11-17,18374.25,50,855.0000000000005,201.8883221,653.1116779000005,552.1675168500005,14.40999984741211,LOW,0,18450.0
75,2022-11-21 09:20:00+05:30,2022-11-24,18221.5,50,-1027.5,155.59127625,-1183.09127625,-1260.886914375,14.390000343322754,LOW,-2,18400.0
76,2022-11-28 09:20:00+05:30,2022-12-01,18510.9,50,-332.5,160.62110875,-493.12110874999996,-573.431663125,13.329999923706056,LOW,-2,18700.0
77,2022-12-05 09:20:00+05:30,2022-12-08,18681.3,50,1247.4999999999998,199.50398454999998,1047.9960154499997,948.2440231749997,13.449999809265137,LOW,0,18650.0
78,2022-12-12 09:20:00+05:30,2022-12-15,18360.65,50,-5142.5,205.28771775,-5347.78771775,-5450.431576625,13.479999542236328,LOW,0,18550.0
79,2022-12-19 09:20:00+05:30,2022-12-22,18276.85,50,-2282.5,211.83897715,-2494.33897715,-2600.258465725,14.06999969482422,LOW,0,18250.0
80,2022-12-26 09:20:00+05:30,2022-12-29,17853.4,50,-1820.0,169.06910319999994,-1989.0691032,-2073.6036548,16.15999984741211,LOW,-2,18100.0
81,2023-01-02 09:20:00+05:30,2023-01-05,18116.9,50,187.5,208.62347814999998,-21.123478149999983,-125.43521722499997,14.869999885559082,LOW,0,18150.0
82,2023-01-09 09:20:00+05:30,2023-01-12,17965.75,50,2590.0,202.7168358,2387.2831642,2285.9247463,15.029999732971191,LOW,0,17950.0
83,2023-01-16 09:20:00+05:30,2023-01-19,18014.6,50,-1345.0,207.38438470000003,-1552.3843847,-1656.07657705,14.460000038146973,LOW,0,18150.0
84,2023-01-23 09:20:00+05:30,2023-01-25,18101.1,50,-3250.0,212.77988039999997,-3462.7798804,-3569.1698206,13.789999961853027,LOW,0,18150.0
85,2023-01-30 09:20:00+05:30,2023-02-02,17580.05,50,1457.5,209.91079634999997,1247.58920365,1142.633805475,17.31999969482422,NORMAL,0,17700.0
86,2023-02-06 09:20:00+05:30,2023-02-09,17793.4,50,615.0000000000014,206.13012469999998,408.86987530000135,305.80481295000135,14.399999618530272,LOW,0,17900.0
87,2023-02-13 09:20:00+05:30,2023-02-16,17869.65,50,1907.5,199.97593855000002,1707.5240614499999,1607.536092175,12.75,LOW,0,18050.0
88,2023-02-20 09:20:00+05:30,2023-02-23,17973.2,50,-4485.0,205.6656525,-4690.6656525,-4793.49847875,13.09000015258789,LOW,-1,17850.0
89,2023-02-27 09:20:00+05:30,2023-03-02,17371.95,50,-1547.5000000000002,205.43855025,-1752.9385502500002,-1855.6578253750004,14.1899995803833,LOW,0,17500.0
90,2023-03-06 09:20:00+05:30,2023-03-09,17736.25,50,-1992.5,203.59282455000002,-2196.09282455,-2297.889236825,12.18000030517578,LOW,0,17800.0
91,2023-03-13 09:20:00+05:30,2023-03-16,17514.5,50,1202.5,220.52466485,981.97533515,871.713002725,13.40999984741211,LOW,-1,17350.0
92,2023-03-20 09:20:00+05:30,2023-03-23,16963.65,50,4835.0,199.1266415,4635.8733585,4536.3100377499995,14.770000457763672,LOW,0,17100.0
93,2023-03-27 09:20:00+05:30,2023-03-29,16951.45,50,-2497.5,206.02407785,-2703.52407785,-2806.5361167749998,15.239999771118164,LOW,0,17050.0
94,2023-04-03 09:20:00+05:30,2023-04-06,17365.65,50,-2015.0,153.46702510000003,-2168.4670251000002,-2245.20053765,12.9399995803833,LOW,-2,17550.0
95,2023-04-10 09:20:00+05:30,2023-04-13,17637.55,50,992.4999999999998,152.08113325,840.4188667499998,764.3783001249998,11.800000190734863,LOW,-2,17800.0
96,2023-04-17 09:20:00+05:30,2023-04-20,17671.95,50,1410.0,202.0764016,1207.9235984,1106.8853976,11.90999984741211,LOW,0,17700.0
97,2023-04-24 09:20:00+05:30,2023-04-27,17665.05,50,335.00000000000006,154.5382155,180.46178450000005,103.19267675000003,11.630000114440918,LOW,-2,17850.0
98,2023-05-02 09:20:00+05:30,2023-05-04,18124.25,50,-3232.5,204.20691215000002,-3436.70691215,-3538.810368225,10.949999809265137,LOW,0,18150.0
99,2023-05-08 09:20:00+05:30,2023-05-11,18170.4,50,2250.0,199.9469204,2050.0530796,1950.0796194,12.300000190734863,LOW,0,18300.0
100,2023-05-15 09:20:00+05:30,2023-05-18,18342.6,50,-1322.5000000000002,204.15502815,-1526.6550281500001,-1628.732542225,12.850000381469728,LOW,0,18300.0
101,2023-05-22 09:20:00+05:30,2023-05-25,18227.1,50,72.49999999999955,199.28763064999998,-126.78763065000044,-226.43144597500049,12.300000190734863,LOW,0,18300.0
102,2023-05-29 09:20:00+05:30,2023-06-01,18633.4,50,1222.4999999999995,200.41063365000002,1022.0893663499995,921.8840495249996,11.899999618530272,LOW,0,18600.0
103,2023-06-05 09:20:00+05:30,2023-06-08,18610.4,50,-817.5,201.99478545,-1019.49478545,-1120.492178175,11.130000114440918,LOW,0,18750.0
104,2023-06-12 09:20:00+05:30,2023-06-15,18567.85,50,1929.9999999999995,198.36345879999996,1731.6365411999996,1632.4548117999996,11.119999885559082,LOW,0,18700.0
105,2023-06-19 09:20:00+05:30,2023-06-22,18869.9,50,14.999999999999545,199.15339269999998,-184.15339270000044,-283.73008905000046,10.84000015258789,LOW,0,18850.0
106,2023-06-26 09:20:00+05:30,2023-06-28,18670.5,50,-2174.9999999999995,156.5337503,-2331.5337502999996,-2409.8006254499996,11.239999771118164,LOW,-2,18850.0
107,2023-07-03 09:20:00+05:30,2023-07-06,19274.7,50,617.4999999999995,154.55106155,462.94893844999956,385.67340767499957,10.800000190734863,LOW,-2,19450.0
108,2023-07-10 09:20:00+05:30,2023-07-13,19369.95,50,1417.5,198.55319835,1218.94680165,1119.670202475,11.529999732971191,LOW,0,19500.0
109,2023-07-17 09:20:00+05:30,2023-07-20,19597.5,50,-1780.0,201.41305659999998,-1981.4130566,-2082.1195849,10.68000030517578,LOW,-1,19750.0
110,2023-07-24 09:20:00+05:30,2023-07-27,19738.65,50,-4690.0,205.7232042,-4895.7232042,-4998.5848063,11.489999771118164,LOW,0,19900.0
111,2023-07-31 09:20:00+05:30,2023-08-03,19615.0,50,-5777.5,211.14371964999998,-5988.64371965,-6094.215579475,10.140000343322754,LOW,0,19650.0
112,2023-08-07 09:20:00+05:30,2023-08-10,19561.55,50,1355.0,197.91219890000002,1157.0878011,1058.13170165,10.56999969482422,LOW,0,19600.0
113,2023-08-14 09:20:00+05:30,2023-08-17,19298.65,50,1104.9999999999998,198.6554491,906.3445508999998,807.0168263499997,11.520000457763672,LOW,0,19400.0
114,2023-08-21 09:20:00+05:30,2023-08-24,19347.95,50,1617.5,198.18091875000002,1419.31908125,1320.228621875,12.140000343322754,LOW,0,19450.0
115,2023-08-28 09:20:00+05:30,2023-08-31,19280.3,50,-375.0,199.8090589,-574.8090589,-674.71358835,12.079999923706056,LOW,0,19350.0
116,2023-09-04 09:20:00+05:30,2023-09-07,19504.65,50,-1232.5,153.94097235000004,-1386.44097235,-1463.411458525,11.369999885559082,LOW,-2,19650.0
118,2023-09-18 09:20:00+05:30,2023-09-21,20143.6,50,-5907.5,161.42460864999998,-6068.92460865,-6149.636912975,10.899999618530272,LOW,-2,20100.0
119,2023-09-25 09:20:00+05:30,2023-09-28,19667.15,50,-2035.0,206.8483849,-2241.8483849,-2345.27257735,10.65999984741211,LOW,0,19800.0
120,2023-10-03 09:20:00+05:30,2023-10-05,19529.6,50,-717.5,199.09853965,-916.59853965,-1016.147809475,11.449999809265137,LOW,0,19600.0
121,2023-10-09 09:20:00+05:30,2023-10-12,19499.85,50,1322.500000000001,160.50254905000003,1161.997450950001,1081.7461764250008,10.300000190734863,LOW,-2,19700.0
122,2023-10-16 09:20:00+05:30,2023-10-19,19695.8,50,-1855.0000000000002,204.2056091,-2059.2056091000004,-2161.30841365,10.619999885559082,LOW,0,19650.0
123,2023-10-23 09:20:00+05:30,2023-10-26,19541.4,50,-7067.5,220.43912765,-7287.93912765,-7398.1586914750005,10.81999969482422,LOW,-1,19450.0
124,2023-10-30 09:20:00+05:30,2023-11-02,19040.05,50,-1702.5,207.40434695,-1909.90434695,-2013.6065204249999,10.90999984741211,LOW,0,19200.0
125,2023-11-06 09:20:00+05:30,2023-11-09,19338.45,50,1765.0,198.18575610000002,1566.8142439,1467.72136585,10.880000114440918,LOW,0,19450.0
126,2023-11-13 09:20:00+05:30,2023-11-16,19452.1,50,-89.99999999999955,193.58340400000003,-283.5834039999996,-380.3751059999995,11.109999656677246,LOW,-1,19600.0
127,2023-11-20 09:20:00+05:30,2023-11-23,19738.65,50,47.49999999999966,200.41935635,-152.91935635000033,-253.1290345250003,11.829999923706056,LOW,0,19900.0
128,2023-11-28 09:20:00+05:30,2023-11-30,19829.7,50,2027.499999999999,162.68285514999997,1864.817144849999,1783.4757172749992,11.329999923706056,LOW,-2,20000.0
129,2023-12-04 09:20:00+05:30,2023-12-07,20518.65,50,-167.5000000000009,164.96043184999996,-332.4604318500009,-414.9406477750009,12.380000114440918,LOW,-2,20750.0
130,2023-12-11 09:20:00+05:30,2023-12-14,20986.7,50,-6465.0,210.94607849999997,-6675.9460785,-6781.41911775,12.470000267028809,LOW,0,20950.0
131,2023-12-15 09:20:00+05:30,2023-12-21,21270.0,50,-1755.000000000001,203.5693161,-1958.5693161000008,-2060.353974150001,12.31999969482422,LOW,0,21300.0
132,2023-12-22 09:20:00+05:30,2023-12-28,21280.35,50,-5770.0,160.3562088,-5930.3562088,-6010.5343132,13.760000228881836,NORMAL,-2,21600.0
133,2024-01-01 09:20:00+05:30,2024-01-04,21688.05,50,-1690.0,204.56245439999998,-1894.5624544,-1996.8436816,14.5,NORMAL,0,21700.0
134,2024-01-08 09:20:00+05:30,2024-01-11,21722.85,50,2455.0,204.78963729999992,2250.2103627,2147.81554405,12.630000114440918,LOW,0,21650.0
136,2024-01-23 09:20:00+05:30,2024-01-25,21733.15,50,492.5,214.29608585000003,278.20391414999995,171.05587122500003,13.880000114440918,NORMAL,-1,21550.0
137,2024-01-29 09:20:00+05:30,2024-02-01,21493.65,50,6097.5,202.36622014999998,5895.13377985,5793.950669775,13.869999885559082,NORMAL,0,21750.0
138,2024-02-05 09:20:00+05:30,2024-02-08,21850.7,50,-707.4999999999991,211.39804644999998,-918.8980464499991,-1024.5970696749991,14.699999809265137,NORMAL,0,21950.0
139,2024-02-12 09:20:00+05:30,2024-02-15,21811.05,50,-1259.9999999999995,221.19905899999998,-1481.1990589999996,-1591.7985884999994,15.449999809265137,NORMAL,0,21900.0
140,2024-02-16 09:23:00+05:30,2024-02-22,21999.55,50,23332.5,1374.7308042499997,21957.76919575,21270.403793625,15.229999542236328,NORMAL,1,22150.0
141,2024-02-26 09:20:00+05:30,2024-02-29,22166.25,50,-2007.5,217.21697985000003,-2224.71697985,-2333.325469775,14.970000267028809,NORMAL,0,22250.0
142,2024-03-04 09:20:00+05:30,2024-03-07,22415.75,50,-5212.499999999998,209.96594095,-5422.465940949998,-5527.448911424998,15.239999771118164,NORMAL,0,22400.0
143,2024-03-11 09:20:00+05:30,2024-03-14,22493.25,50,4572.5,202.37735525,4370.12264475,4268.933967125,13.609999656677246,LOW,-1,22450.0
144,2024-03-15 09:20:00+05:30,2024-03-21,22081.85,50,7712.5,201.62024484999998,7510.87975515,7410.069632725,13.619999885559082,LOW,0,22050.0
145,2024-03-26 09:20:00+05:30,2024-03-28,22057.35,50,5532.5,195.68098725,5336.81901275,5238.978519125,12.220000267028809,LOW,-1,22300.0
146,2024-04-01 09:20:00+05:30,2024-04-04,22507.5,50,1017.4999999999998,204.54342035000002,812.9565796499998,710.6848694749997,12.829999923706056,LOW,0,22500.0
147,2024-04-08 09:20:00+05:30,2024-04-10,22557.85,50,1862.5,201.67129584999995,1660.82870415,1559.993056225,11.34000015258789,LOW,0,22750.0
148,2024-04-15 09:20:00+05:30,2024-04-18,22320.75,50,-1857.5,224.70750625000002,-2082.20750625,-2194.561259375,11.529999732971191,LOW,0,22250.0
149,2024-04-22 09:20:00+05:30,2024-04-25,22273.35,50,-2782.5,160.19999155,-2942.69999155,-3022.799987325,13.460000038146973,LOW,-2,22500.0
150,2024-04-29 09:20:00+05:30,2024-05-02,22498.35,25,1236.25,195.59509932499995,1040.6549006750001,942.8573510125,10.93000030517578,LOW,0,22700.0
151,2024-05-06 09:20:00+05:30,2024-05-09,22503.9,25,-886.25,191.393176275,-1077.643176275,-1173.3397644125,14.619999885559082,NORMAL,-1,22450.0
152,2024-05-13 09:20:00+05:30,2024-05-16,21951.05,25,-896.25,238.07574047500003,-1134.325740475,-1253.3636107125,18.46999931335449,NORMAL,1,22200.0
153,2024-05-21 09:20:00+05:30,2024-05-23,22484.35,25,-68.75,188.77699102500003,-257.52699102500003,-351.9154865375,19.799999237060547,NORMAL,-1,22750.0
154,2024-05-27 09:20:00+05:30,2024-05-30,22992.55,25,-2341.25,164.87528437499998,-2506.125284375,-2588.5629265625,21.709999084472656,HIGH,-2,22900.0
155,2024-06-03 09:20:00+05:30,2024-06-06,23140.45,25,1731.2500000000018,276.502631425,1454.747368575002,1316.4960528625018,24.600000381469727,HIGH,1,22300.0
156,2024-06-10 09:20:00+05:30,2024-06-13,23380.6,25,991.25,200.133985425,791.116014575,691.0490218625,16.8799991607666,NORMAL,0,23450.0
157,2024-06-14 09:20:00+05:30,2024-06-20,23409.35,25,10888.75,1039.018984975,9849.731015025,9330.2215225375,13.489999771118164,LOW,1,23650.0
158,2024-06-24 09:20:00+05:30,2024-06-27,23404.85,25,-2666.25,192.521843675,-2858.771843675,-2955.0327655125,13.18000030517578,LOW,-1,23650.0
159,2024-07-01 09:20:00+05:30,2024-07-04,24023.65,25,697.5000000000001,149.53360505,547.9663949500001,473.1995924250001,13.800000190734863,NORMAL,-2,24300.0
160,2024-07-08 09:20:00+05:30,2024-07-11,24310.6,25,-10.0,198.8703512,-208.8703512,-308.3055268,12.699999809265137,LOW,0,24300.0
162,2024-07-22 09:20:00+05:30,2024-07-25,24393.45,25,3335.0000000000005,201.99912300000003,3133.0008770000004,3032.0013155000006,14.829999923706056,NORMAL,0,24600.0
163,2024-07-29 09:20:00+05:30,2024-08-01,24921.55,25,413.74999999999994,197.84002837499997,215.90997162499997,116.98995743749992,12.25,LOW,0,25100.0
164,2024-08-05 09:20:00+05:30,2024-08-08,24284.55,25,778.7500000000005,198.71112027499998,580.0388797250005,480.6833195875005,14.31999969482422,NORMAL,0,24300.0
165,2024-08-12 09:20:00+05:30,2024-08-14,24295.15,25,802.5,200.54061735000002,601.95938265,501.68907397500004,15.34000015258789,NORMAL,0,24300.0
166,2024-08-16 09:21:00+05:30,2024-08-22,24385.7,25,22297.5,823.51524115,21473.98475885,21062.227138275,15.4399995803833,NORMAL,-1,24700.0
167,2024-08-26 09:20:00+05:30,2024-08-29,24880.9,25,356.2500000000002,149.848934225,206.40106577500023,131.47659866250018,13.550000190734863,NORMAL,-2,25100.0
168,2024-09-02 09:20:00+05:30,2024-09-05,25296.85,25,662.4999999999999,195.31301875,467.1869812499999,369.5304718749999,13.390000343322754,LOW,0,25250.0
169,2024-09-09 09:20:00+05:30,2024-09-12,24785.6,25,-3775.0,188.8055064,-3963.8055064,-4058.2082596,15.220000267028809,NORMAL,-1,25100.0
170,2024-09-13 09:20:00+05:30,2024-09-19,25345.2,25,8172.499999999942,1025.47914415,7147.020855849942,6634.2812837749425,13.18000030517578,LOW,1,25500.0
171,2024-09-23 09:20:00+05:30,2024-09-26,25886.2,25,-1043.7499999999998,202.05494292500003,-1245.8049429249998,-1346.8324143874997,12.789999961853027,LOW,0,26150.0
172,2024-09-30 09:20:00+05:30,2024-10-03,26076.45,25,-5388.749999999998,195.70925419000005,-5584.459254189998,-5682.313881284998,11.960000038146973,LOW,-1,25950.0
173,2024-10-07 09:20:00+05:30,2024-10-10,25099.35,25,-649.9999999999998,206.250980245,-856.2509802449997,-959.3764703674997,14.130000114440918,NORMAL,0,25250.0
174,2024-10-14 09:20:00+05:30,2024-10-17,25042.6,25,-1875.0,203.893562155,-2078.893562155,-2180.8403432325,13.220000267028809,LOW,0,25050.0
175,2024-10-21 09:20:00+05:30,2024-10-24,24931.35,25,-843.7500000000009,189.55990427749998,-1033.309904277501,-1128.0898564162508,13.039999961853027,LOW,-1,24800.0
176,2024-11-11 09:20:00+05:30,2024-11-14,24063.1,25,-4712.5,243.712888195,-4956.212888195,-5078.0693322925,14.470000267028809,NORMAL,1,23950.0
177,2024-11-18 09:20:00+05:30,2024-11-21,23507.35,25,462.5,206.56837717,255.93162283,152.64743424500006,14.779999732971191,NORMAL,0,23450.0
178,2024-11-25 09:20:00+05:30,2024-11-28,24261.5,25,-5032.5,207.33166778,-5239.83166778,-5343.49750167,16.100000381469727,NORMAL,0,24250.0
179,2024-12-02 09:20:00+05:30,2024-12-05,24032.65,25,1024.999999999999,203.364713595,821.6352864049991,719.9529296074991,14.43000030517578,NORMAL,-1,24350.0
180,2024-12-09 09:20:00+05:30,2024-12-12,24671.25,25,-731.25,201.01406883250002,-932.2640688325,-1032.77110324875,14.140000343322754,NORMAL,0,24700.0
181,2024-12-13 09:20:00+05:30,2024-12-19,24455.45,25,-5726.25,207.0033840775,-5933.2533840775,-6036.75507611625,13.1899995803833,LOW,0,24100.0
182,2024-12-23 09:20:00+05:30,2024-12-26,23775.9,25,875.0000000000005,198.188171305,676.8118286950005,577.7177430425004,15.06999969482422,NORMAL,0,23850.0
183,2024-12-30 09:20:00+05:30,2025-01-02,23793.2,75,-12123.750000000002,256.2030501025,-12379.953050102502,-12508.054575153752,13.239999771118164,LOW,0,23900.0
184,2025-01-06 09:20:00+05:30,2025-01-09,24022.4,75,3892.4999999999964,254.86898906,3637.6310109399965,3510.1965164099965,13.539999961853027,NORMAL,-1,23800.0
185,2025-01-13 09:20:00+05:30,2025-01-16,23230.85,75,4091.25,224.30202576250002,3866.9479742375,3754.79696135625,14.920000076293944,NORMAL,0,23400.0
186,2025-01-20 09:20:00+05:30,2025-01-23,23213.65,75,-2793.75,249.08194680249994,-3042.8319468025,-3167.3729202037503,15.75,NORMAL,0,23250.0
187,2025-01-27 09:20:00+05:30,2025-01-30,22915.05,25,3455.0,150.88075341999996,3304.11924658,3228.67886987,16.75,NORMAL,-2,23250.0
188,2025-02-03 09:20:00+05:30,2025-02-06,23247.15,75,9150.000000000004,242.79102738499998,8907.208972615004,8785.813458922503,16.25,NORMAL,-1,23550.0
189,2025-02-10 09:20:00+05:30,2025-02-13,23464.6,75,6011.250000000001,244.4573942825,5766.792605717501,5644.5639085762505,13.6899995803833,NORMAL,-1,23300.0
190,2025-02-17 09:20:00+05:30,2025-02-20,22849.0,75,5058.75,217.74849250749998,4841.0015074925,4732.12726123875,15.020000457763672,NORMAL,0,22950.0
191,2025-02-24 09:20:00+05:30,2025-02-27,22625.2,75,-3007.4999999999964,213.97316847999997,-3221.4731684799963,-3328.4597527199962,14.529999732971191,NORMAL,0,22650.0
192,2025-03-03 09:20:00+05:30,2025-03-06,22245.15,75,-9266.25,236.09968003750004,-9502.3496800375,-9620.39952005625,13.90999984741211,NORMAL,0,22350.0
193,2025-03-10 09:20:00+05:30,2025-03-13,22576.35,75,-1796.25,219.68563375750003,-2015.9356337575,-2125.77845063625,13.470000267028809,LOW,0,22550.0
194,2025-03-17 09:20:00+05:30,2025-03-20,22510.5,75,-9007.5,244.47319361,-9251.97319361,-9374.209790415,13.279999732971191,LOW,-1,22800.0
195,2025-03-24 09:20:00+05:30,2025-03-27,23504.6,75,5261.25,226.74969810250005,5034.5003018975,4921.12545284625,12.579999923706056,LOW,0,23650.0
196,2025-04-01 09:20:00+05:30,2025-04-03,23431.35,75,3247.5000000000027,218.99230214500005,3028.507697855003,2919.0115467825026,12.720000267028809,LOW,0,23350.0
197,2025-04-07 09:20:00+05:30,2025-04-09,21874.85,75,1076.25,246.9037904125,829.3462095875,705.8943143812501,13.760000228881836,NORMAL,0,22450.0
198,2025-04-15 09:20:00+05:30,2025-04-17,23292.9,75,-20955.000000000004,233.2193989,-21188.219398900004,-21304.829098350005,20.11000061035156,NORMAL,0,23500.0
199,2025-04-21 09:20:00+05:30,2025-04-24,23953.2,75,12195.0,230.109058975,11964.890941025,11849.8364115375,15.470000267028809,NORMAL,0,24300.0
200,2025-04-28 09:20:00+05:30,2025-04-30,24100.5,75,9405.0,229.25402757999996,9175.74597242,9061.11895863,17.15999984741211,NORMAL,0,24400.0
201,2025-05-05 09:20:00+05:30,2025-05-08,24446.3,75,4860.0,225.14843297500002,4634.851567025,4522.2773505375,18.26000022888184,NORMAL,0,24450.0
202,2025-05-12 09:20:00+05:30,2025-05-15,24579.25,75,-7511.25,315.4842166875,-7826.7342166875,-7984.47632503125,21.6299991607666,HIGH,1,24800.0
203,2025-05-16 09:23:00+05:30,2025-05-22,25006.35,75,-47823.75,2702.2804931475,-50526.0304931475,-51877.17073972125,16.889999389648438,NORMAL,1,24850.0
204,2025-05-26 09:20:00+05:30,2025-05-29,25026.0,75,11100.0,214.760709415,10885.239290585,10777.8589358775,17.280000686645508,NORMAL,0,25000.0
205,2025-06-02 09:20:00+05:30,2025-06-05,24561.35,75,9810.0,219.144308485,9590.855691515,9481.2835372725,16.079999923706055,NORMAL,0,24800.0
206,2025-06-09 09:20:00+05:30,2025-06-12,25110.05,75,-1440.0,230.51885473,-1670.51885473,-1785.778282095,14.630000114440918,NORMAL,0,25200.0
207,2025-06-13 09:20:00+05:30,2025-06-19,24613.15,75,11985.0,212.32750637499998,11772.672493625,11666.5087404375,14.020000457763672,NORMAL,0,24850.0
208,2025-06-23 09:20:00+05:30,2025-06-26,24927.45,75,-8032.5,244.840832285,-8277.340832285,-8399.7612484275,13.670000076293944,NORMAL,-1,25250.0
209,2025-06-30 09:20:00+05:30,2025-07-03,25605.6,75,-15.000000000000455,217.30475332000003,-232.3047533200005,-340.9571299800004,12.390000343322754,LOW,0,25600.0
210,2025-07-07 09:20:00+05:30,2025-07-10,25452.6,75,2868.750000000001,211.76829825250002,2656.9817017475007,2551.097552621251,12.31999969482422,LOW,0,25500.0
211,2025-07-14 09:20:00+05:30,2025-07-17,25101.55,75,228.74999999999932,210.9369065725,17.813093427499325,-87.65535985875067,11.81999969482422,LOW,0,25200.0
212,2025-07-21 09:20:00+05:30,2025-07-24,24939.25,75,3596.249999999999,209.6866687675,3386.563331232499,3281.719996848749,11.390000343322754,LOW,0,25100.0
213,2025-07-28 09:20:00+05:30,2025-07-31,24784.45,75,401.25,221.4319494925,179.8180505075,69.10207576125003,11.279999732971191,LOW,0,24900.0
214,2025-08-04 09:20:00+05:30,2025-08-07,24624.35,75,1199.9999999999989,211.418486455,988.5815135449989,882.8722703174988,11.979999542236328,LOW,0,24650.0
215,2025-08-11 09:20:00+05:30,2025-08-14,24410.85,75,4822.5,212.97194206,4609.52805794,4503.04208691,12.029999732971191,LOW,0,24650.0
216,2025-08-18 09:20:00+05:30,2025-08-21,24951.75,75,1661.250000000001,214.0591203025,1447.1908796975008,1340.161319546251,12.359999656677246,LOW,0,25150.0
217,2025-08-25 09:20:00+05:30,2025-08-28,24922.2,75,-6378.75,174.73917294750004,-6553.4891729475,-6640.8587594212495,11.729999542236328,LOW,-2,24700.0
218,2025-09-01 09:20:00+05:30,2025-09-02,24513.55,75,2264.999999999999,205.213918165,2059.786081834999,1957.179122752499,11.75,LOW,0,24600.0
219,2025-09-08 09:20:00+05:30,2025-09-09,24792.0,75,1766.25,205.6560605275,1560.5939394725,1457.76590920875,10.779999732971191,LOW,0,24850.0
220,2025-09-15 09:20:00+05:30,2025-09-16,25095.3,75,757.5,208.74134395000002,548.75865605,444.387984075,10.119999885559082,LOW,0,25200.0
221,2025-09-17 09:20:00+05:30,2025-09-23,25304.75,75,4256.25,207.6985853725,4048.5514146275,3944.70212194125,10.270000457763672,LOW,0,25300.0
222,2025-09-29 09:20:00+05:30,2025-09-30,24698.5,75,989.9999999999995,180.58161361999998,809.4183863799996,719.1275795699995,11.43000030517578,LOW,-1,24750.0
223,2025-10-06 09:20:00+05:30,2025-10-07,24921.3,75,836.25,161.2883838675,674.9616161325,594.31742419875,10.0600004196167,LOW,-2,25050.0
224,2025-11-03 09:20:00+05:30,2025-11-04,25700.1,75,1949.9999999999995,209.19342286,1740.8065771399995,1636.2098657099996,12.149999618530272,LOW,0,25750.0
225,2025-11-10 09:20:00+05:30,2025-11-11,25560.45,75,-6768.75,214.8605515375,-6983.6105515375,-7091.04082730625,12.5600004196167,LOW,0,25550.0
226,2025-11-17 09:20:00+05:30,2025-11-18,25961.75,75,2756.25,208.5005199625,2547.7494800375,2443.49922005625,11.9399995803833,LOW,0,26000.0
227,2025-11-24 09:20:00+05:30,2025-11-25,26107.25,75,-2220.0,161.591612265,-2381.591612265,-2462.3874183975,13.630000114440918,NORMAL,-2,26100.0
228,2025-12-01 09:20:00+05:30,2025-12-02,26281.15,75,-1286.25,162.90391100250002,-1449.1539110025,-1530.60586650375,11.619999885559082,LOW,-2,26250.0
229,2025-12-08 09:20:00+05:30,2025-12-09,26171.45,75,-1515.0,213.48430518499998,-1728.484305185,-1835.2264577775,10.31999969482422,LOW,-1,26100.0
230,2025-12-15 09:20:00+05:30,2025-12-16,25944.45,75,2538.749999999999,204.80998165749997,2333.940018342499,2231.535027513749,10.109999656677246,LOW,0,25950.0
231,2025-12-17 09:20:00+05:30,2025-12-23,25883.9,75,5332.5,156.22529808000002,5176.27470192,5098.16205288,10.0600004196167,LOW,-2,26150.0
233,2026-01-05 09:20:00+05:30,2026-01-06,26323.9,65,399.74999999999955,155.8059784945,243.94402150549953,166.04103225824954,9.449999809265137,LOW,-2,26250.0
234,2026-01-12 09:20:00+05:30,2026-01-13,25594.15,65,-1248.0000000000002,218.134220604,-1466.1342206040003,-1575.2013309060003,10.93000030517578,LOW,0,25700.0
235,2026-01-19 09:20:00+05:30,2026-01-20,25595.45,65,-1969.5000000000018,169.45943371899997,-2138.959433719002,-2223.689150578502,11.369999885559082,LOW,-2,25600.0
236,2026-01-27 09:20:00+05:30,2026-01-27,24981.3,65,1257.7499999999998,210.6820117685,1047.0679882314998,941.7269823472498,14.1899995803833,NORMAL,0,25150.0
237,2026-02-01 09:20:00+05:30,2026-02-03,25299.4,65,-24592.749999999993,235.5263327765,-24828.27633277649,-24946.03949916474,13.630000114440918,NORMAL,0,25150.0
238,2026-02-09 09:20:00+05:30,2026-02-10,25811.9,65,2899.0,205.674351624,2693.325648376,2590.488472564,11.9399995803833,LOW,0,25950.0
239,2026-02-16 09:20:00+05:30,2026-02-17,25467.8,65,-42.25,163.11904589249997,-205.36904589249997,-286.92856883875004,13.289999961853027,NORMAL,-2,25700.0
240,2026-02-20 09:20:00+05:30,2026-02-24,25458.4,65,-133.24999999999818,222.2531432625,-355.50314326249816,-466.6297148937482,13.460000038146973,NORMAL,0,25550.0
241,2026-03-02 09:20:00+05:30,2026-03-02,24929.85,65,6912.75,210.3054820955,6702.4445179045,6597.29177685675,13.699999809265137,NORMAL,0,24950.0
242,2026-03-09 09:20:00+05:30,2026-03-10,23772.9,65,-8320.0,176.509256005,-8496.509256005,-8584.7638840075,19.8799991607666,NORMAL,-2,24250.0
243,2026-03-16 09:20:00+05:30,2026-03-17,23165.45,65,-146.24999999999955,165.7682684165,-312.01826841649955,-394.9024026247495,22.649999618530277,HIGH,-2,23550.0
244,2026-03-18 09:20:00+05:30,2026-03-24,23732.6,65,-5112.250000000004,174.86980606950002,-5287.119806069503,-5374.554709104254,19.790000915527344,NORMAL,-2,23150.0
245,2026-03-30 09:20:00+05:30,2026-03-30,22508.2,65,-2814.5,217.915616673,-3032.415616673,-3141.3734250095,26.799999237060547,HIGH,0,22550.0
246,2026-04-06 09:20:00+05:30,2026-04-07,22684.95,65,11206.0,179.093513837,11026.906486163,10937.3597292445,25.520000457763672,HIGH,-2,23100.0
247,2026-04-13 09:20:00+05:30,2026-04-13,23581.05,65,-2837.25,163.15839873849998,-3000.4083987385,-3081.98759810775,18.850000381469727,NORMAL,-2,23750.0
248,2026-04-15 09:20:00+05:30,2026-04-21,24231.25,65,11527.75,216.4090609535,11311.3409390465,11203.13640856975,20.5,HIGH,0,24600.0
249,2026-04-27 09:20:00+05:30,2026-04-28,24039.2,65,-2037.75,225.47826664450002,-2263.2282666445,-2375.9673999667502,19.709999084472656,NORMAL,0,24150.0
250,2026-05-04 09:20:00+05:30,2026-05-05,24196.45,65,5398.25,225.28802103050003,5172.9619789695,5060.31796845425,18.459999084472656,NORMAL,0,24100.0
251,2026-05-11 09:20:00+05:30,2026-05-12,23901.25,65,2232.7499999999964,266.6904734285,1966.0595265714965,1832.7142898572465,16.84000015258789,NORMAL,-1,23750.0
