strategy,trade_date,expiry,split,signal_ts,status,reason
S103-A_XAC_ORB,2024-01-09,2024-01-11,development,2024-01-09 10:20:00+05:30,COMPLETED,
S103-B_FBR,2024-01-10,2024-01-11,development,2024-01-10 10:21:00+05:30,COMPLETED,
S103-B_FBR,2024-01-11,2024-01-11,development,2024-01-11 09:43:00+05:30,COMPLETED,
S103-C_RC_VIX_IC,2024-01-11,2024-01-11,development,2024-01-11 09:59:00+05:30,COMPLETED,
S103-A_XAC_ORB,2024-01-12,2024-01-18,development,2024-01-12 10:06:00+05:30,COMPLETED,
S103-C_RC_VIX_IC,2024-01-12,2024-01-18,development,2024-01-12 09:59:00+05:30,COMPLETED,
S103-A_XAC_ORB,2024-01-15,2024-01-18,development,2024-01-15 14:09:00+05:30,COMPLETED,
S103-B_FBR,2024-01-15,2024-01-18,development,2024-01-15 09:50:00+05:30,COMPLETED,
S103-A_XAC_ORB,2024-01-18,2024-01-18,development,2024-01-18 09:35:00+05:30,COMPLETED,
S103-A_XAC_ORB,2024-01-19,2024-01-25,development,2024-01-19 09:31:00+05:30,COMPLETED,
S103-B_FBR,2024-01-19,2024-01-25,development,2024-01-19 09:32:00+05:30,COMPLETED,
S103-B_FBR,2024-01-20,2024-01-25,development,2024-01-20 09:32:00+05:30,COMPLETED,
S103-B_FBR,2024-01-23,2024-01-25,development,2024-01-23 09:40:00+05:30,COMPLETED,
S103-B_FBR,2024-01-24,2024-01-25,development,2024-01-24 09:33:00+05:30,COMPLETED,
S103-B_FBR,2024-01-25,2024-01-25,development,2024-01-25 09:56:00+05:30,COMPLETED,
S103-B_FBR,2024-01-29,2024-02-01,development,2024-01-29 09:35:00+05:30,COMPLETED,
S103-A_XAC_ORB,2024-02-01,2024-02-01,development,2024-02-01 09:39:00+05:30,COMPLETED,
S103-B_FBR,2024-02-01,2024-02-01,development,2024-02-01 09:40:00+05:30,COMPLETED,
S103-A_XAC_ORB,2024-02-02,2024-02-08,development,2024-02-02 09:32:00+05:30,COMPLETED,
S103-B_FBR,2024-02-02,2024-02-08,development,2024-02-02 09:35:00+05:30,COMPLETED,
S103-A_XAC_ORB,2024-02-05,2024-02-08,development,2024-02-05 09:49:00+05:30,COMPLETED,
S103-B_FBR,2024-02-06,2024-02-08,development,2024-02-06 09:40:00+05:30,COMPLETED,
S103-B_FBR,2024-02-07,2024-02-08,development,2024-02-07 09:49:00+05:30,COMPLETED,
S103-B_FBR,2024-02-08,2024-02-08,development,2024-02-08 09:53:00+05:30,COMPLETED,
S103-B_FBR,2024-02-09,2024-02-15,development,2024-02-09 10:01:00+05:30,COMPLETED,
S103-B_FBR,2024-02-12,2024-02-15,development,2024-02-12 09:41:00+05:30,COMPLETED,
S103-B_FBR,2024-02-13,2024-02-15,development,2024-02-13 09:34:00+05:30,COMPLETED,
S103-B_FBR,2024-02-14,2024-02-15,development,2024-02-14 09:54:00+05:30,COMPLETED,
S103-A_XAC_ORB,2024-02-15,2024-02-15,development,2024-02-15 13:41:00+05:30,COMPLETED,
S103-A_XAC_ORB,2024-02-16,2024-02-22,development,2024-02-16 10:09:00+05:30,COMPLETED,
S103-B_FBR,2024-02-16,2024-02-22,development,2024-02-16 09:51:00+05:30,COMPLETED,
S103-A_XAC_ORB,2024-02-19,2024-02-22,development,2024-02-19 09:30:00+05:30,COMPLETED,
S103-B_FBR,2024-02-19,2024-02-22,development,2024-02-19 09:31:00+05:30,COMPLETED,
S103-B_FBR,2024-02-20,2024-02-22,development,2024-02-20 09:44:00+05:30,COMPLETED,
S103-B_FBR,2024-02-21,2024-02-22,development,2024-02-21 09:49:00+05:30,COMPLETED,
S103-B_FBR,2024-02-23,2024-02-29,development,2024-02-23 09:36:00+05:30,COMPLETED,
S103-C_RC_VIX_IC,2024-02-23,2024-02-29,development,2024-02-23 09:59:00+05:30,COMPLETED,
S103-B_FBR,2024-02-26,2024-02-29,development,2024-02-26 09:48:00+05:30,COMPLETED,
S103-C_RC_VIX_IC,2024-02-26,2024-02-29,development,2024-02-26 09:59:00+05:30,COMPLETED,
S103-B_FBR,2024-02-27,2024-02-29,development,2024-02-27 09:41:00+05:30,COMPLETED,
S103-A_XAC_ORB,2024-02-28,2024-02-29,development,2024-02-28 10:10:00+05:30,COMPLETED,
S103-B_FBR,2024-02-28,2024-02-29,development,2024-02-28 09:31:00+05:30,COMPLETED,
S103-A_XAC_ORB,2024-02-29,2024-02-29,development,2024-02-29 10:13:00+05:30,COMPLETED,
S103-A_XAC_ORB,2024-03-01,2024-03-07,development,2024-03-01 09:39:00+05:30,COMPLETED,
S103-B_FBR,2024-03-04,2024-03-07,development,2024-03-04 09:42:00+05:30,COMPLETED,
S103-C_RC_VIX_IC,2024-03-04,2024-03-07,development,2024-03-04 09:59:00+05:30,COMPLETED,
S103-A_XAC_ORB,2024-03-05,2024-03-07,development,2024-03-05 10:16:00+05:30,COMPLETED,
S103-A_XAC_ORB,2024-03-06,2024-03-07,development,2024-03-06 09:58:00+05:30,COMPLETED,
S103-B_FBR,2024-03-06,2024-03-07,development,2024-03-06 09:45:00+05:30,COMPLETED,
S103-B_FBR,2024-03-07,2024-03-07,development,2024-03-07 09:33:00+05:30,COMPLETED,
S103-C_RC_VIX_IC,2024-03-07,2024-03-07,development,2024-03-07 09:59:00+05:30,COMPLETED,
S103-A_XAC_ORB,2024-03-11,2024-03-14,development,2024-03-11 09:42:00+05:30,COMPLETED,
S103-B_FBR,2024-03-11,2024-03-14,development,2024-03-11 09:43:00+05:30,COMPLETED,
S103-C_RC_VIX_IC,2024-03-11,2024-03-14,development,2024-03-11 09:59:00+05:30,COMPLETED,
S103-A_XAC_ORB,2024-03-12,2024-03-14,development,2024-03-12 09:31:00+05:30,COMPLETED,
S103-B_FBR,2024-03-12,2024-03-14,development,2024-03-12 09:32:00+05:30,COMPLETED,
S103-B_FBR,2024-03-13,2024-03-14,development,2024-03-13 09:35:00+05:30,COMPLETED,
S103-B_FBR,2024-03-14,2024-03-14,development,2024-03-14 09:35:00+05:30,COMPLETED,
S103-A_XAC_ORB,2024-03-15,2024-03-21,development,2024-03-15 09:37:00+05:30,COMPLETED,
S103-A_XAC_ORB,2024-03-18,2024-03-21,development,2024-03-18 09:48:00+05:30,COMPLETED,
S103-B_FBR,2024-03-18,2024-03-21,development,2024-03-18 09:49:00+05:30,COMPLETED,
S103-C_RC_VIX_IC,2024-03-19,2024-03-21,development,2024-03-19 09:59:00+05:30,COMPLETED,
S103-A_XAC_ORB,2024-03-20,2024-03-21,development,2024-03-20 13:09:00+05:30,COMPLETED,
S103-B_FBR,2024-03-20,2024-03-21,development,2024-03-20 09:32:00+05:30,COMPLETED,
S103-C_RC_VIX_IC,2024-03-20,2024-03-21,development,2024-03-20 09:59:00+05:30,COMPLETED,
S103-A_XAC_ORB,2024-03-21,2024-03-21,development,2024-03-21 10:04:00+05:30,COMPLETED,
S103-B_FBR,2024-03-21,2024-03-21,development,2024-03-21 09:35:00+05:30,COMPLETED,
S103-C_RC_VIX_IC,2024-03-21,2024-03-21,development,2024-03-21 09:59:00+05:30,COMPLETED,
S103-A_XAC_ORB,2024-03-22,2024-03-28,development,2024-03-22 09:59:00+05:30,COMPLETED,
S103-B_FBR,2024-03-22,2024-03-28,development,2024-03-22 09:31:00+05:30,COMPLETED,
S103-B_FBR,2024-03-27,2024-03-28,development,2024-03-27 09:31:00+05:30,COMPLETED,
S103-C_RC_VIX_IC,2024-03-27,2024-03-28,development,2024-03-27 09:59:00+05:30,COMPLETED,
S103-A_XAC_ORB,2024-03-28,2024-03-28,development,2024-03-28 09:34:00+05:30,COMPLETED,
S103-B_FBR,2024-03-28,2024-03-28,development,2024-03-28 09:35:00+05:30,COMPLETED,
S103-B_FBR,2024-04-01,2024-04-04,development,2024-04-01 09:37:00+05:30,COMPLETED,
S103-C_RC_VIX_IC,2024-04-01,2024-04-04,development,2024-04-01 09:59:00+05:30,COMPLETED,
S103-C_RC_VIX_IC,2024-04-02,2024-04-04,development,2024-04-02 09:59:00+05:30,COMPLETED,
S103-C_RC_VIX_IC,2024-04-03,2024-04-04,development,2024-04-03 09:59:00+05:30,COMPLETED,
S103-B_FBR,2024-04-05,2024-04-10,development,2024-04-05 10:27:00+05:30,COMPLETED,
S103-C_RC_VIX_IC,2024-04-05,2024-04-10,development,2024-04-05 09:59:00+05:30,COMPLETED,
S103-A_XAC_ORB,2024-04-08,2024-04-10,development,2024-04-08 09:30:00+05:30,COMPLETED,
S103-B_FBR,2024-04-08,2024-04-10,development,2024-04-08 09:31:00+05:30,COMPLETED,
S103-C_RC_VIX_IC,2024-04-08,2024-04-10,development,2024-04-08 09:59:00+05:30,COMPLETED,
S103-A_XAC_ORB,2024-04-10,2024-04-10,development,2024-04-10 13:22:00+05:30,COMPLETED,
S103-C_RC_VIX_IC,2024-04-10,2024-04-10,development,2024-04-10 09:59:00+05:30,COMPLETED,
S103-B_FBR,2024-04-12,2024-04-18,development,2024-04-12 09:32:00+05:30,COMPLETED,
S103-A_XAC_ORB,2024-04-15,2024-04-18,development,2024-04-15 09:33:00+05:30,COMPLETED,
S103-A_XAC_ORB,2024-04-16,2024-04-18,development,2024-04-16 13:14:00+05:30,COMPLETED,
S103-A_XAC_ORB,2024-04-18,2024-04-18,development,2024-04-18 09:43:00+05:30,COMPLETED,
S103-B_FBR,2024-04-19,2024-04-25,development,2024-04-19 09:48:00+05:30,COMPLETED,
S103-A_XAC_ORB,2024-04-22,2024-04-25,development,2024-04-22 09:41:00+05:30,COMPLETED,
S103-B_FBR,2024-04-23,2024-04-25,development,2024-04-23 09:38:00+05:30,COMPLETED,
S103-C_RC_VIX_IC,2024-04-23,2024-04-25,development,2024-04-23 09:59:00+05:30,COMPLETED,
S103-A_XAC_ORB,2024-04-24,2024-04-25,development,2024-04-24 09:51:00+05:30,COMPLETED,
S103-C_RC_VIX_IC,2024-04-24,2024-04-25,development,2024-04-24 09:59:00+05:30,COMPLETED,
S103-A_XAC_ORB,2024-04-25,2024-04-25,development,2024-04-25 09:35:00+05:30,COMPLETED,
S103-A_XAC_ORB,2024-04-26,2024-05-02,development,2024-04-26 10:01:00+05:30,COMPLETED,
S103-C_RC_VIX_IC,2024-04-26,2024-05-02,development,2024-04-26 09:59:00+05:30,COMPLETED,
S103-A_XAC_ORB,2024-04-29,2024-05-02,development,2024-04-29 09:32:00+05:30,COMPLETED,
S103-B_FBR,2024-04-29,2024-05-02,development,2024-04-29 09:33:00+05:30,COMPLETED,
S103-A_XAC_ORB,2024-04-30,2024-05-02,development,2024-04-30 09:31:00+05:30,COMPLETED,
S103-B_FBR,2024-04-30,2024-05-02,development,2024-04-30 09:32:00+05:30,COMPLETED,
S103-C_RC_VIX_IC,2024-04-30,2024-05-02,development,2024-04-30 09:59:00+05:30,COMPLETED,
S103-B_FBR,2024-05-02,2024-05-02,development,2024-05-02 09:47:00+05:30,COMPLETED,
S103-C_RC_VIX_IC,2024-05-03,2024-05-09,development,2024-05-03 09:59:00+05:30,COMPLETED,
S103-A_XAC_ORB,2024-05-06,2024-05-09,development,2024-05-06 09:30:00+05:30,COMPLETED,
S103-B_FBR,2024-05-06,2024-05-09,development,2024-05-06 09:32:00+05:30,COMPLETED,
S103-B_FBR,2024-05-07,2024-05-09,development,2024-05-07 09:50:00+05:30,COMPLETED,
S103-B_FBR,2024-05-08,2024-05-09,development,2024-05-08 10:10:00+05:30,COMPLETED,
S103-A_XAC_ORB,2024-05-09,2024-05-09,development,2024-05-09 09:48:00+05:30,COMPLETED,
S103-B_FBR,2024-05-09,2024-05-09,development,2024-05-09 09:50:00+05:30,COMPLETED,
S103-A_XAC_ORB,2024-05-10,2024-05-16,development,2024-05-10 09:43:00+05:30,COMPLETED,
S103-A_XAC_ORB,2024-05-13,2024-05-16,development,2024-05-13 13:54:00+05:30,COMPLETED,
S103-A_XAC_ORB,2024-05-15,2024-05-16,development,2024-05-15 09:44:00+05:30,COMPLETED,
S103-A_XAC_ORB,2024-05-17,2024-05-23,development,2024-05-17 09:43:00+05:30,COMPLETED,
S103-B_FBR,2024-05-17,2024-05-23,development,2024-05-17 09:44:00+05:30,COMPLETED,
S103-A_XAC_ORB,2024-05-21,2024-05-23,development,2024-05-21 11:25:00+05:30,COMPLETED,
S103-A_XAC_ORB,2024-05-22,2024-05-23,development,2024-05-22 12:17:00+05:30,COMPLETED,
S103-B_FBR,2024-05-24,2024-05-30,development,2024-05-24 09:32:00+05:30,COMPLETED,
S103-A_XAC_ORB,2024-05-27,2024-05-30,development,2024-05-27 11:54:00+05:30,COMPLETED,
S103-B_FBR,2024-05-27,2024-05-30,development,2024-05-27 09:36:00+05:30,COMPLETED,
S103-B_FBR,2024-05-28,2024-05-30,development,2024-05-28 09:36:00+05:30,COMPLETED,
S103-B_FBR,2024-05-29,2024-05-30,development,2024-05-29 09:37:00+05:30,COMPLETED,
S103-A_XAC_ORB,2024-05-30,2024-05-30,development,2024-05-30 09:37:00+05:30,COMPLETED,
S103-A_XAC_ORB,2024-05-31,2024-06-06,development,2024-05-31 10:05:00+05:30,COMPLETED,
S103-B_FBR,2024-05-31,2024-06-06,development,2024-05-31 09:34:00+05:30,COMPLETED,
S103-B_FBR,2024-06-04,2024-06-06,development,2024-06-04 09:33:00+05:30,COMPLETED,
S103-A_XAC_ORB,2024-06-05,2024-06-06,development,2024-06-05 10:51:00+05:30,COMPLETED,
S103-A_XAC_ORB,2024-06-06,2024-06-06,development,2024-06-06 10:15:00+05:30,COMPLETED,
S103-B_FBR,2024-06-07,2024-06-13,development,2024-06-07 09:44:00+05:30,COMPLETED,
S103-A_XAC_ORB,2024-06-10,2024-06-13,development,2024-06-10 09:36:00+05:30,COMPLETED,
S103-B_FBR,2024-06-10,2024-06-13,development,2024-06-10 09:41:00+05:30,COMPLETED,
S103-A_XAC_ORB,2024-06-11,2024-06-13,development,2024-06-11 10:03:00+05:30,COMPLETED,
S103-B_FBR,2024-06-11,2024-06-13,development,2024-06-11 09:41:00+05:30,COMPLETED,
S103-C_RC_VIX_IC,2024-06-11,2024-06-13,development,2024-06-11 09:59:00+05:30,COMPLETED,
S103-A_XAC_ORB,2024-06-12,2024-06-13,development,2024-06-12 09:37:00+05:30,COMPLETED,
S103-A_XAC_ORB,2024-06-18,2024-06-20,development,2024-06-18 10:05:00+05:30,COMPLETED,
S103-B_FBR,2024-06-18,2024-06-20,development,2024-06-18 10:06:00+05:30,COMPLETED,
S103-C_RC_VIX_IC,2024-06-18,2024-06-20,development,2024-06-18 09:59:00+05:30,COMPLETED,
S103-B_FBR,2024-06-19,2024-06-20,development,2024-06-19 09:31:00+05:30,COMPLETED,
S103-C_RC_VIX_IC,2024-06-19,2024-06-20,development,2024-06-19 09:59:00+05:30,COMPLETED,
S103-B_FBR,2024-06-20,2024-06-20,development,2024-06-20 09:58:00+05:30,COMPLETED,
S103-C_RC_VIX_IC,2024-06-21,2024-06-27,development,2024-06-21 09:59:00+05:30,COMPLETED,
S103-B_FBR,2024-06-24,2024-06-27,development,2024-06-24 10:11:00+05:30,COMPLETED,
S103-C_RC_VIX_IC,2024-06-24,2024-06-27,development,2024-06-24 09:59:00+05:30,COMPLETED,
S103-B_FBR,2024-06-25,2024-06-27,development,2024-06-25 09:51:00+05:30,COMPLETED,
S103-C_RC_VIX_IC,2024-06-25,2024-06-27,development,2024-06-25 09:59:00+05:30,COMPLETED,
S103-A_XAC_ORB,2024-06-26,2024-06-27,development,2024-06-26 10:57:00+05:30,COMPLETED,
S103-B_FBR,2024-06-26,2024-06-27,development,2024-06-26 09:32:00+05:30,COMPLETED,
S103-C_RC_VIX_IC,2024-06-26,2024-06-27,development,2024-06-26 09:59:00+05:30,COMPLETED,
S103-A_XAC_ORB,2024-06-27,2024-06-27,development,2024-06-27 09:56:00+05:30,COMPLETED,
S103-C_RC_VIX_IC,2024-06-27,2024-06-27,development,2024-06-27 09:59:00+05:30,COMPLETED,
S103-A_XAC_ORB,2024-06-28,2024-07-04,development,2024-06-28 09:39:00+05:30,COMPLETED,
S103-C_RC_VIX_IC,2024-06-28,2024-07-04,development,2024-06-28 09:59:00+05:30,COMPLETED,
S103-B_FBR,2024-07-01,2024-07-04,development,2024-07-01 09:32:00+05:30,COMPLETED,
S103-C_RC_VIX_IC,2024-07-01,2024-07-04,development,2024-07-01 09:59:00+05:30,COMPLETED,
S103-B_FBR,2024-07-02,2024-07-04,development,2024-07-02 09:32:00+05:30,COMPLETED,
S103-A_XAC_ORB,2024-07-03,2024-07-04,development,2024-07-03 09:49:00+05:30,COMPLETED,
S103-C_RC_VIX_IC,2024-07-03,2024-07-04,development,2024-07-03 09:59:00+05:30,COMPLETED,
S103-A_XAC_ORB,2024-07-04,2024-07-04,development,2024-07-04 09:43:00+05:30,COMPLETED,
S103-C_RC_VIX_IC,2024-07-04,2024-07-04,development,2024-07-04 09:59:00+05:30,COMPLETED,
S103-B_FBR,2024-07-05,2024-07-11,development,2024-07-05 09:32:00+05:30,COMPLETED,
S103-C_RC_VIX_IC,2024-07-05,2024-07-11,development,2024-07-05 09:59:00+05:30,COMPLETED,
S103-C_RC_VIX_IC,2024-07-08,2024-07-11,development,2024-07-08 09:59:00+05:30,COMPLETED,
S103-B_FBR,2024-07-09,2024-07-11,development,2024-07-09 09:40:00+05:30,COMPLETED,
S103-C_RC_VIX_IC,2024-07-09,2024-07-11,development,2024-07-09 09:59:00+05:30,COMPLETED,
S103-B_FBR,2024-07-10,2024-07-11,development,2024-07-10 09:49:00+05:30,COMPLETED,
S103-C_RC_VIX_IC,2024-07-10,2024-07-11,development,2024-07-10 09:59:00+05:30,COMPLETED,
S103-C_RC_VIX_IC,2024-07-11,2024-07-11,development,2024-07-11 09:59:00+05:30,COMPLETED,
S103-A_XAC_ORB,2024-07-15,2024-07-18,development,2024-07-15 10:41:00+05:30,COMPLETED,
S103-B_FBR,2024-07-15,2024-07-18,development,2024-07-15 10:00:00+05:30,COMPLETED,
S103-C_RC_VIX_IC,2024-07-15,2024-07-18,development,2024-07-15 09:59:00+05:30,COMPLETED,
S103-A_XAC_ORB,2024-07-16,2024-07-18,development,2024-07-16 10:34:00+05:30,COMPLETED,
S103-C_RC_VIX_IC,2024-07-16,2024-07-18,development,2024-07-16 09:59:00+05:30,COMPLETED,
S103-A_XAC_ORB,2024-07-18,2024-07-18,development,2024-07-18 09:30:00+05:30,COMPLETED,
S103-A_XAC_ORB,2024-07-19,2024-07-25,development,2024-07-19 09:46:00+05:30,COMPLETED,
S103-B_FBR,2024-07-22,2024-07-25,development,2024-07-22 09:36:00+05:30,COMPLETED,
S103-A_XAC_ORB,2024-07-24,2024-07-25,development,2024-07-24 09:46:00+05:30,COMPLETED,
S103-B_FBR,2024-07-24,2024-07-25,development,2024-07-24 09:36:00+05:30,COMPLETED,
S103-B_FBR,2024-07-25,2024-07-25,development,2024-07-25 09:42:00+05:30,COMPLETED,
S103-C_RC_VIX_IC,2024-07-25,2024-07-25,development,2024-07-25 09:59:00+05:30,COMPLETED,
S103-A_XAC_ORB,2024-07-29,2024-08-01,development,2024-07-29 11:38:00+05:30,COMPLETED,
S103-B_FBR,2024-07-29,2024-08-01,development,2024-07-29 09:33:00+05:30,COMPLETED,
S103-C_RC_VIX_IC,2024-07-29,2024-08-01,development,2024-07-29 09:59:00+05:30,COMPLETED,
S103-A_XAC_ORB,2024-07-30,2024-08-01,development,2024-07-30 09:33:00+05:30,COMPLETED,
S103-B_FBR,2024-07-30,2024-08-01,development,2024-07-30 09:35:00+05:30,COMPLETED,
S103-C_RC_VIX_IC,2024-07-30,2024-08-01,development,2024-07-30 09:59:00+05:30,COMPLETED,
S103-B_FBR,2024-07-31,2024-08-01,development,2024-07-31 09:33:00+05:30,COMPLETED,
S103-C_RC_VIX_IC,2024-07-31,2024-08-01,development,2024-07-31 09:59:00+05:30,COMPLETED,
S103-C_RC_VIX_IC,2024-08-01,2024-08-01,development,2024-08-01 09:59:00+05:30,COMPLETED,
S103-A_XAC_ORB,2024-08-02,2024-08-08,development,2024-08-02 09:45:00+05:30,COMPLETED,
S103-B_FBR,2024-08-02,2024-08-08,development,2024-08-02 09:50:00+05:30,COMPLETED,
S103-A_XAC_ORB,2024-08-05,2024-08-08,development,2024-08-05 09:30:00+05:30,COMPLETED,
S103-B_FBR,2024-08-05,2024-08-08,development,2024-08-05 09:31:00+05:30,COMPLETED,
S103-A_XAC_ORB,2024-08-06,2024-08-08,development,2024-08-06 10:37:00+05:30,COMPLETED,
S103-A_XAC_ORB,2024-08-07,2024-08-08,development,2024-08-07 10:30:00+05:30,COMPLETED,
S103-B_FBR,2024-08-07,2024-08-08,development,2024-08-07 09:37:00+05:30,COMPLETED,
S103-C_RC_VIX_IC,2024-08-07,2024-08-08,development,2024-08-07 09:59:00+05:30,COMPLETED,
S103-A_XAC_ORB,2024-08-08,2024-08-08,development,2024-08-08 09:36:00+05:30,COMPLETED,
S103-B_FBR,2024-08-08,2024-08-08,development,2024-08-08 09:32:00+05:30,COMPLETED,
S103-C_RC_VIX_IC,2024-08-08,2024-08-08,development,2024-08-08 09:59:00+05:30,COMPLETED,
S103-A_XAC_ORB,2024-08-09,2024-08-14,development,2024-08-09 09:46:00+05:30,COMPLETED,
S103-B_FBR,2024-08-09,2024-08-14,development,2024-08-09 09:51:00+05:30,COMPLETED,
S103-A_XAC_ORB,2024-08-12,2024-08-14,development,2024-08-12 10:40:00+05:30,COMPLETED,
S103-B_FBR,2024-08-13,2024-08-14,development,2024-08-13 09:39:00+05:30,COMPLETED,
S103-C_RC_VIX_IC,2024-08-13,2024-08-14,development,2024-08-13 09:59:00+05:30,COMPLETED,
S103-B_FBR,2024-08-14,2024-08-14,development,2024-08-14 09:35:00+05:30,COMPLETED,
S103-C_RC_VIX_IC,2024-08-14,2024-08-14,development,2024-08-14 09:59:00+05:30,COMPLETED,
S103-A_XAC_ORB,2024-08-16,2024-08-22,development,2024-08-16 12:04:00+05:30,COMPLETED,
S103-B_FBR,2024-08-16,2024-08-22,development,2024-08-16 09:53:00+05:30,COMPLETED,
S103-B_FBR,2024-08-19,2024-08-22,development,2024-08-19 09:55:00+05:30,COMPLETED,
S103-C_RC_VIX_IC,2024-08-19,2024-08-22,development,2024-08-19 09:59:00+05:30,COMPLETED,
S103-A_XAC_ORB,2024-08-20,2024-08-22,development,2024-08-20 09:40:00+05:30,COMPLETED,
S103-C_RC_VIX_IC,2024-08-20,2024-08-22,development,2024-08-20 09:59:00+05:30,COMPLETED,
S103-B_FBR,2024-08-21,2024-08-22,development,2024-08-21 09:51:00+05:30,COMPLETED,
S103-C_RC_VIX_IC,2024-08-21,2024-08-22,development,2024-08-21 09:59:00+05:30,COMPLETED,
S103-B_FBR,2024-08-22,2024-08-22,development,2024-08-22 09:50:00+05:30,COMPLETED,
S103-C_RC_VIX_IC,2024-08-22,2024-08-22,development,2024-08-22 09:59:00+05:30,COMPLETED,
S103-A_XAC_ORB,2024-08-23,2024-08-29,development,2024-08-23 09:37:00+05:30,COMPLETED,
S103-C_RC_VIX_IC,2024-08-23,2024-08-29,development,2024-08-23 09:59:00+05:30,COMPLETED,
S103-A_XAC_ORB,2024-08-26,2024-08-29,development,2024-08-26 09:32:00+05:30,COMPLETED,
S103-A_XAC_ORB,2024-08-27,2024-08-29,development,2024-08-27 09:31:00+05:30,COMPLETED,
S103-B_FBR,2024-08-27,2024-08-29,development,2024-08-27 09:32:00+05:30,COMPLETED,
S103-C_RC_VIX_IC,2024-08-27,2024-08-29,development,2024-08-27 09:59:00+05:30,COMPLETED,
S103-A_XAC_ORB,2024-08-28,2024-08-29,development,2024-08-28 11:17:00+05:30,COMPLETED,
S103-C_RC_VIX_IC,2024-08-28,2024-08-29,development,2024-08-28 09:59:00+05:30,COMPLETED,
S103-A_XAC_ORB,2024-08-29,2024-08-29,development,2024-08-29 14:04:00+05:30,COMPLETED,
S103-A_XAC_ORB,2024-08-30,2024-09-05,development,2024-08-30 09:33:00+05:30,COMPLETED,
S103-C_RC_VIX_IC,2024-08-30,2024-09-05,development,2024-08-30 09:59:00+05:30,COMPLETED,
S103-B_FBR,2024-09-02,2024-09-05,development,2024-09-02 09:36:00+05:30,COMPLETED,
S103-C_RC_VIX_IC,2024-09-02,2024-09-05,development,2024-09-02 09:59:00+05:30,COMPLETED,
S103-B_FBR,2024-09-03,2024-09-05,development,2024-09-03 09:58:00+05:30,COMPLETED,
S103-C_RC_VIX_IC,2024-09-03,2024-09-05,development,2024-09-03 09:59:00+05:30,COMPLETED,
S103-B_FBR,2024-09-04,2024-09-05,development,2024-09-04 09:56:00+05:30,COMPLETED,
S103-C_RC_VIX_IC,2024-09-04,2024-09-05,development,2024-09-04 09:59:00+05:30,COMPLETED,
S103-A_XAC_ORB,2024-09-05,2024-09-05,development,2024-09-05 09:36:00+05:30,COMPLETED,
S103-B_FBR,2024-09-05,2024-09-05,development,2024-09-05 09:37:00+05:30,COMPLETED,
S103-A_XAC_ORB,2024-09-06,2024-09-12,development,2024-09-06 09:37:00+05:30,COMPLETED,
S103-B_FBR,2024-09-06,2024-09-12,development,2024-09-06 09:32:00+05:30,COMPLETED,
S103-A_XAC_ORB,2024-09-10,2024-09-12,development,2024-09-10 11:58:00+05:30,COMPLETED,
S103-B_FBR,2024-09-10,2024-09-12,development,2024-09-10 09:41:00+05:30,COMPLETED,
S103-A_XAC_ORB,2024-09-12,2024-09-12,development,2024-09-12 14:01:00+05:30,COMPLETED,
S103-B_FBR,2024-09-12,2024-09-12,development,2024-09-12 09:40:00+05:30,COMPLETED,
S103-B_FBR,2024-09-13,2024-09-19,development,2024-09-13 09:33:00+05:30,COMPLETED,
S103-A_XAC_ORB,2024-09-16,2024-09-19,development,2024-09-16 09:33:00+05:30,COMPLETED,
S103-B_FBR,2024-09-16,2024-09-19,development,2024-09-16 09:35:00+05:30,COMPLETED,
S103-C_RC_VIX_IC,2024-09-16,2024-09-19,development,2024-09-16 09:59:00+05:30,COMPLETED,
S103-B_FBR,2024-09-17,2024-09-19,development,2024-09-17 09:56:00+05:30,COMPLETED,
S103-C_RC_VIX_IC,2024-09-17,2024-09-19,development,2024-09-17 09:59:00+05:30,COMPLETED,
S103-C_RC_VIX_IC,2024-09-18,2024-09-19,development,2024-09-18 09:59:00+05:30,COMPLETED,
S103-A_XAC_ORB,2024-09-19,2024-09-19,development,2024-09-19 11:22:00+05:30,COMPLETED,
S103-B_FBR,2024-09-19,2024-09-19,development,2024-09-19 09:41:00+05:30,COMPLETED,
S103-A_XAC_ORB,2024-09-20,2024-09-26,development,2024-09-20 09:55:00+05:30,COMPLETED,
S103-B_FBR,2024-09-20,2024-09-26,development,2024-09-20 09:37:00+05:30,COMPLETED,
S103-B_FBR,2024-09-23,2024-09-26,development,2024-09-23 09:55:00+05:30,COMPLETED,
S103-C_RC_VIX_IC,2024-09-23,2024-09-26,development,2024-09-23 09:59:00+05:30,COMPLETED,
S103-A_XAC_ORB,2024-09-24,2024-09-26,development,2024-09-24 09:37:00+05:30,COMPLETED,
S103-B_FBR,2024-09-24,2024-09-26,development,2024-09-24 09:39:00+05:30,COMPLETED,
S103-A_XAC_ORB,2024-09-25,2024-09-26,development,2024-09-25 09:49:00+05:30,COMPLETED,
S103-B_FBR,2024-09-25,2024-09-26,development,2024-09-25 09:50:00+05:30,COMPLETED,
S103-C_RC_VIX_IC,2024-09-25,2024-09-26,development,2024-09-25 09:59:00+05:30,COMPLETED,
S103-C_RC_VIX_IC,2024-09-26,2024-09-26,development,2024-09-26 09:59:00+05:30,COMPLETED,
S103-A_XAC_ORB,2024-09-27,2024-10-03,development,2024-09-27 09:46:00+05:30,COMPLETED,
S103-C_RC_VIX_IC,2024-09-27,2024-10-03,development,2024-09-27 09:59:00+05:30,COMPLETED,
S103-A_XAC_ORB,2024-10-03,2024-10-03,development,2024-10-03 09:33:00+05:30,COMPLETED,
S103-A_XAC_ORB,2024-10-04,2024-10-10,development,2024-10-04 09:31:00+05:30,COMPLETED,
S103-B_FBR,2024-10-04,2024-10-10,development,2024-10-04 09:33:00+05:30,COMPLETED,
S103-B_FBR,2024-10-07,2024-10-10,development,2024-10-07 09:34:00+05:30,COMPLETED,
S103-A_XAC_ORB,2024-10-09,2024-10-10,development,2024-10-09 09:46:00+05:30,COMPLETED,
S103-A_XAC_ORB,2024-10-10,2024-10-10,development,2024-10-10 10:05:00+05:30,COMPLETED,
S103-C_RC_VIX_IC,2024-10-10,2024-10-10,development,2024-10-10 09:59:00+05:30,COMPLETED,
S103-A_XAC_ORB,2024-10-11,2024-10-17,development,2024-10-11 11:23:00+05:30,COMPLETED,
S103-B_FBR,2024-10-11,2024-10-17,development,2024-10-11 09:52:00+05:30,COMPLETED,
S103-C_RC_VIX_IC,2024-10-11,2024-10-17,development,2024-10-11 09:59:00+05:30,COMPLETED,
S103-A_XAC_ORB,2024-10-14,2024-10-17,development,2024-10-14 09:43:00+05:30,COMPLETED,
S103-B_FBR,2024-10-15,2024-10-17,development,2024-10-15 09:39:00+05:30,COMPLETED,
S103-A_XAC_ORB,2024-10-16,2024-10-17,development,2024-10-16 11:15:00+05:30,COMPLETED,
S103-B_FBR,2024-10-18,2024-10-24,development,2024-10-18 09:50:00+05:30,COMPLETED,
S103-A_XAC_ORB,2024-10-22,2024-10-24,development,2024-10-22 10:16:00+05:30,COMPLETED,
S103-B_FBR,2024-10-22,2024-10-24,development,2024-10-22 09:48:00+05:30,COMPLETED,
S103-B_FBR,2024-10-23,2024-10-24,development,2024-10-23 09:53:00+05:30,COMPLETED,
S103-A_XAC_ORB,2024-10-24,2024-10-24,development,2024-10-24 09:33:00+05:30,COMPLETED,
S103-B_FBR,2024-10-25,2024-10-31,development,2024-10-25 09:35:00+05:30,COMPLETED,
S103-A_XAC_ORB,2024-10-28,2024-10-31,development,2024-10-28 09:30:00+05:30,COMPLETED,
S103-B_FBR,2024-10-28,2024-10-31,development,2024-10-28 09:32:00+05:30,COMPLETED,
S103-A_XAC_ORB,2024-10-29,2024-10-31,development,2024-10-29 14:05:00+05:30,COMPLETED,
S103-A_XAC_ORB,2024-10-30,2024-10-31,development,2024-10-30 10:54:00+05:30,COMPLETED,
S103-A_XAC_ORB,2024-10-31,2024-10-31,development,2024-10-31 09:31:00+05:30,COMPLETED,
S103-B_FBR,2024-11-04,2024-11-07,development,2024-11-04 09:35:00+05:30,COMPLETED,
S103-A_XAC_ORB,2024-11-05,2024-11-07,development,2024-11-05 11:38:00+05:30,COMPLETED,
S103-B_FBR,2024-11-05,2024-11-07,development,2024-11-05 10:29:00+05:30,COMPLETED,
S103-A_XAC_ORB,2024-11-06,2024-11-07,development,2024-11-06 09:44:00+05:30,COMPLETED,
S103-B_FBR,2024-11-07,2024-11-07,development,2024-11-07 09:40:00+05:30,COMPLETED,
S103-A_XAC_ORB,2024-11-11,2024-11-14,development,2024-11-11 09:30:00+05:30,COMPLETED,
S103-B_FBR,2024-11-12,2024-11-14,development,2024-11-12 09:33:00+05:30,COMPLETED,
S103-A_XAC_ORB,2024-11-13,2024-11-14,development,2024-11-13 09:42:00+05:30,COMPLETED,
S103-B_FBR,2024-11-14,2024-11-14,development,2024-11-14 09:42:00+05:30,COMPLETED,
S103-A_XAC_ORB,2024-11-18,2024-11-21,development,2024-11-18 09:33:00+05:30,COMPLETED,
S103-A_XAC_ORB,2024-11-22,2024-11-28,development,2024-11-22 09:30:00+05:30,COMPLETED,
S103-B_FBR,2024-11-22,2024-11-28,development,2024-11-22 09:33:00+05:30,COMPLETED,
S103-A_XAC_ORB,2024-11-25,2024-11-28,development,2024-11-25 10:30:00+05:30,COMPLETED,
S103-B_FBR,2024-11-26,2024-11-28,development,2024-11-26 09:41:00+05:30,COMPLETED,
S103-A_XAC_ORB,2024-11-27,2024-11-28,development,2024-11-27 12:32:00+05:30,COMPLETED,
S103-B_FBR,2024-11-27,2024-11-28,development,2024-11-27 09:43:00+05:30,COMPLETED,
S103-A_XAC_ORB,2024-11-28,2024-11-28,development,2024-11-28 10:33:00+05:30,COMPLETED,
S103-B_FBR,2024-11-28,2024-11-28,development,2024-11-28 10:06:00+05:30,COMPLETED,
S103-B_FBR,2024-11-29,2024-12-05,development,2024-11-29 09:35:00+05:30,COMPLETED,
S103-A_XAC_ORB,2024-12-03,2024-12-05,development,2024-12-03 10:25:00+05:30,COMPLETED,
S103-B_FBR,2024-12-03,2024-12-05,development,2024-12-03 09:33:00+05:30,COMPLETED,
S103-A_XAC_ORB,2024-12-04,2024-12-05,development,2024-12-04 09:31:00+05:30,COMPLETED,
S103-C_RC_VIX_IC,2024-12-04,2024-12-05,development,2024-12-04 09:59:00+05:30,COMPLETED,
S103-A_XAC_ORB,2024-12-05,2024-12-05,development,2024-12-05 12:11:00+05:30,COMPLETED,
S103-B_FBR,2024-12-05,2024-12-05,development,2024-12-05 09:41:00+05:30,COMPLETED,
S103-C_RC_VIX_IC,2024-12-05,2024-12-05,development,2024-12-05 09:59:00+05:30,COMPLETED,
S103-A_XAC_ORB,2024-12-06,2024-12-12,development,2024-12-06 09:57:00+05:30,COMPLETED,
S103-B_FBR,2024-12-06,2024-12-12,development,2024-12-06 09:58:00+05:30,COMPLETED,
S103-C_RC_VIX_IC,2024-12-06,2024-12-12,development,2024-12-06 09:59:00+05:30,COMPLETED,
S103-B_FBR,2024-12-09,2024-12-12,development,2024-12-09 09:53:00+05:30,COMPLETED,
S103-C_RC_VIX_IC,2024-12-09,2024-12-12,development,2024-12-09 09:59:00+05:30,COMPLETED,
S103-A_XAC_ORB,2024-12-10,2024-12-12,development,2024-12-10 12:15:00+05:30,COMPLETED,
S103-B_FBR,2024-12-10,2024-12-12,development,2024-12-10 09:56:00+05:30,COMPLETED,
S103-C_RC_VIX_IC,2024-12-10,2024-12-12,development,2024-12-10 09:59:00+05:30,COMPLETED,
S103-A_XAC_ORB,2024-12-11,2024-12-12,development,2024-12-11 09:50:00+05:30,COMPLETED,
S103-B_FBR,2024-12-11,2024-12-12,development,2024-12-11 09:51:00+05:30,COMPLETED,
S103-C_RC_VIX_IC,2024-12-11,2024-12-12,development,2024-12-11 09:59:00+05:30,COMPLETED,
S103-A_XAC_ORB,2024-12-12,2024-12-12,development,2024-12-12 09:30:00+05:30,COMPLETED,
S103-C_RC_VIX_IC,2024-12-12,2024-12-12,development,2024-12-12 09:59:00+05:30,COMPLETED,
S103-A_XAC_ORB,2024-12-13,2024-12-19,development,2024-12-13 09:31:00+05:30,COMPLETED,
S103-A_XAC_ORB,2024-12-16,2024-12-19,development,2024-12-16 09:30:00+05:30,COMPLETED,
S103-B_FBR,2024-12-16,2024-12-19,development,2024-12-16 09:32:00+05:30,COMPLETED,
S103-C_RC_VIX_IC,2024-12-16,2024-12-19,development,2024-12-16 09:59:00+05:30,COMPLETED,
S103-B_FBR,2024-12-17,2024-12-19,development,2024-12-17 09:38:00+05:30,COMPLETED,
S103-C_RC_VIX_IC,2024-12-17,2024-12-19,development,2024-12-17 09:59:00+05:30,COMPLETED,
S103-A_XAC_ORB,2024-12-18,2024-12-19,development,2024-12-18 09:58:00+05:30,COMPLETED,
S103-A_XAC_ORB,2024-12-20,2024-12-26,development,2024-12-20 09:49:00+05:30,COMPLETED,
S103-A_XAC_ORB,2024-12-23,2024-12-26,development,2024-12-23 10:58:00+05:30,COMPLETED,
S103-B_FBR,2024-12-23,2024-12-26,development,2024-12-23 09:39:00+05:30,COMPLETED,
S103-A_XAC_ORB,2024-12-24,2024-12-26,development,2024-12-24 10:00:00+05:30,COMPLETED,
S103-C_RC_VIX_IC,2024-12-24,2024-12-26,development,2024-12-24 09:59:00+05:30,COMPLETED,
S103-B_FBR,2024-12-26,2024-12-26,development,2024-12-26 10:02:00+05:30,COMPLETED,
S103-C_RC_VIX_IC,2024-12-26,2024-12-26,development,2024-12-26 09:59:00+05:30,COMPLETED,
S103-A_XAC_ORB,2024-12-30,2025-01-02,development,2024-12-30 09:30:00+05:30,COMPLETED,
S103-B_FBR,2024-12-30,2025-01-02,development,2024-12-30 09:32:00+05:30,COMPLETED,
S103-A_XAC_ORB,2024-12-31,2025-01-02,development,2024-12-31 09:44:00+05:30,COMPLETED,
S103-B_FBR,2024-12-31,2025-01-02,development,2024-12-31 09:46:00+05:30,COMPLETED,
S103-C_RC_VIX_IC,2024-12-31,2025-01-02,development,2024-12-31 09:59:00+05:30,COMPLETED,
S103-A_XAC_ORB,2025-01-01,2025-01-02,validation,2025-01-01 09:42:00+05:30,COMPLETED,
S103-B_FBR,2025-01-01,2025-01-02,validation,2025-01-01 09:44:00+05:30,COMPLETED,
S103-B_FBR,2025-01-06,2025-01-09,validation,2025-01-06 09:39:00+05:30,COMPLETED,
S103-B_FBR,2025-01-07,2025-01-09,validation,2025-01-07 09:37:00+05:30,COMPLETED,
S103-A_XAC_ORB,2025-01-08,2025-01-09,validation,2025-01-08 09:34:00+05:30,COMPLETED,
S103-B_FBR,2025-01-08,2025-01-09,validation,2025-01-08 09:35:00+05:30,COMPLETED,
S103-C_RC_VIX_IC,2025-01-09,2025-01-09,validation,2025-01-09 09:59:00+05:30,COMPLETED,
S103-B_FBR,2025-01-13,2025-01-16,validation,2025-01-13 10:18:00+05:30,COMPLETED,
S103-C_RC_VIX_IC,2025-01-13,2025-01-16,validation,2025-01-13 09:59:00+05:30,COMPLETED,
S103-B_FBR,2025-01-14,2025-01-16,validation,2025-01-14 09:43:00+05:30,COMPLETED,
S103-B_FBR,2025-01-16,2025-01-16,validation,2025-01-16 09:46:00+05:30,COMPLETED,
S103-A_XAC_ORB,2025-01-17,2025-01-23,validation,2025-01-17 10:49:00+05:30,COMPLETED,
S103-A_XAC_ORB,2025-01-20,2025-01-23,validation,2025-01-20 11:18:00+05:30,COMPLETED,
S103-B_FBR,2025-01-20,2025-01-23,validation,2025-01-20 09:35:00+05:30,COMPLETED,
S103-A_XAC_ORB,2025-01-23,2025-01-23,validation,2025-01-23 09:35:00+05:30,COMPLETED,
S103-A_XAC_ORB,2025-01-24,2025-01-30,validation,2025-01-24 11:42:00+05:30,COMPLETED,
S103-B_FBR,2025-01-24,2025-01-30,validation,2025-01-24 09:40:00+05:30,COMPLETED,
S103-A_XAC_ORB,2025-01-27,2025-01-30,validation,2025-01-27 10:19:00+05:30,COMPLETED,
S103-A_XAC_ORB,2025-01-28,2025-01-30,validation,2025-01-28 09:42:00+05:30,COMPLETED,
S103-B_FBR,2025-01-28,2025-01-30,validation,2025-01-28 09:46:00+05:30,COMPLETED,
S103-A_XAC_ORB,2025-01-29,2025-01-30,validation,2025-01-29 09:42:00+05:30,COMPLETED,
S103-B_FBR,2025-01-29,2025-01-30,validation,2025-01-29 09:44:00+05:30,COMPLETED,
S103-B_FBR,2025-01-30,2025-01-30,validation,2025-01-30 09:34:00+05:30,COMPLETED,
S103-A_XAC_ORB,2025-01-31,2025-02-06,validation,2025-01-31 09:43:00+05:30,COMPLETED,
S103-A_XAC_ORB,2025-02-01,2025-02-06,validation,2025-02-01 11:50:00+05:30,COMPLETED,
S103-A_XAC_ORB,2025-02-03,2025-02-06,validation,2025-02-03 09:47:00+05:30,COMPLETED,
S103-B_FBR,2025-02-03,2025-02-06,validation,2025-02-03 09:33:00+05:30,COMPLETED,
S103-A_XAC_ORB,2025-02-04,2025-02-06,validation,2025-02-04 10:35:00+05:30,COMPLETED,
S103-C_RC_VIX_IC,2025-02-04,2025-02-06,validation,2025-02-04 09:59:00+05:30,COMPLETED,
S103-B_FBR,2025-02-05,2025-02-06,validation,2025-02-05 09:58:00+05:30,COMPLETED,
S103-C_RC_VIX_IC,2025-02-05,2025-02-06,validation,2025-02-05 09:59:00+05:30,COMPLETED,
S103-A_XAC_ORB,2025-02-07,2025-02-13,validation,2025-02-07 11:24:00+05:30,COMPLETED,
S103-C_RC_VIX_IC,2025-02-07,2025-02-13,validation,2025-02-07 09:59:00+05:30,COMPLETED,
S103-A_XAC_ORB,2025-02-10,2025-02-13,validation,2025-02-10 09:30:00+05:30,COMPLETED,
S103-B_FBR,2025-02-11,2025-02-13,validation,2025-02-11 09:56:00+05:30,COMPLETED,
S103-C_RC_VIX_IC,2025-02-11,2025-02-13,validation,2025-02-11 09:59:00+05:30,COMPLETED,
S103-B_FBR,2025-02-14,2025-02-20,validation,2025-02-14 09:32:00+05:30,COMPLETED,
S103-B_FBR,2025-02-18,2025-02-20,validation,2025-02-18 09:33:00+05:30,COMPLETED,
S103-A_XAC_ORB,2025-02-20,2025-02-20,validation,2025-02-20 09:36:00+05:30,COMPLETED,
S103-C_RC_VIX_IC,2025-02-20,2025-02-20,validation,2025-02-20 09:59:00+05:30,COMPLETED,
S103-A_XAC_ORB,2025-02-21,2025-02-27,validation,2025-02-21 09:43:00+05:30,COMPLETED,
S103-C_RC_VIX_IC,2025-02-21,2025-02-27,validation,2025-02-21 09:59:00+05:30,COMPLETED,
S103-A_XAC_ORB,2025-02-24,2025-02-27,validation,2025-02-24 09:37:00+05:30,COMPLETED,
S103-C_RC_VIX_IC,2025-02-24,2025-02-27,validation,2025-02-24 09:59:00+05:30,COMPLETED,
S103-C_RC_VIX_IC,2025-02-25,2025-02-27,validation,2025-02-25 09:59:00+05:30,COMPLETED,
S103-B_FBR,2025-02-27,2025-02-27,validation,2025-02-27 09:40:00+05:30,COMPLETED,
S103-C_RC_VIX_IC,2025-02-27,2025-02-27,validation,2025-02-27 09:59:00+05:30,COMPLETED,
S103-A_XAC_ORB,2025-02-28,2025-03-06,validation,2025-02-28 09:31:00+05:30,COMPLETED,
S103-B_FBR,2025-03-04,2025-03-06,validation,2025-03-04 09:44:00+05:30,COMPLETED,
S103-C_RC_VIX_IC,2025-03-04,2025-03-06,validation,2025-03-04 09:59:00+05:30,COMPLETED,
S103-A_XAC_ORB,2025-03-06,2025-03-06,validation,2025-03-06 13:41:00+05:30,COMPLETED,
S103-C_RC_VIX_IC,2025-03-07,2025-03-13,validation,2025-03-07 09:59:00+05:30,COMPLETED,
S103-A_XAC_ORB,2025-03-10,2025-03-13,validation,2025-03-10 09:35:00+05:30,COMPLETED,
S103-B_FBR,2025-03-11,2025-03-13,validation,2025-03-11 09:50:00+05:30,COMPLETED,
S103-C_RC_VIX_IC,2025-03-11,2025-03-13,validation,2025-03-11 09:59:00+05:30,COMPLETED,
S103-A_XAC_ORB,2025-03-12,2025-03-13,validation,2025-03-12 09:30:00+05:30,COMPLETED,
S103-B_FBR,2025-03-12,2025-03-13,validation,2025-03-12 09:31:00+05:30,COMPLETED,
S103-A_XAC_ORB,2025-03-13,2025-03-13,validation,2025-03-13 10:02:00+05:30,COMPLETED,
S103-B_FBR,2025-03-13,2025-03-13,validation,2025-03-13 10:03:00+05:30,COMPLETED,
S103-C_RC_VIX_IC,2025-03-13,2025-03-13,validation,2025-03-13 09:59:00+05:30,COMPLETED,
S103-A_XAC_ORB,2025-03-17,2025-03-20,validation,2025-03-17 09:31:00+05:30,COMPLETED,
S103-B_FBR,2025-03-17,2025-03-20,validation,2025-03-17 09:36:00+05:30,COMPLETED,
S103-A_XAC_ORB,2025-03-18,2025-03-20,validation,2025-03-18 09:32:00+05:30,COMPLETED,
S103-C_RC_VIX_IC,2025-03-18,2025-03-20,validation,2025-03-18 09:59:00+05:30,COMPLETED,
S103-C_RC_VIX_IC,2025-03-19,2025-03-20,validation,2025-03-19 09:59:00+05:30,COMPLETED,
S103-A_XAC_ORB,2025-03-20,2025-03-20,validation,2025-03-20 09:31:00+05:30,COMPLETED,
S103-B_FBR,2025-03-20,2025-03-20,validation,2025-03-20 09:32:00+05:30,COMPLETED,
S103-C_RC_VIX_IC,2025-03-20,2025-03-20,validation,2025-03-20 09:59:00+05:30,COMPLETED,
S103-A_XAC_ORB,2025-03-24,2025-03-27,validation,2025-03-24 09:55:00+05:30,COMPLETED,
S103-B_FBR,2025-03-24,2025-03-27,validation,2025-03-24 09:32:00+05:30,COMPLETED,
S103-A_XAC_ORB,2025-03-25,2025-03-27,validation,2025-03-25 09:36:00+05:30,COMPLETED,
S103-A_XAC_ORB,2025-03-28,2025-04-03,validation,2025-03-28 09:30:00+05:30,COMPLETED,
S103-B_FBR,2025-03-28,2025-04-03,validation,2025-03-28 09:31:00+05:30,COMPLETED,
S103-C_RC_VIX_IC,2025-03-28,2025-04-03,validation,2025-03-28 09:59:00+05:30,COMPLETED,
S103-A_XAC_ORB,2025-04-02,2025-04-03,validation,2025-04-02 09:30:00+05:30,COMPLETED,
S103-A_XAC_ORB,2025-04-03,2025-04-03,validation,2025-04-03 09:34:00+05:30,COMPLETED,
S103-B_FBR,2025-04-03,2025-04-03,validation,2025-04-03 09:37:00+05:30,COMPLETED,
S103-C_RC_VIX_IC,2025-04-03,2025-04-03,validation,2025-04-03 09:59:00+05:30,COMPLETED,
S103-A_XAC_ORB,2025-04-04,2025-04-09,validation,2025-04-04 09:50:00+05:30,COMPLETED,
S103-B_FBR,2025-04-07,2025-04-09,validation,2025-04-07 09:35:00+05:30,COMPLETED,
S103-A_XAC_ORB,2025-04-08,2025-04-09,validation,2025-04-08 09:37:00+05:30,COMPLETED,
S103-B_FBR,2025-04-08,2025-04-09,validation,2025-04-08 09:39:00+05:30,COMPLETED,
S103-A_XAC_ORB,2025-04-09,2025-04-09,validation,2025-04-09 11:11:00+05:30,COMPLETED,
S103-B_FBR,2025-04-09,2025-04-09,validation,2025-04-09 09:45:00+05:30,COMPLETED,
S103-A_XAC_ORB,2025-04-15,2025-04-17,validation,2025-04-15 13:03:00+05:30,COMPLETED,
S103-A_XAC_ORB,2025-04-16,2025-04-17,validation,2025-04-16 11:00:00+05:30,COMPLETED,
S103-B_FBR,2025-04-16,2025-04-17,validation,2025-04-16 09:39:00+05:30,COMPLETED,
S103-C_RC_VIX_IC,2025-04-21,2025-04-24,validation,2025-04-21 09:59:00+05:30,COMPLETED,
S103-B_FBR,2025-04-22,2025-04-24,validation,2025-04-22 10:09:00+05:30,COMPLETED,
S103-C_RC_VIX_IC,2025-04-22,2025-04-24,validation,2025-04-22 09:59:00+05:30,COMPLETED,
S103-B_FBR,2025-04-23,2025-04-24,validation,2025-04-23 09:40:00+05:30,COMPLETED,
S103-C_RC_VIX_IC,2025-04-23,2025-04-24,validation,2025-04-23 09:59:00+05:30,COMPLETED,
S103-A_XAC_ORB,2025-04-24,2025-04-24,validation,2025-04-24 09:34:00+05:30,COMPLETED,
S103-B_FBR,2025-04-24,2025-04-24,validation,2025-04-24 09:32:00+05:30,COMPLETED,
S103-A_XAC_ORB,2025-04-28,2025-04-30,validation,2025-04-28 09:32:00+05:30,COMPLETED,
S103-A_XAC_ORB,2025-04-30,2025-04-30,validation,2025-04-30 09:30:00+05:30,COMPLETED,
S103-B_FBR,2025-04-30,2025-04-30,validation,2025-04-30 09:35:00+05:30,COMPLETED,
S103-A_XAC_ORB,2025-05-02,2025-05-08,validation,2025-05-02 09:30:00+05:30,COMPLETED,
S103-A_XAC_ORB,2025-05-05,2025-05-08,validation,2025-05-05 09:53:00+05:30,COMPLETED,
S103-B_FBR,2025-05-05,2025-05-08,validation,2025-05-05 09:34:00+05:30,COMPLETED,
S103-A_XAC_ORB,2025-05-06,2025-05-08,validation,2025-05-06 09:53:00+05:30,COMPLETED,
S103-B_FBR,2025-05-07,2025-05-08,validation,2025-05-07 09:37:00+05:30,COMPLETED,
S103-B_FBR,2025-05-08,2025-05-08,validation,2025-05-08 09:33:00+05:30,COMPLETED,
S103-B_FBR,2025-05-09,2025-05-15,validation,2025-05-09 10:07:00+05:30,COMPLETED,
S103-B_FBR,2025-05-13,2025-05-15,validation,2025-05-13 09:35:00+05:30,COMPLETED,
S103-A_XAC_ORB,2025-05-14,2025-05-15,validation,2025-05-14 09:42:00+05:30,COMPLETED,
S103-B_FBR,2025-05-16,2025-05-22,validation,2025-05-16 09:32:00+05:30,COMPLETED,
S103-C_RC_VIX_IC,2025-05-16,2025-05-22,validation,2025-05-16 09:59:00+05:30,COMPLETED,
S103-A_XAC_ORB,2025-05-19,2025-05-22,validation,2025-05-19 10:16:00+05:30,COMPLETED,
S103-B_FBR,2025-05-19,2025-05-22,validation,2025-05-19 10:18:00+05:30,COMPLETED,
S103-C_RC_VIX_IC,2025-05-19,2025-05-22,validation,2025-05-19 09:59:00+05:30,COMPLETED,
S103-B_FBR,2025-05-20,2025-05-22,validation,2025-05-20 09:31:00+05:30,COMPLETED,
S103-A_XAC_ORB,2025-05-22,2025-05-22,validation,2025-05-22 09:30:00+05:30,COMPLETED,
S103-B_FBR,2025-05-22,2025-05-22,validation,2025-05-22 09:35:00+05:30,COMPLETED,
S103-B_FBR,2025-05-26,2025-05-29,validation,2025-05-26 09:40:00+05:30,COMPLETED,
S103-B_FBR,2025-05-27,2025-05-29,validation,2025-05-27 09:58:00+05:30,COMPLETED,
S103-B_FBR,2025-05-28,2025-05-29,validation,2025-05-28 09:34:00+05:30,COMPLETED,
S103-A_XAC_ORB,2025-05-29,2025-05-29,validation,2025-05-29 09:36:00+05:30,COMPLETED,
S103-B_FBR,2025-05-29,2025-05-29,validation,2025-05-29 09:39:00+05:30,COMPLETED,
S103-C_RC_VIX_IC,2025-05-29,2025-05-29,validation,2025-05-29 09:59:00+05:30,COMPLETED,
S103-B_FBR,2025-05-30,2025-06-05,validation,2025-05-30 10:16:00+05:30,COMPLETED,
S103-C_RC_VIX_IC,2025-05-30,2025-06-05,validation,2025-05-30 09:59:00+05:30,COMPLETED,
S103-A_XAC_ORB,2025-06-02,2025-06-05,validation,2025-06-02 09:31:00+05:30,COMPLETED,
S103-B_FBR,2025-06-02,2025-06-05,validation,2025-06-02 09:35:00+05:30,COMPLETED,
S103-A_XAC_ORB,2025-06-04,2025-06-05,validation,2025-06-04 13:00:00+05:30,COMPLETED,
S103-C_RC_VIX_IC,2025-06-04,2025-06-05,validation,2025-06-04 09:59:00+05:30,COMPLETED,
S103-A_XAC_ORB,2025-06-05,2025-06-05,validation,2025-06-05 09:33:00+05:30,COMPLETED,
S103-C_RC_VIX_IC,2025-06-05,2025-06-05,validation,2025-06-05 09:59:00+05:30,COMPLETED,
S103-A_XAC_ORB,2025-06-06,2025-06-12,validation,2025-06-06 09:33:00+05:30,COMPLETED,
S103-C_RC_VIX_IC,2025-06-06,2025-06-12,validation,2025-06-06 09:59:00+05:30,COMPLETED,
S103-B_FBR,2025-06-09,2025-06-12,validation,2025-06-09 09:32:00+05:30,COMPLETED,
S103-C_RC_VIX_IC,2025-06-09,2025-06-12,validation,2025-06-09 09:59:00+05:30,COMPLETED,
S103-B_FBR,2025-06-10,2025-06-12,validation,2025-06-10 09:31:00+05:30,COMPLETED,
S103-C_RC_VIX_IC,2025-06-10,2025-06-12,validation,2025-06-10 09:59:00+05:30,COMPLETED,
S103-A_XAC_ORB,2025-06-11,2025-06-12,validation,2025-06-11 09:34:00+05:30,COMPLETED,
S103-B_FBR,2025-06-11,2025-06-12,validation,2025-06-11 09:36:00+05:30,COMPLETED,
S103-C_RC_VIX_IC,2025-06-11,2025-06-12,validation,2025-06-11 09:59:00+05:30,COMPLETED,
S103-A_XAC_ORB,2025-06-12,2025-06-12,validation,2025-06-12 09:43:00+05:30,COMPLETED,
S103-C_RC_VIX_IC,2025-06-12,2025-06-12,validation,2025-06-12 09:59:00+05:30,COMPLETED,
S103-A_XAC_ORB,2025-06-13,2025-06-19,validation,2025-06-13 10:24:00+05:30,COMPLETED,
S103-C_RC_VIX_IC,2025-06-16,2025-06-19,validation,2025-06-16 09:59:00+05:30,COMPLETED,
S103-B_FBR,2025-06-17,2025-06-19,validation,2025-06-17 09:43:00+05:30,COMPLETED,
S103-C_RC_VIX_IC,2025-06-17,2025-06-19,validation,2025-06-17 09:59:00+05:30,COMPLETED,
S103-A_XAC_ORB,2025-06-18,2025-06-19,validation,2025-06-18 11:33:00+05:30,COMPLETED,
S103-C_RC_VIX_IC,2025-06-19,2025-06-19,validation,2025-06-19 09:59:00+05:30,COMPLETED,
S103-C_RC_VIX_IC,2025-06-20,2025-06-26,validation,2025-06-20 09:59:00+05:30,COMPLETED,
S103-A_XAC_ORB,2025-06-24,2025-06-26,validation,2025-06-24 10:17:00+05:30,COMPLETED,
S103-B_FBR,2025-06-24,2025-06-26,validation,2025-06-24 09:39:00+05:30,COMPLETED,
S103-A_XAC_ORB,2025-06-25,2025-06-26,validation,2025-06-25 09:41:00+05:30,COMPLETED,
S103-C_RC_VIX_IC,2025-06-25,2025-06-26,validation,2025-06-25 09:59:00+05:30,COMPLETED,
S103-A_XAC_ORB,2025-06-27,2025-07-03,validation,2025-06-27 12:18:00+05:30,COMPLETED,
S103-B_FBR,2025-06-27,2025-07-03,validation,2025-06-27 09:32:00+05:30,COMPLETED,
S103-C_RC_VIX_IC,2025-06-27,2025-07-03,validation,2025-06-27 09:59:00+05:30,COMPLETED,
S103-C_RC_VIX_IC,2025-06-30,2025-07-03,validation,2025-06-30 09:59:00+05:30,COMPLETED,
S103-A_XAC_ORB,2025-07-01,2025-07-03,validation,2025-07-01 09:30:00+05:30,COMPLETED,
S103-B_FBR,2025-07-01,2025-07-03,validation,2025-07-01 09:31:00+05:30,COMPLETED,
S103-C_RC_VIX_IC,2025-07-01,2025-07-03,validation,2025-07-01 09:59:00+05:30,COMPLETED,
S103-A_XAC_ORB,2025-07-02,2025-07-03,validation,2025-07-02 09:33:00+05:30,COMPLETED,
S103-C_RC_VIX_IC,2025-07-02,2025-07-03,validation,2025-07-02 09:59:00+05:30,COMPLETED,
S103-B_FBR,2025-07-04,2025-07-10,validation,2025-07-04 09:37:00+05:30,COMPLETED,
S103-C_RC_VIX_IC,2025-07-04,2025-07-10,validation,2025-07-04 09:59:00+05:30,COMPLETED,
S103-B_FBR,2025-07-07,2025-07-10,validation,2025-07-07 09:36:00+05:30,COMPLETED,
S103-C_RC_VIX_IC,2025-07-07,2025-07-10,validation,2025-07-07 09:59:00+05:30,COMPLETED,
S103-B_FBR,2025-07-08,2025-07-10,validation,2025-07-08 09:31:00+05:30,COMPLETED,
S103-C_RC_VIX_IC,2025-07-08,2025-07-10,validation,2025-07-08 09:59:00+05:30,COMPLETED,
S103-C_RC_VIX_IC,2025-07-09,2025-07-10,validation,2025-07-09 09:59:00+05:30,COMPLETED,
S103-B_FBR,2025-07-10,2025-07-10,validation,2025-07-10 09:35:00+05:30,COMPLETED,
S103-C_RC_VIX_IC,2025-07-10,2025-07-10,validation,2025-07-10 09:59:00+05:30,COMPLETED,
S103-A_XAC_ORB,2025-07-11,2025-07-17,validation,2025-07-11 09:42:00+05:30,COMPLETED,
S103-B_FBR,2025-07-11,2025-07-17,validation,2025-07-11 09:43:00+05:30,COMPLETED,
S103-C_RC_VIX_IC,2025-07-11,2025-07-17,validation,2025-07-11 09:59:00+05:30,COMPLETED,
S103-A_XAC_ORB,2025-07-14,2025-07-17,validation,2025-07-14 09:35:00+05:30,COMPLETED,
S103-B_FBR,2025-07-14,2025-07-17,validation,2025-07-14 09:36:00+05:30,COMPLETED,
S103-C_RC_VIX_IC,2025-07-14,2025-07-17,validation,2025-07-14 09:59:00+05:30,COMPLETED,
S103-A_XAC_ORB,2025-07-15,2025-07-17,validation,2025-07-15 10:38:00+05:30,COMPLETED,
S103-C_RC_VIX_IC,2025-07-15,2025-07-17,validation,2025-07-15 09:59:00+05:30,COMPLETED,
S103-C_RC_VIX_IC,2025-07-16,2025-07-17,validation,2025-07-16 09:59:00+05:30,COMPLETED,
S103-C_RC_VIX_IC,2025-07-17,2025-07-17,validation,2025-07-17 09:59:00+05:30,COMPLETED,
S103-A_XAC_ORB,2025-07-21,2025-07-24,validation,2025-07-21 09:33:00+05:30,COMPLETED,
S103-B_FBR,2025-07-21,2025-07-24,validation,2025-07-21 09:35:00+05:30,COMPLETED,
S103-B_FBR,2025-07-22,2025-07-24,validation,2025-07-22 09:36:00+05:30,COMPLETED,
S103-C_RC_VIX_IC,2025-07-22,2025-07-24,validation,2025-07-22 09:59:00+05:30,COMPLETED,
S103-C_RC_VIX_IC,2025-07-23,2025-07-24,validation,2025-07-23 09:59:00+05:30,COMPLETED,
S103-C_RC_VIX_IC,2025-07-24,2025-07-24,validation,2025-07-24 09:59:00+05:30,COMPLETED,
S103-A_XAC_ORB,2025-07-28,2025-07-31,validation,2025-07-28 09:30:00+05:30,COMPLETED,
S103-B_FBR,2025-07-29,2025-07-31,validation,2025-07-29 09:56:00+05:30,COMPLETED,
S103-A_XAC_ORB,2025-07-30,2025-07-31,validation,2025-07-30 10:28:00+05:30,COMPLETED,
S103-C_RC_VIX_IC,2025-07-30,2025-07-31,validation,2025-07-30 09:59:00+05:30,COMPLETED,
S103-A_XAC_ORB,2025-08-01,2025-08-07,validation,2025-08-01 11:18:00+05:30,COMPLETED,
S103-B_FBR,2025-08-01,2025-08-07,validation,2025-08-01 10:23:00+05:30,COMPLETED,
S103-A_XAC_ORB,2025-08-04,2025-08-07,validation,2025-08-04 09:48:00+05:30,COMPLETED,
S103-B_FBR,2025-08-04,2025-08-07,validation,2025-08-04 09:49:00+05:30,COMPLETED,
S103-A_XAC_ORB,2025-08-06,2025-08-07,validation,2025-08-06 09:36:00+05:30,COMPLETED,
S103-C_RC_VIX_IC,2025-08-06,2025-08-07,validation,2025-08-06 09:59:00+05:30,COMPLETED,
S103-C_RC_VIX_IC,2025-08-07,2025-08-07,validation,2025-08-07 09:59:00+05:30,COMPLETED,
S103-B_FBR,2025-08-08,2025-08-14,validation,2025-08-08 09:36:00+05:30,COMPLETED,
S103-A_XAC_ORB,2025-08-11,2025-08-14,validation,2025-08-11 10:24:00+05:30,COMPLETED,
S103-C_RC_VIX_IC,2025-08-11,2025-08-14,validation,2025-08-11 09:59:00+05:30,COMPLETED,
S103-A_XAC_ORB,2025-08-12,2025-08-14,validation,2025-08-12 11:08:00+05:30,COMPLETED,
S103-B_FBR,2025-08-12,2025-08-14,validation,2025-08-12 09:35:00+05:30,COMPLETED,
S103-A_XAC_ORB,2025-08-13,2025-08-14,validation,2025-08-13 09:58:00+05:30,COMPLETED,
S103-B_FBR,2025-08-13,2025-08-14,validation,2025-08-13 09:59:00+05:30,COMPLETED,
S103-C_RC_VIX_IC,2025-08-13,2025-08-14,validation,2025-08-13 09:59:00+05:30,COMPLETED,
S103-A_XAC_ORB,2025-08-14,2025-08-14,validation,2025-08-14 09:45:00+05:30,COMPLETED,
S103-B_FBR,2025-08-14,2025-08-14,validation,2025-08-14 09:48:00+05:30,COMPLETED,
S103-C_RC_VIX_IC,2025-08-14,2025-08-14,validation,2025-08-14 09:59:00+05:30,COMPLETED,
S103-B_FBR,2025-08-19,2025-08-21,validation,2025-08-19 09:48:00+05:30,COMPLETED,
S103-C_RC_VIX_IC,2025-08-19,2025-08-21,validation,2025-08-19 09:59:00+05:30,COMPLETED,
S103-A_XAC_ORB,2025-08-20,2025-08-21,validation,2025-08-20 09:31:00+05:30,COMPLETED,
S103-B_FBR,2025-08-20,2025-08-21,validation,2025-08-20 09:32:00+05:30,COMPLETED,
S103-C_RC_VIX_IC,2025-08-20,2025-08-21,validation,2025-08-20 09:59:00+05:30,COMPLETED,
S103-A_XAC_ORB,2025-08-21,2025-08-21,validation,2025-08-21 09:39:00+05:30,COMPLETED,
S103-B_FBR,2025-08-21,2025-08-21,validation,2025-08-21 09:42:00+05:30,COMPLETED,
S103-A_XAC_ORB,2025-08-22,2025-08-28,validation,2025-08-22 09:30:00+05:30,COMPLETED,
S103-A_XAC_ORB,2025-08-25,2025-08-28,validation,2025-08-25 09:34:00+05:30,COMPLETED,
S103-B_FBR,2025-08-25,2025-08-28,validation,2025-08-25 09:35:00+05:30,COMPLETED,
S103-C_RC_VIX_IC,2025-08-25,2025-08-28,validation,2025-08-25 09:59:00+05:30,COMPLETED,
S103-A_XAC_ORB,2025-08-26,2025-08-28,validation,2025-08-26 09:30:00+05:30,COMPLETED,
S103-B_FBR,2025-08-28,2025-08-28,validation,2025-08-28 09:35:00+05:30,COMPLETED,
S103-A_XAC_ORB,2025-08-29,2025-09-02,validation,2025-08-29 11:34:00+05:30,COMPLETED,
S103-B_FBR,2025-08-29,2025-09-02,validation,2025-08-29 09:37:00+05:30,COMPLETED,
S103-C_RC_VIX_IC,2025-08-29,2025-09-02,validation,2025-08-29 09:59:00+05:30,COMPLETED,
S103-B_FBR,2025-09-02,2025-09-02,validation,2025-09-02 09:41:00+05:30,COMPLETED,
S103-B_FBR,2025-09-04,2025-09-09,validation,2025-09-04 10:16:00+05:30,COMPLETED,
S103-B_FBR,2025-09-05,2025-09-09,validation,2025-09-05 09:46:00+05:30,COMPLETED,
S103-C_RC_VIX_IC,2025-09-05,2025-09-09,validation,2025-09-05 09:59:00+05:30,COMPLETED,
S103-B_FBR,2025-09-08,2025-09-09,validation,2025-09-08 09:38:00+05:30,COMPLETED,
S103-A_XAC_ORB,2025-09-09,2025-09-09,validation,2025-09-09 14:26:00+05:30,COMPLETED,
S103-B_FBR,2025-09-09,2025-09-09,validation,2025-09-09 09:36:00+05:30,COMPLETED,
S103-C_RC_VIX_IC,2025-09-09,2025-09-09,validation,2025-09-09 09:59:00+05:30,COMPLETED,
S103-A_XAC_ORB,2025-09-10,2025-09-16,validation,2025-09-10 09:37:00+05:30,COMPLETED,
S103-C_RC_VIX_IC,2025-09-10,2025-09-16,validation,2025-09-10 09:59:00+05:30,COMPLETED,
S103-A_XAC_ORB,2025-09-11,2025-09-16,validation,2025-09-11 12:32:00+05:30,COMPLETED,
S103-C_RC_VIX_IC,2025-09-11,2025-09-16,validation,2025-09-11 09:59:00+05:30,COMPLETED,
S103-A_XAC_ORB,2025-09-12,2025-09-16,validation,2025-09-12 10:41:00+05:30,COMPLETED,
S103-C_RC_VIX_IC,2025-09-12,2025-09-16,validation,2025-09-12 09:59:00+05:30,COMPLETED,
S103-B_FBR,2025-09-15,2025-09-16,validation,2025-09-15 09:39:00+05:30,COMPLETED,
S103-C_RC_VIX_IC,2025-09-15,2025-09-16,validation,2025-09-15 09:59:00+05:30,COMPLETED,
S103-A_XAC_ORB,2025-09-16,2025-09-16,validation,2025-09-16 09:33:00+05:30,COMPLETED,
S103-C_RC_VIX_IC,2025-09-17,2025-09-23,validation,2025-09-17 09:59:00+05:30,COMPLETED,
S103-A_XAC_ORB,2025-09-18,2025-09-23,validation,2025-09-18 12:37:00+05:30,COMPLETED,
S103-C_RC_VIX_IC,2025-09-18,2025-09-23,validation,2025-09-18 09:59:00+05:30,COMPLETED,
S103-A_XAC_ORB,2025-09-22,2025-09-23,validation,2025-09-22 09:31:00+05:30,COMPLETED,
S103-A_XAC_ORB,2025-09-23,2025-09-23,validation,2025-09-23 14:06:00+05:30,COMPLETED,
S103-A_XAC_ORB,2025-09-24,2025-09-30,validation,2025-09-24 09:30:00+05:30,COMPLETED,
S103-B_FBR,2025-09-24,2025-09-30,validation,2025-09-24 09:31:00+05:30,COMPLETED,
S103-A_XAC_ORB,2025-09-25,2025-09-30,validation,2025-09-25 10:45:00+05:30,COMPLETED,
S103-A_XAC_ORB,2025-09-26,2025-09-30,validation,2025-09-26 09:30:00+05:30,COMPLETED,
S103-A_XAC_ORB,2025-09-29,2025-09-30,validation,2025-09-29 09:35:00+05:30,COMPLETED,
S103-B_FBR,2025-09-29,2025-09-30,validation,2025-09-29 09:36:00+05:30,COMPLETED,
S103-B_FBR,2025-09-30,2025-09-30,validation,2025-09-30 09:32:00+05:30,COMPLETED,
S103-A_XAC_ORB,2025-10-01,2025-10-07,validation,2025-10-01 09:33:00+05:30,COMPLETED,
S103-A_XAC_ORB,2025-10-03,2025-10-07,validation,2025-10-03 12:05:00+05:30,COMPLETED,
S103-A_XAC_ORB,2025-10-06,2025-10-07,validation,2025-10-06 09:44:00+05:30,COMPLETED,
S103-B_FBR,2025-10-06,2025-10-07,validation,2025-10-06 09:31:00+05:30,COMPLETED,
S103-C_RC_VIX_IC,2025-10-06,2025-10-07,validation,2025-10-06 09:59:00+05:30,COMPLETED,
S103-A_XAC_ORB,2025-10-07,2025-10-07,validation,2025-10-07 09:40:00+05:30,COMPLETED,
S103-A_XAC_ORB,2025-10-08,2025-10-14,validation,2025-10-08 10:58:00+05:30,COMPLETED,
S103-B_FBR,2025-10-08,2025-10-14,validation,2025-10-08 09:32:00+05:30,COMPLETED,
S103-B_FBR,2025-10-09,2025-10-14,validation,2025-10-09 09:31:00+05:30,COMPLETED,
S103-C_RC_VIX_IC,2025-10-09,2025-10-14,validation,2025-10-09 09:59:00+05:30,COMPLETED,
S103-A_XAC_ORB,2025-10-13,2025-10-14,validation,2025-10-13 09:31:00+05:30,COMPLETED,
S103-C_RC_VIX_IC,2025-10-13,2025-10-14,validation,2025-10-13 09:59:00+05:30,COMPLETED,
S103-B_FBR,2025-10-20,2025-10-28,validation,2025-10-20 09:47:00+05:30,COMPLETED,
S103-A_XAC_ORB,2025-10-23,2025-10-28,validation,2025-10-23 13:58:00+05:30,COMPLETED,
S103-A_XAC_ORB,2025-10-27,2025-10-28,validation,2025-10-27 09:32:00+05:30,COMPLETED,
S103-A_XAC_ORB,2025-10-28,2025-10-28,validation,2025-10-28 09:32:00+05:30,COMPLETED,
S103-A_XAC_ORB,2025-10-29,2025-11-04,validation,2025-10-29 09:31:00+05:30,COMPLETED,
S103-B_FBR,2025-10-29,2025-11-04,validation,2025-10-29 09:32:00+05:30,COMPLETED,
S103-A_XAC_ORB,2025-10-31,2025-11-04,validation,2025-10-31 10:31:00+05:30,COMPLETED,
S103-A_XAC_ORB,2025-11-03,2025-11-04,validation,2025-11-03 09:47:00+05:30,COMPLETED,
S103-B_FBR,2025-11-03,2025-11-04,validation,2025-11-03 09:34:00+05:30,COMPLETED,
S103-A_XAC_ORB,2025-11-07,2025-11-11,validation,2025-11-07 09:34:00+05:30,COMPLETED,
S103-B_FBR,2025-11-07,2025-11-11,validation,2025-11-07 09:37:00+05:30,COMPLETED,
S103-B_FBR,2025-11-10,2025-11-11,validation,2025-11-10 09:53:00+05:30,COMPLETED,
S103-A_XAC_ORB,2025-11-11,2025-11-11,validation,2025-11-11 13:38:00+05:30,COMPLETED,
S103-B_FBR,2025-11-12,2025-11-18,validation,2025-11-12 09:31:00+05:30,COMPLETED,
S103-A_XAC_ORB,2025-11-13,2025-11-18,validation,2025-11-13 10:15:00+05:30,COMPLETED,
S103-B_FBR,2025-11-13,2025-11-18,validation,2025-11-13 10:16:00+05:30,COMPLETED,
S103-A_XAC_ORB,2025-11-14,2025-11-18,validation,2025-11-14 10:41:00+05:30,COMPLETED,
S103-B_FBR,2025-11-17,2025-11-18,validation,2025-11-17 09:31:00+05:30,COMPLETED,
S103-A_XAC_ORB,2025-11-18,2025-11-18,validation,2025-11-18 09:49:00+05:30,COMPLETED,
S103-A_XAC_ORB,2025-11-20,2025-11-25,validation,2025-11-20 10:47:00+05:30,COMPLETED,
S103-B_FBR,2025-11-20,2025-11-25,validation,2025-11-20 09:46:00+05:30,COMPLETED,
S103-A_XAC_ORB,2025-11-21,2025-11-25,validation,2025-11-21 10:03:00+05:30,COMPLETED,
S103-B_FBR,2025-11-21,2025-11-25,validation,2025-11-21 09:33:00+05:30,COMPLETED,
S103-A_XAC_ORB,2025-11-24,2025-11-25,validation,2025-11-24 10:37:00+05:30,COMPLETED,
S103-B_FBR,2025-11-24,2025-11-25,validation,2025-11-24 09:37:00+05:30,COMPLETED,
S103-A_XAC_ORB,2025-11-25,2025-11-25,validation,2025-11-25 10:02:00+05:30,COMPLETED,
S103-B_FBR,2025-11-25,2025-11-25,validation,2025-11-25 10:03:00+05:30,COMPLETED,
S103-A_XAC_ORB,2025-11-26,2025-12-02,validation,2025-11-26 09:30:00+05:30,COMPLETED,
S103-A_XAC_ORB,2025-11-27,2025-12-02,validation,2025-11-27 10:02:00+05:30,COMPLETED,
S103-B_FBR,2025-11-27,2025-12-02,validation,2025-11-27 10:03:00+05:30,COMPLETED,
S103-C_RC_VIX_IC,2025-11-27,2025-12-02,validation,2025-11-27 09:59:00+05:30,COMPLETED,
S103-B_FBR,2025-11-28,2025-12-02,validation,2025-11-28 09:35:00+05:30,COMPLETED,
S103-C_RC_VIX_IC,2025-11-28,2025-12-02,validation,2025-11-28 09:59:00+05:30,COMPLETED,
S103-B_FBR,2025-12-01,2025-12-02,validation,2025-12-01 09:54:00+05:30,COMPLETED,
S103-C_RC_VIX_IC,2025-12-01,2025-12-02,validation,2025-12-01 09:59:00+05:30,COMPLETED,
S103-A_XAC_ORB,2025-12-02,2025-12-02,validation,2025-12-02 09:41:00+05:30,COMPLETED,
S103-A_XAC_ORB,2025-12-04,2025-12-09,validation,2025-12-04 09:30:00+05:30,COMPLETED,
S103-B_FBR,2025-12-04,2025-12-09,validation,2025-12-04 09:31:00+05:30,COMPLETED,
S103-A_XAC_ORB,2025-12-05,2025-12-09,validation,2025-12-05 10:04:00+05:30,COMPLETED,
S103-C_RC_VIX_IC,2025-12-05,2025-12-09,validation,2025-12-05 09:59:00+05:30,COMPLETED,
S103-A_XAC_ORB,2025-12-09,2025-12-09,validation,2025-12-09 09:30:00+05:30,COMPLETED,
S103-B_FBR,2025-12-10,2025-12-16,validation,2025-12-10 09:33:00+05:30,COMPLETED,
S103-A_XAC_ORB,2025-12-11,2025-12-16,validation,2025-12-11 10:14:00+05:30,COMPLETED,
S103-C_RC_VIX_IC,2025-12-12,2025-12-16,validation,2025-12-12 09:59:00+05:30,COMPLETED,
S103-A_XAC_ORB,2025-12-15,2025-12-16,validation,2025-12-15 09:45:00+05:30,COMPLETED,
S103-B_FBR,2025-12-15,2025-12-16,validation,2025-12-15 09:46:00+05:30,COMPLETED,
S103-A_XAC_ORB,2025-12-16,2025-12-16,validation,2025-12-16 09:30:00+05:30,COMPLETED,
S103-B_FBR,2025-12-16,2025-12-16,validation,2025-12-16 09:33:00+05:30,COMPLETED,
S103-C_RC_VIX_IC,2025-12-16,2025-12-16,validation,2025-12-16 09:59:00+05:30,COMPLETED,
S103-A_XAC_ORB,2025-12-17,2025-12-23,validation,2025-12-17 09:52:00+05:30,COMPLETED,
S103-B_FBR,2025-12-17,2025-12-23,validation,2025-12-17 09:36:00+05:30,COMPLETED,
S103-C_RC_VIX_IC,2025-12-17,2025-12-23,validation,2025-12-17 09:59:00+05:30,COMPLETED,
S103-A_XAC_ORB,2025-12-18,2025-12-23,validation,2025-12-18 09:42:00+05:30,COMPLETED,
S103-A_XAC_ORB,2025-12-19,2025-12-23,validation,2025-12-19 09:30:00+05:30,COMPLETED,
S103-A_XAC_ORB,2025-12-22,2025-12-23,validation,2025-12-22 09:31:00+05:30,COMPLETED,
S103-B_FBR,2025-12-22,2025-12-23,validation,2025-12-22 09:33:00+05:30,COMPLETED,
S103-C_RC_VIX_IC,2025-12-22,2025-12-23,validation,2025-12-22 09:59:00+05:30,COMPLETED,
S103-A_XAC_ORB,2025-12-23,2025-12-23,validation,2025-12-23 14:03:00+05:30,COMPLETED,
S103-B_FBR,2025-12-23,2025-12-23,validation,2025-12-23 09:31:00+05:30,COMPLETED,
S103-C_RC_VIX_IC,2025-12-23,2025-12-23,validation,2025-12-23 09:59:00+05:30,COMPLETED,
S103-A_XAC_ORB,2025-12-24,2025-12-30,validation,2025-12-24 09:33:00+05:30,COMPLETED,
S103-B_FBR,2025-12-24,2025-12-30,validation,2025-12-24 09:35:00+05:30,COMPLETED,
S103-C_RC_VIX_IC,2025-12-26,2025-12-30,validation,2025-12-26 09:59:00+05:30,COMPLETED,
S103-C_RC_VIX_IC,2025-12-29,2025-12-30,validation,2025-12-29 09:59:00+05:30,COMPLETED,
S103-B_FBR,2025-12-30,2025-12-30,validation,2025-12-30 10:16:00+05:30,COMPLETED,
S103-C_RC_VIX_IC,2025-12-30,2025-12-30,validation,2025-12-30 09:59:00+05:30,COMPLETED,
