strategy,split,trades,net_rupees,mean_net,win_rate,cost_rupees,max_dd
bear_call_credit,development,133,-43122.49402820001,-324.22927840751885,0.5338345864661654,8597.4940282,44077.234044424986
bear_call_credit,holdout,21,9549.133005292984,454.72061929966594,0.6190476190476191,1871.366994707,10668.650754629494
bear_call_credit,validation,101,33309.404708345,329.7960862212376,0.594059405940594,7340.5952916549995,23086.14891382501
bear_put_debit,development,133,-18948.57105475003,-142.4704590582709,0.39849624060150374,8901.07105475,18389.36642200004
bear_put_debit,holdout,21,9478.85472968001,451.3740347466671,0.6190476190476191,2201.64527032,4551.27386584401
bear_put_debit,validation,102,17179.474336977455,168.42621898997504,0.5,7526.775663022499,11246.541046100003
bull_call_debit,development,133,-338.0081800000502,-2.5414148872184223,0.5338345864661654,9488.00818,18896.68912875005
bull_call_debit,holdout,21,-12596.258708106523,-599.8218432431678,0.38095238095238093,2050.0087081065,16998.929944546515
bull_call_debit,validation,101,-37040.61725574755,-366.7387847103718,0.45544554455445546,7960.6172557475,36503.804983547525
bull_put_credit,development,133,4592.440877550001,34.52963065827068,0.6691729323308271,8255.05912245,26918.675081000012
bull_put_credit,holdout,21,-28453.581939680993,-1354.9324733181425,0.42857142857142855,1985.581939681,35213.25046171849
bull_put_credit,validation,101,-34654.37669431502,-343.11264053777245,0.5841584158415841,6836.876694315,39384.570688975036
call_backspread,development,133,32861.399461349945,247.0781914387214,0.3609022556390977,10936.10053865,118740.72350860006
call_backspread,holdout,21,-102129.99993640806,-4863.333330305146,0.23809523809523808,2510.999936408,102957.51382360455
call_backspread,validation,101,-19536.993567120066,-193.4355798724759,0.3069306930693069,9449.49356712,112975.51312923503
call_broken_wing,development,133,-13955.163848100136,-104.92604397067771,0.6390977443609023,16950.1638481,25742.896092100043
call_broken_wing,holdout,21,-18695.31265387155,-890.2529835176929,0.42857142857142855,3813.5626538715,20989.442868118032
call_broken_wing,validation,101,-30495.908346202556,-301.9396865960649,0.5742574257425742,14379.658346202501,34289.761400440046
call_calendar,development,1,-3604.116611499997,-3604.116611499997,0.0,139.1166115,0.0
call_ratio_1x2,development,133,-58816.31830115006,-442.2279571515042,0.6390977443609023,10908.81830115,113844.37083439998
call_ratio_1x2,holdout,21,96205.35409859195,4581.207338028188,0.7619047619047619,2594.645901408,42049.149853234
call_ratio_1x2,validation,101,-2631.2209027550407,-26.05169210648555,0.693069306930693,9463.720902755,186413.89695840745
iron_butterfly,development,133,-31187.62241482501,-234.49340161522565,0.19548872180451127,17873.872414825,35957.18715625003
iron_butterfly,holdout,21,-11564.56992643302,-550.69380602062,0.047619047619047616,4115.569926433,10408.043420694019
iron_butterfly,validation,101,-3871.4530437275052,-38.33121825472777,0.18811881188118812,15023.9530437275,20047.7936449575
iron_condor,development,133,-38530.053150650005,-289.69964774924813,0.2781954887218045,16852.55315065,47629.346292550006
iron_condor,holdout,21,-18904.44893438801,-900.2118540184766,0.09523809523809523,3856.948934388,16803.66017496101
iron_condor,validation,101,-1367.461073470055,-13.539218549208465,0.24752475247524752,14177.46107347,30218.94932957505
long_call_butterfly,development,133,-20537.528411975156,-154.41750685695607,0.11278195488721804,16536.278411975,20938.983132400157
long_call_butterfly,holdout,21,-6634.315998891539,-315.91980947102564,0.047619047619047616,3745.0659988915,6241.326445810036
long_call_butterfly,validation,101,-15746.29544046256,-155.90391525210455,0.0891089108910891,14078.7954404625,19218.077224475033
long_put_butterfly,development,133,-19227.472326650048,-144.56746110263194,0.12781954887218044,15219.97232665,20187.427518725053
long_put_butterfly,holdout,21,-6117.132986090548,-291.2920469566928,0.047619047619047616,4040.3829860905,5718.8670261135485
long_put_butterfly,validation,101,-15676.400905552562,-155.21189015398576,0.07920792079207921,13022.6509055525,19235.92560530005
long_straddle,development,133,-74915.81423335007,-563.276798746993,0.39849624060150374,9468.31423335,165472.78179557502
long_straddle,holdout,21,-84327.74147020801,-4015.606736676572,0.38095238095238093,2154.741470208,108748.5204103845
long_straddle,validation,101,-103471.97810504008,-1024.475030742971,0.4158415841584158,7909.47810504,196739.73467844998
long_strangle,development,133,-76171.54260140003,-572.7183654240604,0.37593984962406013,8881.5426014,163428.35287232502
long_strangle,holdout,21,-85870.13454071851,-4089.054025748501,0.38095238095238093,2016.8845407185,109478.88799734652
long_strangle,validation,101,-102777.70928462503,-1017.6010820259904,0.4158415841584158,7431.459284625,191537.2176877
put_backspread,development,133,-125725.82501,-945.306954962406,0.24060150375939848,10055.82501,126296.8117285
put_backspread,holdout,21,10776.845259762964,513.1831076077602,0.47619047619047616,2762.6547402369997,76231.58877603251
put_backspread,validation,102,-99517.127971725,-975.6581173698529,0.29411764705882354,8707.127971725,132322.04539969002
put_broken_wing,development,133,-33979.185918275056,-255.48260088928615,0.48872180451127817,15552.935918275,34549.63441670005
put_broken_wing,holdout,21,916.1092802649432,43.62425144118777,0.6190476190476191,4121.390719735,6236.94249156853
put_broken_wing,validation,101,9362.422222477422,92.69724972749923,0.5742574257425742,13323.8277775225,15305.254902982519
put_calendar,development,1,-1721.51342155,-1721.51342155,0.0,59.01342155000001,0.0
put_ratio_1x2,development,133,101436.57406499998,762.6810080075186,0.7593984962406015,10123.425935,56946.79371060001
put_ratio_1x2,holdout,21,-17121.220585236995,-815.2962183446189,0.5238095238095238,2762.720585237,84213.77638872847
put_ratio_1x2,validation,102,78742.60560513995,771.9863294621564,0.696078431372549,8782.39439486,64409.56661213253
reverse_call_calendar,development,1,3303.827663500004,3303.827663500004,1.0,141.17233650000003,0.0
reverse_put_calendar,development,1,1582.503340949998,1582.503340949998,1.0,59.996659050000005,0.0
short_straddle,development,133,53201.05965414997,400.00796732443587,0.6015037593984962,9506.44034585,97575.68259229996
short_straddle,holdout,21,79395.91440479195,3780.757828799617,0.6190476190476191,2231.085595208,27187.77006192101
short_straddle,validation,101,85394.96832368997,845.4947358781185,0.5841584158415841,7997.53167631,186308.1970080625
short_strangle,development,133,55629.234998599975,418.2649248015036,0.6015037593984962,8920.7650014,94211.93255824997
short_strangle,holdout,21,81210.3374917815,3867.158928180071,0.6190476190476191,2096.9125082185,26566.590052861004
short_strangle,validation,101,85657.09268785497,848.0900266124254,0.5841584158415841,7519.157312145,184657.72415307252
