expiry,entry_date,entry_ts,exit_ts,direction,option_type,spot_entry,atm,n_selected,k_n,k_n1,k_n2,p_n_raw,p_n1_raw,p_n2_raw,x_call_direction,x_put_direction,x_max,high_n_threshold,x_selected,target_rupees,lot_size,gross_points,gross_rupees,cost_rupees,net_rupees,net_points,mfe_rupees,mae_rupees,exit_reason,target_reached,slippage_ticks,brokerage_per_order,target_fraction,high_n_threshold_fraction
2021-06-10,2021-06-04,2021-06-04 10:00:00+05:30,2021-06-10 09:29:00+05:30,BULLISH,PE,15718.5,15700,6,15400.0,15350.0,15300.0,25.7,20.0,16.1,3.700000000000003,10.400000000000002,10.400000000000002,9.88,10.400000000000002,702.0000000000002,75,9.400000000000002,705.0000000000001,75.65366490000001,629.3463351000001,8.391284468000002,705.0000000000001,-48.74999999999963,TARGET,True,0.0,10.0,0.9,0.95
2021-06-17,2021-06-11,2021-06-11 10:00:00+05:30,2021-06-16 15:27:00+05:30,BULLISH,PE,15813.75,15800,6,15500.0,15450.0,15400.0,21.05,16.75,13.8,1.0,9.5,9.5,9.025,9.5,641.25,75,8.55,641.25,75.272969025,565.977030975,7.546360413,641.25,-1102.5,TARGET,True,0.0,10.0,0.9,0.95
2021-07-01,2021-06-25,2021-06-25 10:00:00+05:30,2021-06-29 09:15:00+05:30,BULLISH,PE,15788.05,15800,6,15500.0,15450.0,15400.0,28.0,21.65,16.8,3.150000000000002,10.450000000000003,10.450000000000003,9.927500000000002,10.450000000000003,705.3750000000002,75,9.45,708.75,76.92600397499999,631.823996025,8.424319947,708.75,-97.50000000000006,TARGET,True,0.0,10.0,0.9,0.95
2021-07-08,2021-07-02,2021-07-02 10:00:00+05:30,2021-07-08 09:28:00+05:30,BULLISH,PE,15670.75,15650,8,15250.0,15200.0,15150.0,6.7,5.9,5.0,3.0000000000000018,4.0,4.2,3.9899999999999998,4.2,283.5,75,3.8000000000000007,285.00000000000006,72.22835699999999,212.77164300000007,2.836955240000001,285.00000000000006,-11.249999999999961,TARGET,True,0.0,10.0,0.9,0.95
2021-07-15,2021-07-09,2021-07-09 10:00:00+05:30,2021-07-15 09:15:00+05:30,BULLISH,PE,15686.45,15700,6,15400.0,15350.0,15300.0,24.3,18.8,14.9,2.299999999999999,9.400000000000002,9.400000000000002,8.930000000000001,9.400000000000002,634.5000000000002,75,8.799999999999999,659.9999999999999,75.1648605,584.8351394999999,7.797801859999998,659.9999999999999,3.74999999999992,TARGET,True,0.0,10.0,0.9,0.95
2021-08-05,2021-07-30,2021-07-30 10:00:00+05:30,2021-08-05 09:34:00+05:30,BULLISH,PE,15819.2,15800,6,15500.0,15450.0,15400.0,19.25,14.95,12.0,1.2000000000000002,7.699999999999999,7.699999999999999,7.314999999999999,7.699999999999999,346.5,50,6.950000000000001,347.50000000000006,73.16103734999999,274.3389626500001,5.486779253000002,347.50000000000006,-25.00000000000009,TARGET,True,0.0,10.0,0.9,0.95
2021-08-12,2021-08-06,2021-08-06 10:00:00+05:30,2021-08-12 09:15:00+05:30,BULLISH,PE,16318.0,16300,6,16000.0,15950.0,15900.0,24.55,20.05,16.7,1.6999999999999993,12.2,12.2,11.589999999999998,12.2,549.0,50,11.149999999999999,557.4999999999999,73.99520355,483.5047964499999,9.670095928999999,557.4999999999999,-72.49999999999997,TARGET,True,0.0,10.0,0.9,0.95
2021-08-18,2021-08-12,2021-08-12 10:00:00+05:30,2021-08-18 11:26:00+05:30,BULLISH,PE,16322.95,16300,6,16000.0,15950.0,15900.0,18.55,14.15,11.5,2.299999999999999,7.099999999999998,7.099999999999998,6.744999999999997,7.099999999999998,319.4999999999999,50,6.4,320.0,73.0495046,246.9504954,4.939009908,320.0,-72.50000000000006,TARGET,True,0.0,10.0,0.9,0.95
2021-09-02,2021-08-27,2021-08-27 10:00:00+05:30,2021-09-01 14:48:00+05:30,BULLISH,PE,16622.35,16600,6,16300.0,16250.0,16200.0,18.1,14.0,11.2,1.5000000000000018,7.099999999999998,7.099999999999998,6.744999999999997,7.099999999999998,319.4999999999999,50,6.399999999999997,319.99999999999983,73.02653760000001,246.97346239999982,4.939469247999996,319.99999999999983,-10.000000000000142,TARGET,True,0.0,10.0,0.9,0.95
2021-09-09,2021-09-03,2021-09-03 10:00:00+05:30,2021-09-08 14:46:00+05:30,BULLISH,PE,17291.45,17300,6,17000.0,16950.0,16900.0,26.45,21.15,17.4,7.300000000000001,12.099999999999998,12.099999999999998,11.494999999999997,12.099999999999998,544.4999999999999,50,10.899999999999999,544.9999999999999,74.2326383,470.76736169999987,9.415347233999997,544.9999999999999,-222.5000000000003,TARGET,True,0.0,10.0,0.9,0.95
2021-09-16,2021-09-09,2021-09-09 10:00:00+05:30,2021-09-16 09:15:00+05:30,BULLISH,PE,17323.85,17300,6,17000.0,16950.0,16900.0,25.15,20.0,16.0,4.25,10.850000000000001,10.850000000000001,10.307500000000001,10.850000000000001,488.2500000000001,50,9.850000000000003,492.50000000000017,73.92074525,418.5792547500002,8.371585095000004,492.50000000000017,-87.49999999999983,TARGET,True,0.0,10.0,0.9,0.95
2021-09-23,2021-09-17,2021-09-17 10:00:00+05:30,2021-09-23 09:27:00+05:30,BULLISH,PE,17756.3,17750,6,17450.0,17400.0,17350.0,25.6,20.8,17.35,4.050000000000001,12.550000000000004,12.550000000000004,11.922500000000003,12.550000000000004,564.7500000000002,50,11.299999999999999,565.0,74.2983025,490.7016975,9.81403395,565.0,-3992.5000000000005,TARGET,True,0.0,10.0,0.9,0.95
2021-10-07,2021-10-01,2021-10-01 10:00:00+05:30,2021-10-04 14:56:00+05:30,BULLISH,PE,17485.25,17500,6,17200.0,17150.0,17100.0,62.8,53.25,45.0,12.450000000000003,35.45,35.45,33.6775,35.45,1595.2500000000002,50,32.0,1600.0,79.43387840000001,1520.5661216,30.411322432000002,1600.0,17.50000000000007,TARGET,True,0.0,10.0,0.9,0.95
2021-10-14,2021-10-08,2021-10-08 10:00:00+05:30,2021-10-14 09:15:00+05:30,BULLISH,PE,17879.65,17900,6,17600.0,17550.0,17500.0,42.1,34.2,27.95,4.350000000000001,20.050000000000004,20.050000000000004,19.047500000000003,20.050000000000004,902.2500000000002,50,18.650000000000006,932.5000000000002,76.07733465,856.4226653500002,17.128453307000004,932.5000000000002,-17.499999999999893,TARGET,True,0.0,10.0,0.9,0.95
2021-10-21,2021-10-14,2021-10-14 10:00:00+05:30,2021-10-20 12:46:00+05:30,BULLISH,PE,18283.75,18300,6,18000.0,17950.0,17900.0,47.15,38.75,31.6,7.849999999999998,23.199999999999996,23.199999999999996,22.039999999999996,23.199999999999996,1043.9999999999998,50,21.150000000000006,1057.5000000000002,77.66249795,979.8375020500002,19.596750041000004,1057.5000000000002,-64.99999999999986,TARGET,True,0.0,10.0,0.9,0.95
2021-11-18,2021-11-12,2021-11-12 10:00:00+05:30,2021-11-17 11:38:00+05:30,BULLISH,PE,17980.25,18000,6,17700.0,17650.0,17600.0,31.0,24.25,19.0,5.049999999999997,12.25,12.25,11.6375,12.25,551.25,50,11.05,552.5,75.16962645000001,477.33037355,9.546607471,552.5,-317.50000000000006,TARGET,True,0.0,10.0,0.9,0.95
2021-12-02,2021-11-26,2021-11-26 10:00:00+05:30,2021-12-02 09:15:00+05:30,BULLISH,PE,17222.4,17200,6,16900.0,16850.0,16800.0,44.8,37.5,31.0,16.4,23.700000000000003,23.700000000000003,22.515,23.700000000000003,1066.5,50,22.5,1125.0,77.34037090000001,1047.6596291,20.953192582,1125.0,-6720.0,TARGET,True,0.0,10.0,0.9,0.95
2021-12-09,2021-12-03,2021-12-03 10:00:00+05:30,2021-12-09 09:15:00+05:30,BULLISH,PE,17374.5,17350,6,17050.0,17000.0,16950.0,53.95,46.75,40.15,12.199999999999996,32.95,32.95,31.302500000000002,32.95,1482.7500000000002,50,31.349999999999994,1567.4999999999998,78.00714575,1489.4928542499997,29.789857084999994,1567.4999999999998,-4072.4999999999995,TARGET,True,0.0,10.0,0.9,0.95
2021-12-16,2021-12-10,2021-12-10 10:00:00+05:30,2021-12-16 09:15:00+05:30,BULLISH,PE,17468.8,17450,6,17150.0,17100.0,17050.0,43.6,36.95,31.15,7.5,24.499999999999993,24.499999999999993,23.27499999999999,24.499999999999993,1102.4999999999998,50,23.650000000000006,1182.5000000000002,76.88206025,1105.6179397500002,22.112358795000006,1182.5000000000002,-132.49999999999994,TARGET,True,0.0,10.0,0.9,0.95
2021-12-23,2021-12-17,2021-12-17 10:00:00+05:30,2021-12-22 14:57:00+05:30,BULLISH,PE,17087.3,17100,6,16800.0,16750.0,16700.0,55.2,46.45,38.3,13.049999999999997,29.549999999999997,29.549999999999997,28.072499999999994,29.549999999999997,1329.75,50,26.699999999999996,1334.9999999999998,79.93840269999998,1255.0615973,25.101231946,1334.9999999999998,-12840.0,TARGET,True,0.0,10.0,0.9,0.95
2022-01-06,2021-12-31,2021-12-31 10:00:00+05:30,2022-01-05 09:16:00+05:30,BULLISH,PE,17346.0,17350,6,17050.0,17000.0,16950.0,41.65,34.8,28.95,3.6000000000000014,22.1,22.1,20.995,22.1,994.5,50,19.95,997.5,76.30337515,921.19662485,18.423932497,997.5,-77.50000000000003,TARGET,True,0.0,10.0,0.9,0.95
2022-01-13,2022-01-07,2022-01-07 10:00:00+05:30,2022-01-12 09:15:00+05:30,BULLISH,PE,17885.05,17900,6,17600.0,17550.0,17500.0,46.35,38.25,31.2,11.650000000000006,23.1,23.1,21.945,23.1,1039.5000000000002,50,21.049999999999997,1052.4999999999998,76.79745125000001,975.7025487499998,19.514050974999996,1052.4999999999998,-1562.4999999999995,TARGET,True,0.0,10.0,0.9,0.95
2022-01-20,2022-01-14,2022-01-14 10:00:00+05:30,2022-01-18 11:37:00+05:30,BULLISH,PE,18194.35,18200,6,17900.0,17850.0,17800.0,42.25,34.4,27.7,9.600000000000001,19.849999999999994,19.849999999999994,18.857499999999995,19.849999999999994,893.2499999999998,50,17.950000000000003,897.5000000000001,76.67784434999999,820.8221556500001,16.416443113000003,897.5000000000001,-25.0,TARGET,True,0.0,10.0,0.9,0.95
2022-02-03,2022-01-28,2022-01-28 10:00:00+05:30,2022-02-01 14:26:00+05:30,BULLISH,PE,17341.2,17350,6,17050.0,17000.0,16950.0,130.95,116.15,102.75,79.49999999999999,87.95000000000002,87.95000000000002,83.55250000000001,87.95000000000002,3957.750000000001,50,79.25000000000001,3962.500000000001,89.80812584999998,3872.691874150001,77.45383748300002,3962.500000000001,-3784.999999999998,TARGET,True,0.0,10.0,0.9,0.95
2022-02-10,2022-02-04,2022-02-04 10:00:00+05:30,2022-02-09 12:08:00+05:30,BULLISH,PE,17576.0,17600,6,17300.0,17250.0,17200.0,62.5,52.65,44.6,13.550000000000004,34.75,34.75,33.012499999999996,34.75,1563.75,50,31.450000000000003,1572.5000000000002,81.21023305,1491.2897669500003,29.825795339000006,1572.5000000000002,-6797.499999999998,TARGET,True,0.0,10.0,0.9,0.95
2022-02-17,2022-02-11,2022-02-11 10:00:00+05:30,2022-02-17 09:15:00+05:30,BULLISH,PE,17338.8,17350,6,17050.0,17000.0,16950.0,64.75,55.1,46.55,15.550000000000004,36.900000000000006,36.900000000000006,35.05500000000001,36.900000000000006,1660.5000000000005,50,34.699999999999996,1734.9999999999998,79.4418871,1655.5581128999997,33.11116225799999,1734.9999999999998,-9282.5,TARGET,True,0.0,10.0,0.9,0.95
2022-03-03,2022-02-24,2022-02-24 10:00:00+05:30,2022-03-03 09:15:00+05:30,BULLISH,PE,16503.7,16500,6,16200.0,16150.0,16100.0,189.45,174.9,161.05,119.19999999999999,146.50000000000006,146.50000000000006,139.17500000000004,146.50000000000006,6592.500000000003,50,144.55000000000004,7227.500000000002,97.53176135,7129.968238650002,142.59936477300005,7227.500000000002,-7477.499999999999,TARGET,True,0.0,10.0,0.9,0.95
2022-03-10,2022-03-04,2022-03-04 10:00:00+05:30,2022-03-09 14:27:00+05:30,BULLISH,PE,16267.85,16250,6,15950.0,15900.0,15850.0,144.9,132.85,120.75,75.4,108.69999999999999,108.69999999999999,103.26499999999999,108.69999999999999,4891.5,50,98.19999999999999,4909.999999999999,92.77025599999999,4817.229743999999,96.34459487999999,4909.999999999999,-9487.500000000004,TARGET,True,0.0,10.0,0.9,0.95
2022-03-17,2022-03-11,2022-03-11 10:00:00+05:30,2022-03-16 09:15:00+05:30,BULLISH,PE,16671.55,16650,6,16350.0,16300.0,16250.0,125.45,113.75,102.85,61.69999999999999,91.14999999999999,91.14999999999999,86.59249999999999,91.14999999999999,4101.75,50,82.34999999999998,4117.499999999999,89.52810695,4027.971893049999,80.55943786099998,4117.499999999999,-1462.5000000000007,TARGET,True,0.0,10.0,0.9,0.95
2022-03-24,2022-03-17,2022-03-17 10:00:00+05:30,2022-03-23 09:15:00+05:30,BULLISH,PE,17240.25,17250,6,16950.0,16900.0,16850.0,108.55,96.3,85.75,40.75,73.50000000000001,73.50000000000001,69.82500000000002,73.50000000000001,3307.500000000001,50,68.8,3440.0,86.17318159999999,3353.8268184,67.07653636799999,3440.0,-227.50000000000057,TARGET,True,0.0,10.0,0.9,0.95
2022-04-07,2022-04-01,2022-04-01 10:00:00+05:30,2022-04-05 11:03:00+05:30,BULLISH,PE,17536.5,17550,6,17250.0,17200.0,17150.0,57.95,49.25,41.6,11.600000000000001,32.89999999999999,32.89999999999999,31.254999999999992,32.89999999999999,1480.4999999999995,50,29.700000000000003,1485.0000000000002,78.6693153,1406.3306847000003,28.126613694000007,1485.0000000000002,-195.00000000000028,TARGET,True,0.0,10.0,0.9,0.95
2022-04-21,2022-04-13,2022-04-13 10:00:00+05:30,2022-04-19 12:32:00+05:30,BEARISH,CE,17599.65,17600,6,17900.0,17950.0,18000.0,37.85,29.5,22.8,14.449999999999996,14.300000000000004,14.449999999999996,13.727499999999996,14.449999999999996,650.2499999999999,50,13.050000000000004,652.5000000000002,75.40148605,577.0985139500002,11.541970279000004,652.5000000000002,-62.49999999999982,TARGET,True,0.0,10.0,0.9,0.95
2022-05-05,2022-04-28,2022-04-28 10:00:00+05:30,2022-05-05 09:15:00+05:30,BULLISH,PE,17111.8,17100,6,16800.0,16750.0,16700.0,65.35,56.0,48.0,28.699999999999996,38.650000000000006,38.650000000000006,36.7175,38.650000000000006,1739.2500000000002,50,39.2,1960.0000000000002,83.64747799999999,1876.3525220000001,37.527050440000004,1960.0000000000002,-2477.499999999999,TARGET,True,0.0,10.0,0.9,0.95
2022-05-12,2022-05-06,2022-05-06 10:00:00+05:30,2022-05-12 15:29:00+05:30,BULLISH,PE,16428.35,16450,6,16150.0,16100.0,16050.0,93.1,81.15,70.6,27.35,58.650000000000006,58.650000000000006,55.7175,58.650000000000006,2639.25,50,-133.79999999999998,-6689.999999999999,120.30173900000001,-6810.3017389999995,-136.20603477999998,2130.0,-9990.0,EXPIRY,False,0.0,10.0,0.9,0.95
2022-05-19,2022-05-13,2022-05-13 10:00:00+05:30,2022-05-17 15:29:00+05:30,BULLISH,PE,15928.8,15950,6,15650.0,15600.0,15550.0,90.9,78.35,68.1,34.60000000000001,55.54999999999998,55.54999999999998,52.77249999999998,55.54999999999998,2499.749999999999,50,50.149999999999984,2507.499999999999,83.49571135,2424.004288649999,48.480085772999985,2507.499999999999,-1435.000000000001,TARGET,True,0.0,10.0,0.9,0.95
2022-06-02,2022-05-27,2022-05-27 10:00:00+05:30,2022-05-31 10:30:00+05:30,BULLISH,PE,16300.8,16300,6,16000.0,15950.0,15900.0,77.8,66.85,57.0,26.75,46.05,46.05,43.747499999999995,46.05,2072.25,50,41.44999999999999,2072.4999999999995,81.65755405000002,1990.8424459499995,39.81684891899999,2072.4999999999995,-657.5000000000002,TARGET,True,0.0,10.0,0.9,0.95
2022-06-09,2022-06-03,2022-06-03 10:00:00+05:30,2022-06-09 12:27:00+05:30,BULLISH,PE,16781.65,16800,6,16500.0,16450.0,16400.0,65.25,54.8,45.95,13.799999999999997,35.5,35.5,33.725,35.5,1597.5,50,32.449999999999996,1622.4999999999998,90.79316025,1531.7068397499997,30.634136794999996,1622.4999999999998,-4205.0,TARGET,True,0.0,10.0,0.9,0.95
2022-06-16,2022-06-10,2022-06-10 10:00:00+05:30,2022-06-16 15:29:00+05:30,BULLISH,PE,16266.3,16250,6,15950.0,15900.0,15850.0,51.0,42.05,34.25,18.749999999999993,25.299999999999997,25.299999999999997,24.034999999999997,25.299999999999997,1138.5,50,-415.25,-20762.5,144.83999715,-20907.33999715,-418.146799943,247.50000000000014,-21440.000000000004,EXPIRY,False,0.0,10.0,0.9,0.95
2022-06-23,2022-06-17,2022-06-17 10:00:00+05:30,2022-06-21 11:56:00+05:30,BULLISH,PE,15347.95,15350,6,15050.0,15000.0,14950.0,95.0,84.25,74.2,36.7,63.44999999999999,63.44999999999999,60.27749999999999,63.44999999999999,2855.2499999999995,50,57.25,2862.5,84.69914645,2777.80085355,55.556017071,2862.5,-1390.0000000000005,TARGET,True,0.0,10.0,0.9,0.95
2022-07-07,2022-07-01,2022-07-01 10:00:00+05:30,2022-07-05 09:15:00+05:30,BULLISH,PE,15627.7,15650,6,15350.0,15300.0,15250.0,76.75,65.1,55.35,19.65,43.69999999999999,43.69999999999999,41.514999999999986,43.69999999999999,1966.4999999999995,50,41.04999999999999,2052.4999999999995,81.24279145,1971.2572085499996,39.42514417099999,2052.4999999999995,-1232.5,TARGET,True,0.0,10.0,0.9,0.95
2022-07-14,2022-07-08,2022-07-08 10:00:00+05:30,2022-07-13 09:15:00+05:30,BULLISH,PE,16203.2,16200,6,15900.0,15850.0,15800.0,50.85,42.25,34.85,8.850000000000001,26.249999999999993,26.249999999999993,24.937499999999993,26.249999999999993,1181.2499999999995,50,24.65,1232.5,78.80778965000002,1153.69221035,23.073844207,1232.5,-105.00000000000007,TARGET,True,0.0,10.0,0.9,0.95
2022-07-21,2022-07-15,2022-07-15 10:00:00+05:30,2022-07-19 09:46:00+05:30,BULLISH,PE,15984.35,16000,6,15700.0,15650.0,15600.0,42.45,34.05,27.3,4.849999999999998,18.89999999999999,18.89999999999999,17.95499999999999,18.89999999999999,850.4999999999998,50,17.049999999999994,852.4999999999997,76.21889705000001,776.2811029499996,15.525622058999993,852.4999999999997,-240.0000000000004,TARGET,True,0.0,10.0,0.9,0.95
2022-08-04,2022-07-29,2022-07-29 10:00:00+05:30,2022-08-04 09:15:00+05:30,BULLISH,PE,17135.7,17150,6,16850.0,16800.0,16750.0,39.65,31.95,25.65,8.350000000000001,17.949999999999996,17.949999999999996,17.052499999999995,17.949999999999996,807.7499999999999,50,16.849999999999998,842.4999999999999,75.68768105,766.8123189499998,15.336246378999997,842.4999999999999,-624.9999999999998,TARGET,True,0.0,10.0,0.9,0.95
2022-08-11,2022-08-04,2022-08-04 10:00:00+05:30,2022-08-10 10:15:00+05:30,BULLISH,PE,17462.35,17450,6,17150.0,17100.0,17050.0,67.0,57.35,48.85,28.700000000000003,39.2,39.2,37.24,39.2,1764.0,50,35.35,1767.5,80.49196094999999,1687.00803905,33.740160781,1767.5,-5682.499999999999,TARGET,True,0.0,10.0,0.9,0.95
2022-08-18,2022-08-11,2022-08-11 10:00:00+05:30,2022-08-16 13:00:00+05:30,BULLISH,PE,17689.0,17700,6,17400.0,17350.0,17300.0,48.3,40.45,33.65,11.849999999999994,25.799999999999997,25.799999999999997,24.509999999999994,25.799999999999997,1161.0,50,23.250000000000007,1162.5000000000005,77.49621925,1085.0037807500005,21.70007561500001,1162.5000000000005,-374.99999999999966,TARGET,True,0.0,10.0,0.9,0.95
2022-09-01,2022-08-25,2022-08-25 10:00:00+05:30,2022-09-01 09:24:00+05:30,BULLISH,PE,17714.5,17700,6,17400.0,17350.0,17300.0,39.7,33.1,27.5,19.450000000000003,20.9,20.9,19.854999999999997,20.9,940.4999999999999,50,19.0,950.0,77.8487032,872.1512968,17.443025935999998,950.0,-7042.499999999998,TARGET,True,0.0,10.0,0.9,0.95
2022-09-08,2022-09-02,2022-09-02 10:00:00+05:30,2022-09-06 15:01:00+05:30,BULLISH,PE,17507.2,17500,6,17200.0,17150.0,17100.0,65.2,55.25,45.6,22.200000000000003,35.64999999999999,35.64999999999999,33.86749999999999,35.64999999999999,1604.2499999999998,50,32.199999999999996,1609.9999999999998,79.92834720000002,1530.0716527999998,30.601433055999998,1609.9999999999998,-362.5,TARGET,True,0.0,10.0,0.9,0.95
2022-09-15,2022-09-09,2022-09-09 10:00:00+05:30,2022-09-14 15:21:00+05:30,BULLISH,PE,17896.7,17900,6,17600.0,17550.0,17500.0,40.25,32.75,27.0,6.75,19.5,19.5,18.525,19.5,877.5,50,17.55,877.5,76.48815835,801.01184165,16.020236833,877.5,-777.4999999999999,TARGET,True,0.0,10.0,0.9,0.95
2022-09-22,2022-09-16,2022-09-16 10:00:00+05:30,2022-09-22 09:15:00+05:30,BULLISH,PE,17650.3,17650,6,17350.0,17300.0,17250.0,63.95,53.8,45.4,23.9,35.249999999999986,35.249999999999986,33.48749999999998,35.249999999999986,1586.2499999999993,50,34.84999999999999,1742.4999999999993,79.86900785,1662.6309921499992,33.252619842999984,1742.4999999999993,-1750.0000000000011,TARGET,True,0.0,10.0,0.9,0.95
2022-10-06,2022-09-29,2022-09-29 10:00:00+05:30,2022-10-04 09:15:00+05:30,BULLISH,PE,16959.75,16950,6,16650.0,16600.0,16550.0,83.25,71.25,61.9,39.80000000000001,49.900000000000006,49.900000000000006,47.405,49.900000000000006,2245.5,50,46.1,2305.0,82.26185389999999,2222.7381461,44.454762922,2305.0,-2355.0,TARGET,True,0.0,10.0,0.9,0.95
2022-10-13,2022-10-07,2022-10-07 10:00:00+05:30,2022-10-13 09:17:00+05:30,BULLISH,PE,17332.5,17350,6,17050.0,17000.0,16950.0,56.8,47.45,39.95,7.949999999999996,30.60000000000001,30.60000000000001,29.070000000000007,30.60000000000001,1377.0000000000005,50,28.25000000000001,1412.5000000000005,81.87920345,1330.6207965500005,26.612415931000008,1412.5000000000005,-2519.9999999999995,TARGET,True,0.0,10.0,0.9,0.95
2022-10-20,2022-10-14,2022-10-14 10:00:00+05:30,2022-10-19 09:26:00+05:30,BULLISH,PE,17308.3,17300,6,17000.0,16950.0,16900.0,46.3,38.25,31.15,11.25,23.10000000000001,23.10000000000001,21.945000000000007,23.10000000000001,1039.5000000000005,50,20.950000000000003,1047.5000000000002,76.84649114999999,970.6535088500002,19.413070177000005,1047.5000000000002,-794.9999999999995,TARGET,True,0.0,10.0,0.9,0.95
2022-11-03,2022-10-28,2022-10-28 10:00:00+05:30,2022-11-02 09:26:00+05:30,BULLISH,PE,17793.3,17800,6,17500.0,17450.0,17400.0,40.4,32.45,25.95,3.0500000000000043,18.000000000000007,18.000000000000007,17.100000000000005,18.000000000000007,810.0000000000003,50,16.25,812.5,75.90383265000001,736.59616735,14.731923346999999,812.5,-142.4999999999999,TARGET,True,0.0,10.0,0.9,0.95
2022-11-10,2022-11-03,2022-11-03 10:00:00+05:30,2022-11-07 09:15:00+05:30,BULLISH,PE,18073.95,18050,6,17750.0,17700.0,17650.0,53.7,44.9,37.2,22.249999999999993,28.39999999999999,28.39999999999999,26.97999999999999,28.39999999999999,1277.9999999999995,50,25.700000000000003,1285.0000000000002,78.1045413,1206.8954587000003,24.137909174000004,1285.0000000000002,-85.00000000000014,TARGET,True,0.0,10.0,0.9,0.95
2022-11-17,2022-11-11,2022-11-11 10:00:00+05:30,2022-11-16 14:49:00+05:30,BULLISH,PE,18299.55,18300,6,18000.0,17950.0,17900.0,22.35,16.95,13.15,2.6999999999999993,7.75,7.75,7.3625,7.75,348.75,50,6.999999999999998,349.9999999999999,73.5774838,276.4225161999999,5.528450323999998,349.9999999999999,-20.000000000000195,TARGET,True,0.0,10.0,0.9,0.95
2022-12-01,2022-11-25,2022-11-25 10:00:00+05:30,2022-12-01 10:35:00+05:30,BULLISH,PE,18468.85,18450,6,18150.0,18100.0,18050.0,14.3,10.8,8.5,3.150000000000002,5.0,5.0,4.75,5.0,225.0,50,4.5,225.0,72.48381429999999,152.5161857,3.0503237139999997,225.0,-50.000000000000085,TARGET,True,0.0,10.0,0.9,0.95
2022-12-08,2022-12-02,2022-12-02 10:00:00+05:30,2022-12-07 10:53:00+05:30,BULLISH,PE,18712.8,18700,6,18400.0,18350.0,18300.0,17.2,13.0,10.3,5.649999999999999,6.100000000000001,6.100000000000001,5.795000000000001,6.100000000000001,274.50000000000006,50,5.600000000000001,280.00000000000006,73.65312019999999,206.34687980000007,4.126937596000001,280.00000000000006,-259.99999999999994,TARGET,True,0.0,10.0,0.9,0.95
2022-12-15,2022-12-09,2022-12-09 10:00:00+05:30,2022-12-15 10:24:00+05:30,BULLISH,PE,18628.0,18650,6,18350.0,18300.0,18250.0,14.85,11.1,8.3,1.5999999999999996,4.549999999999999,4.549999999999999,4.322499999999999,4.549999999999999,204.74999999999994,50,4.100000000000001,205.00000000000006,72.5329851,132.46701490000004,2.6493402980000007,205.00000000000006,-884.9999999999997,TARGET,True,0.0,10.0,0.9,0.95
2022-12-22,2022-12-16,2022-12-16 10:00:00+05:30,2022-12-22 09:15:00+05:30,BULLISH,PE,18385.1,18400,6,18100.0,18050.0,18000.0,25.0,19.7,15.95,3.25,10.649999999999999,10.649999999999999,10.117499999999998,10.649999999999999,479.24999999999994,50,10.699999999999998,534.9999999999999,74.4042125,460.5957874999999,9.211915749999998,534.9999999999999,-367.5000000000002,TARGET,True,0.0,10.0,0.9,0.95
2023-01-05,2022-12-30,2022-12-30 10:00:00+05:30,2023-01-04 09:19:00+05:30,BULLISH,PE,18242.95,18250,6,17950.0,17900.0,17850.0,27.05,21.45,17.05,2.75,11.45,11.45,10.8775,11.45,515.25,50,10.399999999999999,519.9999999999999,74.698321,445.30167899999987,8.906033579999997,519.9999999999999,-470.0000000000001,TARGET,True,0.0,10.0,0.9,0.95
2023-01-12,2023-01-06,2023-01-06 10:00:00+05:30,2023-01-11 13:53:00+05:30,BULLISH,PE,17960.75,17950,6,17650.0,17600.0,17550.0,22.15,17.0,13.05,5.849999999999998,7.900000000000002,7.900000000000002,7.505000000000002,7.900000000000002,355.5000000000001,50,7.150000000000002,357.5000000000001,74.05513195,283.4448680500001,5.668897361000002,357.5000000000001,-752.4999999999997,TARGET,True,0.0,10.0,0.9,0.95
2023-01-19,2023-01-13,2023-01-13 10:00:00+05:30,2023-01-19 09:23:00+05:30,BULLISH,PE,17792.45,17800,6,17500.0,17450.0,17400.0,29.65,22.85,17.5,9.950000000000003,10.700000000000003,10.700000000000003,10.165000000000003,10.700000000000003,481.5000000000001,50,9.8,490.00000000000006,74.321924,415.67807600000003,8.31356152,490.00000000000006,-89.99999999999969,TARGET,True,0.0,10.0,0.9,0.95
2023-02-02,2023-01-27,2023-01-27 10:00:00+05:30,2023-02-01 12:46:00+05:30,BULLISH,PE,17743.65,17750,6,17450.0,17400.0,17350.0,68.35,57.9,49.0,37.5,38.55000000000001,38.55000000000001,36.62250000000001,38.55000000000001,1734.7500000000007,50,34.75000000000001,1737.5000000000005,80.18446495,1657.3155350500006,33.14631070100001,1737.5000000000005,-4677.500000000001,TARGET,True,0.0,10.0,0.9,0.95
2023-02-09,2023-02-03,2023-02-03 10:00:00+05:30,2023-02-07 11:12:00+05:30,BULLISH,PE,17693.55,17700,6,17400.0,17350.0,17300.0,39.15,32.15,26.0,6.600000000000005,19.0,19.0,18.05,19.0,855.0000000000001,50,17.1,855.0000000000001,76.3275857,778.6724143000001,15.573448286000003,855.0000000000001,-859.9999999999994,TARGET,True,0.0,10.0,0.9,0.95
2023-02-16,2023-02-10,2023-02-10 10:00:00+05:30,2023-02-16 13:24:00+05:30,BULLISH,PE,17823.85,17800,6,17500.0,17450.0,17400.0,17.15,12.8,9.7,2.3000000000000007,5.350000000000001,5.350000000000001,5.082500000000001,5.350000000000001,240.75000000000006,50,4.850000000000003,242.50000000000017,72.77151465,169.72848535000017,3.3945697070000036,242.50000000000017,-167.4999999999999,TARGET,True,0.0,10.0,0.9,0.95
2023-03-02,2023-02-24,2023-02-24 10:00:00+05:30,2023-03-01 09:30:00+05:30,BULLISH,PE,17541.4,17550,6,17250.0,17200.0,17150.0,24.75,19.3,14.8,3.5,9.350000000000001,9.350000000000001,8.8825,9.350000000000001,420.75000000000006,50,8.700000000000001,435.00000000000006,75.7203287,359.2796713000001,7.185593426000001,435.00000000000006,-622.4999999999998,TARGET,True,0.0,10.0,0.9,0.95
2023-03-09,2023-03-02,2023-03-02 10:00:00+05:30,2023-03-06 15:29:00+05:30,BULLISH,PE,17361.4,17350,6,17050.0,17000.0,16950.0,25.05,19.95,15.45,6.0,10.349999999999998,10.349999999999998,9.832499999999998,10.349999999999998,465.7499999999999,50,9.549999999999999,477.49999999999994,73.93924975,403.56075024999996,8.071215004999999,477.49999999999994,-10.000000000000231,TARGET,True,0.0,10.0,0.9,0.95
2023-03-16,2023-03-10,2023-03-10 10:00:00+05:30,2023-03-16 11:05:00+05:30,BULLISH,PE,17376.1,17400,6,17100.0,17050.0,17000.0,28.0,22.15,17.7,3.4499999999999993,11.849999999999994,11.849999999999994,11.257499999999995,11.849999999999994,533.2499999999998,50,12.250000000000004,612.5000000000002,81.93058765,530.5694123500002,10.611388247000004,612.5000000000002,-4530.0,TARGET,True,0.0,10.0,0.9,0.95
2023-03-23,2023-03-17,2023-03-17 10:00:00+05:30,2023-03-22 09:15:00+05:30,BULLISH,PE,17052.15,17050,6,16750.0,16700.0,16650.0,38.75,31.85,26.0,8.849999999999998,19.1,19.1,18.145,19.1,859.5000000000001,50,17.2,860.0,76.03968900000001,783.960311,15.679206220000001,860.0,-1332.5,TARGET,True,0.0,10.0,0.9,0.95
2023-04-06,2023-03-29,2023-03-29 10:00:00+05:30,2023-04-03 10:42:00+05:30,BULLISH,PE,17018.3,17000,6,16700.0,16650.0,16600.0,33.0,26.75,21.85,7.699999999999996,15.600000000000001,15.600000000000001,14.82,15.600000000000001,702.0,50,14.100000000000001,705.0000000000001,75.0840833,629.9159167000001,12.598318334000004,705.0000000000001,-252.49999999999986,TARGET,True,0.0,10.0,0.9,0.95
2023-04-20,2023-04-13,2023-04-13 10:00:00+05:30,2023-04-18 10:29:00+05:30,BULLISH,PE,17799.65,17800,6,17500.0,17450.0,17400.0,19.9,15.6,12.25,2.399999999999997,7.950000000000003,7.950000000000003,7.552500000000002,7.950000000000003,357.75000000000017,50,7.300000000000001,365.00000000000006,74.60627450000001,290.3937255000001,5.807874510000001,365.00000000000006,-319.99999999999994,TARGET,True,0.0,10.0,0.9,0.95
2023-05-11,2023-05-05,2023-05-05 10:00:00+05:30,2023-05-11 14:34:00+05:30,BULLISH,PE,18191.6,18200,7,17850.0,17800.0,17750.0,8.55,6.9,5.55,1.0499999999999998,4.100000000000001,4.100000000000001,3.8950000000000014,3.8999999999999986,175.49999999999994,50,3.549999999999999,177.49999999999994,71.86565095,105.63434904999994,2.1126869809999986,177.49999999999994,-195.00000000000006,TARGET,True,0.0,10.0,0.9,0.95
2023-05-18,2023-05-12,2023-05-12 10:00:00+05:30,2023-05-16 15:29:00+05:30,BULLISH,PE,18230.0,18250,6,17950.0,17900.0,17850.0,19.6,15.1,11.5,1.5500000000000007,7.0,7.0,6.6499999999999995,7.0,315.0,50,6.599999999999998,329.9999999999999,73.40157799999999,256.5984219999999,5.131968439999998,329.9999999999999,14.999999999999947,TARGET,True,0.0,10.0,0.9,0.95
2023-06-01,2023-05-26,2023-05-26 10:00:00+05:30,2023-05-31 15:29:00+05:30,BULLISH,PE,18384.2,18400,6,18100.0,18050.0,18000.0,17.25,13.1,10.25,0.6500000000000004,6.100000000000001,6.100000000000001,5.795000000000001,6.100000000000001,274.50000000000006,50,5.549999999999999,277.49999999999994,72.86001495000001,204.63998504999995,4.092799700999999,277.49999999999994,-17.499999999999982,TARGET,True,0.0,10.0,0.9,0.95
2023-06-08,2023-06-02,2023-06-02 10:00:00+05:30,2023-06-08 12:49:00+05:30,BULLISH,PE,18497.55,18500,6,18200.0,18150.0,18100.0,15.05,11.05,8.2,1.8499999999999996,4.199999999999999,4.199999999999999,3.9899999999999993,4.199999999999999,188.99999999999997,50,3.8,190.0,72.50096219999999,117.49903780000001,2.3499807560000003,190.0,-64.99999999999994,TARGET,True,0.0,10.0,0.9,0.95
2023-06-15,2023-06-09,2023-06-09 10:00:00+05:30,2023-06-15 14:20:00+05:30,BULLISH,PE,18659.9,18650,7,18300.0,18250.0,18200.0,8.1,6.5,5.5,0.40000000000000036,4.0,4.0,3.8,3.9000000000000004,175.5,50,3.55,177.5,71.83349715,105.66650285,2.113330057,177.5,-19.99999999999993,TARGET,True,0.0,10.0,0.9,0.95
2023-06-22,2023-06-16,2023-06-16 10:00:00+05:30,2023-06-22 13:45:00+05:30,BULLISH,PE,18758.55,18750,7,18400.0,18350.0,18300.0,7.7,6.3,5.35,0.7000000000000002,4.1,4.1,3.8949999999999996,3.9499999999999984,177.74999999999994,50,3.5999999999999988,179.99999999999994,71.80897720000002,108.19102279999993,2.1638204559999985,179.99999999999994,-22.500000000000053,TARGET,True,0.0,10.0,0.9,0.95
2023-07-06,2023-06-30,2023-06-30 10:00:00+05:30,2023-07-06 13:05:00+05:30,BULLISH,PE,19086.0,19100,6,18800.0,18750.0,18700.0,16.35,12.85,10.4,1.5999999999999979,6.899999999999999,6.899999999999999,6.554999999999998,6.899999999999999,310.49999999999994,50,6.249999999999998,312.4999999999999,72.81990005,239.68009994999989,4.793601998999998,312.4999999999999,-40.00000000000013,TARGET,True,0.0,10.0,0.9,0.95
2023-07-13,2023-07-07,2023-07-07 10:00:00+05:30,2023-07-12 11:59:00+05:30,BULLISH,PE,19519.75,19500,6,19200.0,19150.0,19100.0,20.5,15.9,12.7,1.3000000000000007,8.100000000000001,8.100000000000001,7.695000000000001,8.100000000000001,364.5000000000001,50,7.299999999999999,364.99999999999994,73.6600341,291.3399658999999,5.826799317999998,364.99999999999994,-154.99999999999997,TARGET,True,0.0,10.0,0.9,0.95
2023-07-20,2023-07-14,2023-07-14 10:00:00+05:30,2023-07-20 14:49:00+05:30,BULLISH,PE,19458.25,19450,6,19150.0,19100.0,19050.0,12.5,9.55,7.65,2.4499999999999993,4.700000000000003,4.700000000000003,4.4650000000000025,4.700000000000003,211.50000000000014,50,4.300000000000002,215.00000000000009,72.3062901,142.6937099000001,2.853874198000002,215.00000000000009,-137.5,TARGET,True,0.0,10.0,0.9,0.95
2023-08-03,2023-07-28,2023-07-28 10:00:00+05:30,2023-08-02 09:46:00+05:30,BULLISH,PE,19644.05,19650,6,19350.0,19300.0,19250.0,19.7,14.95,11.2,4.299999999999997,6.449999999999999,6.449999999999999,6.127499999999999,6.449999999999999,290.25,50,5.85,292.5,73.33759765,219.16240234999998,4.3832480469999995,292.5,-85.00000000000014,TARGET,True,0.0,10.0,0.9,0.95
2023-08-10,2023-08-04,2023-08-04 10:00:00+05:30,2023-08-10 10:55:00+05:30,BULLISH,PE,19456.2,19450,6,19150.0,19100.0,19050.0,18.7,14.15,10.75,2.3499999999999996,6.199999999999999,6.199999999999999,5.889999999999999,6.199999999999999,278.99999999999994,50,5.600000000000001,280.00000000000006,72.99167059999999,207.00832940000006,4.140166588000001,280.00000000000006,-47.49999999999987,TARGET,True,0.0,10.0,0.9,0.95
2023-08-17,2023-08-10,2023-08-10 10:00:00+05:30,2023-08-16 09:17:00+05:30,BULLISH,PE,19583.5,19600,7,19250.0,19200.0,19150.0,20.05,16.1,13.0,4.0,9.400000000000006,9.400000000000006,8.930000000000005,9.05,407.25000000000006,50,8.25,412.5,75.89507425,336.60492575,6.732098515000001,412.5,-302.49999999999966,TARGET,True,0.0,10.0,0.9,0.95
2023-08-24,2023-08-18,2023-08-18 10:00:00+05:30,2023-08-24 11:00:00+05:30,BULLISH,PE,19264.0,19250,7,18900.0,18850.0,18800.0,10.45,7.95,6.5,1.8999999999999986,4.149999999999999,4.149999999999999,3.9424999999999986,4.0,180.0,50,3.6000000000000005,180.00000000000003,72.070801,107.92919900000003,2.1585839800000004,180.00000000000003,-17.499999999999936,TARGET,True,0.0,10.0,0.9,0.95
2023-09-07,2023-09-01,2023-09-01 10:00:00+05:30,2023-09-07 09:18:00+05:30,BULLISH,PE,19309.1,19300,6,19000.0,18950.0,18900.0,14.25,10.65,8.4,0.6500000000000004,4.800000000000001,4.800000000000001,4.5600000000000005,4.800000000000001,216.00000000000006,50,4.5,225.0,72.45625390000001,152.5437461,3.0508749219999998,225.0,-12.5,TARGET,True,0.0,10.0,0.9,0.95
2023-09-14,2023-09-08,2023-09-08 10:00:00+05:30,2023-09-14 09:25:00+05:30,BULLISH,PE,19774.6,19750,6,19450.0,19400.0,19350.0,12.55,9.9,8.0,1.9499999999999993,5.349999999999998,5.349999999999998,5.082499999999998,5.349999999999998,240.74999999999994,50,4.85,242.49999999999997,72.35810865,170.14189134999998,3.4028378269999995,242.49999999999997,-47.499999999999964,TARGET,True,0.0,10.0,0.9,0.95
2023-09-21,2023-09-14,2023-09-14 10:00:00+05:30,2023-09-20 10:01:00+05:30,BULLISH,PE,20145.6,20150,6,19850.0,19800.0,19750.0,29.5,24.0,19.5,6.649999999999999,14.0,14.0,13.299999999999999,14.0,630.0,50,12.6,630.0,75.8885828,554.1114172,11.082228344,630.0,-197.49999999999997,TARGET,True,0.0,10.0,0.9,0.95
2023-10-05,2023-09-28,2023-09-28 10:00:00+05:30,2023-10-03 13:11:00+05:30,BULLISH,PE,19685.8,19700,6,19400.0,19350.0,19300.0,27.5,21.9,17.9,4.349999999999998,12.299999999999997,12.299999999999997,11.684999999999997,12.299999999999997,553.4999999999999,50,11.349999999999998,567.4999999999999,75.80797815,491.6920218499999,9.833840436999997,567.4999999999999,-737.5000000000003,TARGET,True,0.0,10.0,0.9,0.95
2023-10-12,2023-10-06,2023-10-06 10:00:00+05:30,2023-10-12 09:17:00+05:30,BULLISH,PE,19599.9,19600,6,19300.0,19250.0,19200.0,15.7,11.9,9.15,0.8999999999999986,5.350000000000001,5.350000000000001,5.082500000000001,5.350000000000001,240.75000000000006,50,4.850000000000001,242.50000000000006,72.63371265,169.86628735000005,3.397325747000001,242.50000000000006,-357.49999999999994,TARGET,True,0.0,10.0,0.9,0.95
2023-10-19,2023-10-13,2023-10-13 10:00:00+05:30,2023-10-18 11:48:00+05:30,BULLISH,PE,19710.15,19700,6,19400.0,19350.0,19300.0,18.3,14.05,11.15,1.3499999999999996,6.900000000000002,6.900000000000002,6.5550000000000015,6.900000000000002,310.5000000000001,50,6.25,312.5,73.17359185000001,239.32640815,4.786528163,312.5,-45.000000000000014,TARGET,True,0.0,10.0,0.9,0.95
2023-11-02,2023-10-27,2023-10-27 10:00:00+05:30,2023-11-01 11:50:00+05:30,BULLISH,PE,19003.3,19000,6,18700.0,18650.0,18600.0,28.2,22.35,17.75,5.75,11.900000000000002,11.900000000000002,11.305000000000001,11.900000000000002,535.5000000000001,50,10.75,537.5,74.47156054999999,463.02843945,9.260568789,537.5,-134.99999999999997,TARGET,True,0.0,10.0,0.9,0.95
2023-11-09,2023-11-03,2023-11-03 10:00:00+05:30,2023-11-08 14:38:00+05:30,BULLISH,PE,19252.0,19250,6,18950.0,18900.0,18850.0,15.1,11.8,9.55,0.6499999999999986,6.250000000000002,6.250000000000002,5.937500000000002,6.250000000000002,281.2500000000001,50,5.650000000000002,282.5000000000001,72.67317305,209.8268269500001,4.196536539000002,282.5000000000001,-4.999999999999893,TARGET,True,0.0,10.0,0.9,0.95
2023-11-16,2023-11-10,2023-11-10 10:00:00+05:30,2023-11-16 09:17:00+05:30,BULLISH,PE,19336.7,19350,6,19050.0,19000.0,18950.0,12.35,8.95,6.5,1.9000000000000004,3.0999999999999996,3.0999999999999996,2.9449999999999994,3.0999999999999996,139.49999999999997,50,2.8000000000000007,140.00000000000003,72.16914259999999,67.83085740000004,1.3566171480000009,140.00000000000003,-40.000000000000036,TARGET,True,0.0,10.0,0.9,0.95
2023-11-23,2023-11-17,2023-11-17 10:00:00+05:30,2023-11-22 12:27:00+05:30,BULLISH,PE,19805.65,19800,6,19500.0,19450.0,19400.0,15.8,12.4,10.2,2.9499999999999993,6.800000000000001,6.800000000000001,6.46,6.800000000000001,306.00000000000006,50,6.35,317.5,73.39556255,244.10443745,4.882088749,317.5,-42.499999999999986,TARGET,True,0.0,10.0,0.9,0.95
2023-12-07,2023-12-01,2023-12-01 10:00:00+05:30,2023-12-06 12:40:00+05:30,BULLISH,PE,20254.2,20250,6,19950.0,19900.0,19850.0,28.55,23.65,19.55,6.350000000000001,14.650000000000002,14.650000000000002,13.917500000000002,14.650000000000002,659.2500000000001,50,13.2,660.0,74.53326799999999,585.466732,11.70933464,660.0,-102.50000000000021,TARGET,True,0.0,10.0,0.9,0.95
2023-12-14,2023-12-08,2023-12-08 10:00:00+05:30,2023-12-12 11:08:00+05:30,BEARISH,CE,20990.65,21000,6,21300.0,21350.0,21400.0,29.9,23.05,17.85,11.000000000000007,8.599999999999998,11.000000000000007,10.450000000000006,11.000000000000007,495.0000000000004,50,10.000000000000004,500.00000000000017,75.1700846,424.8299154000002,8.496598308000003,500.00000000000017,-27.499999999999858,TARGET,True,0.0,10.0,0.9,0.95
2023-12-21,2023-12-15,2023-12-15 10:00:00+05:30,2023-12-21 10:03:00+05:30,BULLISH,PE,21289.05,21300,6,21000.0,20950.0,20900.0,21.25,16.9,13.85,8.75,9.5,9.5,9.025,9.5,427.50000000000006,50,8.849999999999998,442.4999999999999,75.52734045,366.9726595499999,7.339453190999998,442.4999999999999,-485.0000000000005,TARGET,True,0.0,10.0,0.9,0.95
2024-01-04,2023-12-29,2023-12-29 10:00:00+05:30,2024-01-03 12:36:00+05:30,BULLISH,PE,21729.9,21750,6,21450.0,21400.0,21350.0,49.95,41.0,33.5,20.099999999999994,24.549999999999997,24.549999999999997,23.322499999999994,24.549999999999997,1104.75,50,22.099999999999998,1105.0,80.0215599,1024.9784401,20.499568802,1105.0,-235.00000000000014,TARGET,True,0.0,10.0,0.9,0.95
2024-01-11,2024-01-05,2024-01-05 10:00:00+05:30,2024-01-10 15:19:00+05:30,BULLISH,PE,21742.2,21750,6,21450.0,21400.0,21350.0,26.95,20.65,16.15,5.850000000000001,9.849999999999998,9.849999999999998,9.357499999999998,9.849999999999998,443.24999999999994,50,8.949999999999998,447.4999999999999,74.61474135,372.88525864999986,7.457705172999997,447.4999999999999,-707.5000000000002,TARGET,True,0.0,10.0,0.9,0.95
2024-01-18,2024-01-12,2024-01-12 10:00:00+05:30,2024-01-18 10:21:00+05:30,BULLISH,PE,21753.85,21750,6,21450.0,21400.0,21350.0,33.4,26.95,21.95,6.7499999999999964,15.5,15.5,14.725,15.5,697.5,50,14.600000000000009,730.0000000000005,81.65089599999999,648.3491040000005,12.96698208000001,730.0000000000005,-1712.5000000000007,TARGET,True,0.0,10.0,0.9,0.95
2024-02-01,2024-01-25,2024-01-25 10:00:00+05:30,2024-02-01 12:01:00+05:30,BEARISH,CE,21371.45,21350,6,21650.0,21700.0,21750.0,114.25,96.7,81.85,64.30000000000001,49.10000000000001,64.30000000000001,61.08500000000001,64.30000000000001,2893.5000000000005,50,66.35,3317.4999999999995,93.79623235,3223.7037676499995,64.47407535299999,3317.4999999999995,-6455.000000000001,TARGET,True,0.0,10.0,0.9,0.95
2024-02-08,2024-02-02,2024-02-02 10:00:00+05:30,2024-02-07 13:53:00+05:30,BULLISH,PE,21929.6,21950,6,21650.0,21600.0,21550.0,48.05,40.2,33.95,24.249999999999993,26.10000000000001,26.10000000000001,24.795000000000005,26.10000000000001,1174.5000000000005,50,23.500000000000007,1175.0000000000005,78.20502490000001,1096.7949751000006,21.935899502000012,1175.0000000000005,-2167.499999999999,TARGET,True,0.0,10.0,0.9,0.95
2024-02-15,2024-02-09,2024-02-09 10:00:00+05:30,2024-02-14 10:19:00+05:30,BULLISH,PE,21663.45,21650,6,21350.0,21300.0,21250.0,70.1,60.1,51.3,35.25,41.30000000000001,41.30000000000001,39.23500000000001,41.30000000000001,1858.5000000000005,50,37.550000000000004,1877.5000000000002,81.42958575000002,1796.07041425,35.921408285000005,1877.5000000000002,-292.50000000000006,TARGET,True,0.0,10.0,0.9,0.95
2024-02-22,2024-02-16,2024-02-16 10:00:00+05:30,2024-02-21 09:56:00+05:30,BULLISH,PE,22008.5,22000,6,21700.0,21650.0,21600.0,50.0,41.75,35.1,22.75,26.849999999999994,26.849999999999994,25.507499999999993,26.849999999999994,1208.2499999999998,50,24.200000000000003,1210.0000000000002,77.659636,1132.3403640000001,22.646807280000004,1210.0000000000002,-27.500000000000213,TARGET,True,0.0,10.0,0.9,0.95
2024-03-14,2024-03-07,2024-03-07 10:00:00+05:30,2024-03-14 11:11:00+05:30,BULLISH,PE,22479.3,22500,6,22200.0,22150.0,22100.0,49.75,41.3,34.05,13.649999999999999,25.599999999999994,25.599999999999994,24.319999999999993,25.599999999999994,1151.9999999999998,50,24.5,1225.0,87.4756009,1137.5243991,22.750487982,1225.0,-7654.999999999998,TARGET,True,0.0,10.0,0.9,0.95
2024-03-21,2024-03-15,2024-03-15 10:00:00+05:30,2024-03-20 12:26:00+05:30,BULLISH,PE,21986.6,22000,6,21700.0,21650.0,21600.0,65.0,54.8,46.3,18.999999999999993,36.099999999999994,36.099999999999994,34.294999999999995,36.099999999999994,1624.4999999999998,50,32.49999999999999,1624.9999999999995,81.1041267,1543.8958732999995,30.87791746599999,1624.9999999999995,-67.50000000000043,TARGET,True,0.0,10.0,0.9,0.95
2024-04-04,2024-03-28,2024-03-28 10:00:00+05:30,2024-04-02 10:03:00+05:30,BULLISH,PE,22294.05,22300,6,22000.0,21950.0,21900.0,38.9,32.55,26.8,16.050000000000004,20.449999999999996,20.449999999999996,19.427499999999995,20.449999999999996,920.2499999999999,50,18.55,927.5,76.34685775,851.15314225,17.023062845,927.5,-4.999999999999893,TARGET,True,0.0,10.0,0.9,0.95
2024-04-10,2024-04-04,2024-04-04 10:00:00+05:30,2024-04-09 12:35:00+05:30,BEARISH,CE,22417.9,22400,6,22700.0,22750.0,22800.0,46.8,36.0,27.7,16.900000000000006,14.75,16.900000000000006,16.055000000000003,16.900000000000006,760.5000000000003,50,15.699999999999992,784.9999999999997,82.4894771,702.5105228999996,14.050210457999992,784.9999999999997,-712.5000000000002,TARGET,True,0.0,10.0,0.9,0.95
2024-04-18,2024-04-10,2024-04-10 10:00:00+05:30,2024-04-18 12:17:00+05:30,BULLISH,PE,22696.7,22700,6,22400.0,22350.0,22300.0,39.9,32.9,27.4,11.599999999999994,20.4,20.4,19.38,20.4,918.0,50,18.44999999999999,922.4999999999994,86.86884964999999,835.6311503499994,16.712623006999987,922.4999999999994,-8544.999999999998,TARGET,True,0.0,10.0,0.9,0.95
2024-05-02,2024-04-25,2024-04-25 10:00:00+05:30,2024-04-30 14:33:00+05:30,BULLISH,PE,22402.35,22400,6,22100.0,22050.0,22000.0,39.2,32.55,26.95,11.75,20.299999999999997,20.299999999999997,19.284999999999997,20.299999999999997,456.75,25,18.299999999999994,457.49999999999983,73.37979505,384.12020494999985,15.364808197999993,457.49999999999983,-180.00000000000034,TARGET,True,0.0,10.0,0.9,0.95
2024-05-09,2024-05-03,2024-05-03 10:00:00+05:30,2024-05-09 15:29:00+05:30,BULLISH,PE,22767.45,22750,6,22450.0,22400.0,22350.0,35.15,28.75,23.35,9.449999999999996,16.950000000000003,16.950000000000003,16.102500000000003,16.950000000000003,381.37500000000006,25,-325.04999999999995,-8126.249999999999,100.909454375,-8227.159454375,-329.086378175,-1.249999999999929,-8342.5,EXPIRY,False,0.0,10.0,0.9,0.95
2024-05-16,2024-05-10,2024-05-10 10:00:00+05:30,2024-05-15 10:00:00+05:30,BEARISH,CE,22109.45,22100,6,22400.0,22450.0,22500.0,63.1,50.25,39.4,26.550000000000004,26.150000000000006,26.550000000000004,25.222500000000004,26.550000000000004,597.3750000000001,25,23.899999999999995,597.4999999999999,75.61249685,521.8875031499999,20.875500126,597.4999999999999,-17.50000000000007,TARGET,True,0.0,10.0,0.9,0.95
2024-05-23,2024-05-17,2024-05-17 10:00:00+05:30,2024-05-22 10:43:00+05:30,BULLISH,PE,22400.15,22400,6,22100.0,22050.0,22000.0,48.25,39.9,33.0,14.75,24.650000000000006,24.650000000000006,23.417500000000004,24.650000000000006,554.6250000000001,25,22.249999999999996,556.2499999999999,74.117705125,482.1322948749999,19.285291794999996,556.2499999999999,-70.00000000000011,TARGET,True,0.0,10.0,0.9,0.95
2024-06-13,2024-06-07,2024-06-07 10:00:00+05:30,2024-06-11 09:25:00+05:30,BULLISH,PE,22977.95,23000,6,22700.0,22650.0,22600.0,124.3,110.6,98.4,53.150000000000006,84.7,84.7,80.465,84.7,1905.75,25,77.20000000000002,1930.0000000000005,79.96842639999998,1850.0315736000005,74.00126294400002,1930.0000000000005,-166.25000000000014,TARGET,True,0.0,10.0,0.9,0.95
2024-06-20,2024-06-13,2024-06-13 10:00:00+05:30,2024-06-18 12:59:00+05:30,BULLISH,PE,23396.35,23400,6,23100.0,23050.0,23000.0,59.9,50.85,42.8,18.749999999999993,33.75000000000001,33.75000000000001,32.06250000000001,33.75000000000001,759.3750000000002,25,30.450000000000003,761.2500000000001,74.932010225,686.3179897750001,27.452719591000005,761.2500000000001,-25.0,TARGET,True,0.0,10.0,0.9,0.95
2024-07-04,2024-06-28,2024-06-28 10:00:00+05:30,2024-07-03 09:15:00+05:30,BULLISH,PE,24138.3,24150,6,23850.0,23800.0,23750.0,66.25,56.85,48.35,20.699999999999996,38.95,38.95,37.0025,38.95,876.3750000000002,25,35.400000000000006,885.0000000000001,75.56481950000001,809.4351805000001,32.37740722,885.0000000000001,-278.7499999999998,TARGET,True,0.0,10.0,0.9,0.95
2024-07-11,2024-07-05,2024-07-05 10:00:00+05:30,2024-07-10 09:54:00+05:30,BULLISH,PE,24191.9,24200,6,23900.0,23850.0,23800.0,34.65,27.35,21.8,9.05,14.500000000000007,14.500000000000007,13.775000000000006,14.500000000000007,326.25000000000017,25,13.050000000000008,326.25000000000017,72.997391525,253.25260847500016,10.130104339000006,326.25000000000017,-7.49999999999984,TARGET,True,0.0,10.0,0.9,0.95
2024-07-18,2024-07-11,2024-07-11 10:00:00+05:30,2024-07-16 14:23:00+05:30,BULLISH,PE,24344.1,24350,6,24050.0,24000.0,23950.0,35.95,29.3,23.35,11.5,16.700000000000003,16.700000000000003,15.865000000000002,16.700000000000003,375.75000000000006,25,15.099999999999994,377.4999999999999,73.08957785,304.4104221499999,12.176416885999995,377.4999999999999,-411.25000000000017,TARGET,True,0.0,10.0,0.9,0.95
2024-08-01,2024-07-26,2024-07-26 10:00:00+05:30,2024-07-31 09:15:00+05:30,BULLISH,PE,24579.25,24600,6,24300.0,24250.0,24200.0,51.2,42.3,35.05,8.649999999999999,26.14999999999999,26.14999999999999,24.84249999999999,26.14999999999999,588.3749999999998,25,23.749999999999986,593.7499999999997,74.156421775,519.5935782249996,20.783743128999987,593.7499999999997,-17.50000000000025,TARGET,True,0.0,10.0,0.9,0.95
2024-08-08,2024-08-02,2024-08-02 10:00:00+05:30,2024-08-08 15:29:00+05:30,BULLISH,PE,24742.05,24750,6,24450.0,24400.0,24350.0,70.35,59.35,49.9,17.9,38.900000000000006,38.900000000000006,36.955000000000005,38.900000000000006,875.2500000000001,25,-144.15000000000006,-3603.7500000000014,93.394229525,-3697.1442295250013,-147.88576918100006,500.00000000000017,-11242.500000000002,EXPIRY,False,0.0,10.0,0.9,0.95
2024-08-14,2024-08-08,2024-08-08 10:00:00+05:30,2024-08-12 14:44:00+05:30,BULLISH,PE,24204.6,24200,6,23900.0,23850.0,23800.0,98.4,86.3,75.6,45.45,63.49999999999997,63.49999999999997,60.32499999999997,63.49999999999997,1428.7499999999995,25,57.249999999999986,1431.2499999999995,77.912638925,1353.3373610749995,54.13349444299998,1431.2499999999995,-548.7500000000005,TARGET,True,0.0,10.0,0.9,0.95
2024-08-22,2024-08-16,2024-08-16 10:00:00+05:30,2024-08-19 11:39:00+05:30,BULLISH,PE,24278.0,24300,6,24000.0,23950.0,23900.0,59.0,50.15,41.4,12.099999999999994,32.55,32.55,30.922499999999996,32.55,732.375,25,29.39999999999999,734.9999999999998,74.9069756,660.0930243999998,26.403720975999992,734.9999999999998,-307.4999999999998,TARGET,True,0.0,10.0,0.9,0.95
2024-09-05,2024-08-30,2024-08-30 10:00:00+05:30,2024-09-04 10:57:00+05:30,BULLISH,PE,25232.55,25250,6,24950.0,24900.0,24850.0,40.2,32.6,26.2,7.049999999999997,18.599999999999994,18.599999999999994,17.669999999999995,18.599999999999994,418.4999999999999,25,16.799999999999997,419.99999999999994,74.10128610000001,345.89871389999996,13.835948555999998,419.99999999999994,-57.49999999999993,TARGET,True,0.0,10.0,0.9,0.95
2024-09-12,2024-09-06,2024-09-06 10:00:00+05:30,2024-09-10 10:59:00+05:30,BULLISH,PE,24976.7,25000,6,24700.0,24650.0,24600.0,62.55,52.05,43.4,14.149999999999999,32.89999999999999,32.89999999999999,31.254999999999992,32.89999999999999,740.2499999999998,25,29.69999999999999,742.4999999999998,75.58673335,666.9132666499997,26.67653066599999,742.4999999999998,-1022.5,TARGET,True,0.0,10.0,0.9,0.95
2024-09-19,2024-09-13,2024-09-13 10:00:00+05:30,2024-09-19 09:15:00+05:30,BULLISH,PE,25347.3,25350,6,25050.0,25000.0,24950.0,50.0,41.3,34.35,10.8,25.650000000000006,25.650000000000006,24.367500000000003,25.650000000000006,577.1250000000001,25,24.75,618.75,73.97782657500001,544.772173425,21.790886937,618.75,-87.5,TARGET,True,0.0,10.0,0.9,0.95
2024-10-03,2024-09-26,2024-09-26 10:00:00+05:30,2024-10-03 15:29:00+05:30,BULLISH,PE,26048.45,26050,6,25750.0,25700.0,25650.0,48.3,40.3,34.1,23.55000000000001,26.10000000000001,26.10000000000001,24.795000000000005,26.10000000000001,587.2500000000002,25,-324.05,-8101.25,101.08020306749998,-8202.3302030675,-328.0932081227,522.5,-8737.5,EXPIRY,False,0.0,10.0,0.9,0.95
2024-10-10,2024-10-04,2024-10-04 10:00:00+05:30,2024-10-10 09:28:00+05:30,BULLISH,PE,25290.6,25300,6,25000.0,24950.0,24900.0,73.9,65.55,58.3,34.44999999999999,49.94999999999999,49.94999999999999,47.452499999999986,49.94999999999999,1123.8749999999998,25,46.79999999999999,1169.9999999999998,78.80415029999999,1091.1958496999998,43.647833987999995,1169.9999999999998,-5107.5,TARGET,True,0.0,10.0,0.9,0.95
2024-10-17,2024-10-11,2024-10-11 10:00:00+05:30,2024-10-15 15:22:00+05:30,BULLISH,PE,24987.95,25000,6,24700.0,24650.0,24600.0,53.9,45.4,37.95,19.499999999999993,29.449999999999996,29.449999999999996,27.977499999999996,29.449999999999996,662.6249999999999,25,26.549999999999994,663.7499999999999,74.9232886675,588.8267113324998,23.553068453299993,663.7499999999999,-352.50000000000006,TARGET,True,0.0,10.0,0.9,0.95
2024-10-24,2024-10-18,2024-10-18 10:00:00+05:30,2024-10-24 09:22:00+05:30,BULLISH,PE,24641.85,24650,6,24350.0,24300.0,24250.0,59.85,51.2,43.1,21.900000000000006,34.45000000000001,34.45000000000001,32.727500000000006,34.45000000000001,775.1250000000002,25,33.050000000000004,826.2500000000001,76.16437791249999,750.0856220875002,30.003424883500006,826.2500000000001,-239.99999999999986,TARGET,True,0.0,10.0,0.9,0.95
2024-11-14,2024-11-08,2024-11-08 10:00:00+05:30,2024-11-14 15:29:00+05:30,BULLISH,PE,24173.5,24150,6,23850.0,23800.0,23750.0,60.25,51.45,43.6,31.69999999999999,34.80000000000001,34.80000000000001,33.06000000000001,34.80000000000001,783.0000000000002,25,-131.4,-3285.0,91.58703345000002,-3376.58703345,-135.063481338,745.0000000000001,-4835.000000000002,EXPIRY,False,0.0,10.0,0.9,0.95
2024-11-21,2024-11-13,2024-11-13 10:00:00+05:30,2024-11-21 15:01:00+05:30,BULLISH,PE,23784.9,23800,6,23500.0,23450.0,23400.0,78.5,67.6,59.0,40.3,48.099999999999994,48.099999999999994,45.69499999999999,48.099999999999994,1082.25,25,43.59999999999998,1089.9999999999995,83.40744152499997,1006.5925584749996,40.263702338999984,1089.9999999999995,-2207.5000000000005,TARGET,True,0.0,10.0,0.9,0.95
2024-12-05,2024-11-29,2024-11-29 10:00:00+05:30,2024-12-03 15:04:00+05:30,BULLISH,PE,24046.2,24050,6,23750.0,23700.0,23650.0,75.4,64.95,56.4,43.749999999999986,45.94999999999999,45.94999999999999,43.65249999999999,45.94999999999999,1033.8749999999998,25,41.5,1037.5,76.403641385,961.096358615,38.4438543446,1037.5,-425.00000000000017,TARGET,True,0.0,10.0,0.9,0.95
2024-12-12,2024-12-06,2024-12-06 10:00:00+05:30,2024-12-11 09:20:00+05:30,BULLISH,PE,24694.7,24700,6,24400.0,24350.0,24300.0,111.9,98.95,86.7,58.34999999999998,73.75,73.75,70.0625,73.75,1659.375,25,66.64999999999999,1666.2499999999998,80.0936869225,1586.1563130774998,63.44625252309999,1666.2499999999998,-303.7500000000001,TARGET,True,0.0,10.0,0.9,0.95
2024-12-19,2024-12-13,2024-12-13 10:00:00+05:30,2024-12-19 12:07:00+05:30,BULLISH,PE,24377.65,24400,6,24100.0,24050.0,24000.0,63.8,53.45,44.5,24.950000000000003,34.150000000000006,34.150000000000006,32.4425,34.150000000000006,768.3750000000001,25,32.10000000000002,802.5000000000006,81.37141159,721.1285884100006,28.845143536400023,802.5000000000006,-1896.2500000000005,TARGET,True,0.0,10.0,0.9,0.95
2025-01-02,2024-12-27,2024-12-27 10:00:00+05:30,2025-01-02 12:00:00+05:30,BULLISH,PE,23913.85,23900,6,23600.0,23550.0,23500.0,52.45,44.5,37.9,23.1,29.950000000000003,29.950000000000003,28.4525,29.950000000000003,2021.6250000000002,75,27.049999999999997,2028.7499999999998,82.78113971249999,1945.9688602874999,25.9462514705,2028.7499999999998,-6198.749999999996,TARGET,True,0.0,10.0,0.9,0.95
2025-01-09,2025-01-03,2025-01-03 10:00:00+05:30,2025-01-07 10:03:00+05:30,BEARISH,CE,24070.1,24050,6,24350.0,24400.0,24450.0,69.95,57.85,47.85,35.75,35.64999999999999,35.75,33.9625,35.75,2413.1250000000005,75,32.3,2422.5,85.51531965,2336.98468035,31.159795738,2422.5,-315.0000000000002,TARGET,True,0.0,10.0,0.9,0.95
2025-01-16,2025-01-10,2025-01-10 10:00:00+05:30,2025-01-14 09:55:00+05:30,BEARISH,CE,23365.55,23350,6,23650.0,23700.0,23750.0,92.0,76.9,63.6,48.5,47.750000000000014,48.5,46.074999999999996,48.5,3273.75,75,43.85,3288.75,90.27469536750002,3198.4753046325,42.6463373951,3288.75,-3329.9999999999977,TARGET,True,0.0,10.0,0.9,0.95
2025-01-23,2025-01-17,2025-01-17 10:00:00+05:30,2025-01-23 09:15:00+05:30,BULLISH,PE,23226.05,23250,6,22950.0,22900.0,22850.0,62.35,52.4,44.7,19.299999999999997,34.74999999999999,34.74999999999999,33.01249999999999,34.74999999999999,2345.6249999999995,75,31.75,2381.25,84.98667116249999,2296.2633288375,30.6168443845,2381.25,-2816.25,TARGET,True,0.0,10.0,0.9,0.95
2025-02-06,2025-02-01,2025-02-01 10:00:00+05:30,2025-02-04 14:34:00+05:30,BULLISH,PE,23559.2,23550,6,23250.0,23200.0,23150.0,118.3,107.2,96.3,78.5,85.2,85.2,80.94,85.2,5751.000000000001,75,76.8,5760.0,99.28529481000002,5660.71470519,75.4761960692,5760.0,-1466.250000000001,TARGET,True,0.0,10.0,0.9,0.95
2025-02-13,2025-02-07,2025-02-07 10:00:00+05:30,2025-02-13 11:00:00+05:30,BULLISH,PE,23603.75,23600,6,23300.0,23250.0,23200.0,69.25,59.4,50.0,37.400000000000006,40.150000000000006,40.150000000000006,38.142500000000005,40.150000000000006,2710.1250000000005,75,41.75000000000001,3131.2500000000005,101.00257056750002,3030.2474294325,40.4032990591,3131.2500000000005,-21026.25,TARGET,True,0.0,10.0,0.9,0.95
2025-02-20,2025-02-14,2025-02-14 10:00:00+05:30,2025-02-19 15:07:00+05:30,BULLISH,PE,23055.35,23050,6,22750.0,22700.0,22650.0,59.0,49.35,41.1,30.450000000000003,31.450000000000003,31.450000000000003,29.8775,31.450000000000003,2122.8750000000005,75,28.500000000000004,2137.5000000000005,85.54547277,2051.9545272300006,27.35939369640001,2137.5000000000005,-4398.75,TARGET,True,0.0,10.0,0.9,0.95
2025-03-06,2025-02-28,2025-02-28 10:00:00+05:30,2025-03-05 14:12:00+05:30,BULLISH,PE,22233.75,22250,6,21950.0,21900.0,21850.0,37.45,29.8,24.0,14.450000000000003,16.349999999999994,16.349999999999994,15.532499999999994,16.349999999999994,1103.6249999999995,75,14.799999999999997,1109.9999999999998,78.627719445,1031.3722805549999,13.751630407399999,1109.9999999999998,-1837.4999999999995,TARGET,True,0.0,10.0,0.9,0.95
2025-03-13,2025-03-07,2025-03-07 10:00:00+05:30,2025-03-12 14:35:00+05:30,BULLISH,PE,22551.15,22550,6,22250.0,22200.0,22150.0,45.2,36.7,30.0,15.200000000000003,21.5,21.5,20.425,21.5,1451.25,75,19.5,1462.5,80.987597505,1381.512402495,18.4201653666,1462.5,-1117.5,TARGET,True,0.0,10.0,0.9,0.95
2025-03-20,2025-03-13,2025-03-13 10:00:00+05:30,2025-03-19 09:15:00+05:30,BULLISH,PE,22532.6,22550,6,22250.0,22200.0,22150.0,46.0,37.45,30.6,11.0,22.05000000000001,22.05000000000001,20.94750000000001,22.05000000000001,1488.3750000000007,75,20.150000000000002,1511.2500000000002,80.19390579750001,1431.0560942025002,19.080747922700002,1511.2500000000002,-1226.2499999999995,TARGET,True,0.0,10.0,0.9,0.95
2025-04-03,2025-03-27,2025-03-27 10:00:00+05:30,2025-04-01 10:23:00+05:30,BEARISH,CE,23581.9,23600,6,23900.0,23950.0,24000.0,70.7,59.7,49.3,38.3,35.0,38.3,36.385,38.3,2585.25,75,34.65,2598.75,85.9059862425,2512.8440137575,33.5045868501,2598.75,-558.7500000000002,TARGET,True,0.0,10.0,0.9,0.95
2025-04-09,2025-04-03,2025-04-03 10:00:00+05:30,2025-04-09 15:29:00+05:30,BULLISH,PE,23233.85,23250,6,22950.0,22900.0,22850.0,66.35,56.4,48.0,20.200000000000003,38.05000000000001,38.05000000000001,36.14750000000001,38.05000000000001,2568.375000000001,75,-361.65000000000003,-27123.750000000004,174.83966064749998,-27298.589660647503,-363.98119547530007,1188.75,-72502.49999999999,EXPIRY,False,0.0,10.0,0.9,0.95
2025-04-17,2025-04-09,2025-04-09 10:00:00+05:30,2025-04-15 09:15:00+05:30,BULLISH,PE,22386.7,22400,6,22100.0,22050.0,22000.0,195.85,181.1,170.05,124.15,155.29999999999998,155.29999999999998,147.53499999999997,155.29999999999998,10482.749999999998,75,148.55000000000004,11141.250000000004,116.2178648925,11025.032135107504,147.00042846810004,11141.250000000004,-150.0,TARGET,True,0.0,10.0,0.9,0.95
2025-04-24,2025-04-17,2025-04-17 10:00:00+05:30,2025-04-22 11:58:00+05:30,BULLISH,PE,23406.55,23400,6,23100.0,23050.0,23000.0,84.6,74.1,64.5,43.60000000000001,54.0,54.0,51.3,54.0,3645.0,75,48.650000000000006,3648.7500000000005,89.50918419749999,3559.2408158025005,47.45654421070001,3648.7500000000005,-562.500000000001,TARGET,True,0.0,10.0,0.9,0.95
2025-05-08,2025-05-02,2025-05-02 10:00:00+05:30,2025-05-08 09:15:00+05:30,BULLISH,PE,24577.7,24600,6,24300.0,24250.0,24200.0,89.35,80.35,72.4,33.349999999999994,63.400000000000006,63.400000000000006,60.230000000000004,63.400000000000006,4279.500000000001,75,60.05000000000001,4503.750000000001,91.52345133749999,4412.226548662501,58.82968731550002,4503.750000000001,-7072.499999999999,TARGET,True,0.0,10.0,0.9,0.95
2025-05-15,2025-05-09,2025-05-09 10:00:00+05:30,2025-05-12 09:15:00+05:30,BULLISH,PE,24005.8,24000,7,23650.0,23600.0,23550.0,161.3,152.4,144.3,61.0,142.20000000000005,142.20000000000005,135.09000000000003,135.40000000000003,9139.500000000002,75,126.05000000000001,9453.75,109.82190216749997,9343.9280978325,124.5857079711,9453.75,-1642.5000000000005,TARGET,True,0.0,10.0,0.9,0.95
2025-05-22,2025-05-16,2025-05-16 10:00:00+05:30,2025-05-22 10:17:00+05:30,BULLISH,PE,24999.7,25000,6,24700.0,24650.0,24600.0,84.7,74.05,64.8,42.5,54.14999999999999,54.14999999999999,51.44249999999999,54.14999999999999,3655.1249999999995,75,50.899999999999984,3817.4999999999986,106.42533207000002,3711.0746679299987,49.48099557239998,3817.4999999999986,-1987.5000000000011,TARGET,True,0.0,10.0,0.9,0.95
2025-06-05,2025-05-30,2025-05-30 10:00:00+05:30,2025-06-04 09:16:00+05:30,BEARISH,CE,24804.6,24800,6,25100.0,25150.0,25200.0,102.2,87.55,75.0,60.35000000000001,45.5,60.35000000000001,57.3325,60.35000000000001,4073.625000000001,75,54.55,4091.25,93.77188733250001,3997.4781126674998,53.2997081689,4091.25,-180.00000000000043,TARGET,True,0.0,10.0,0.9,0.95
2025-06-12,2025-06-06,2025-06-06 10:00:00+05:30,2025-06-12 10:20:00+05:30,BEARISH,CE,24712.15,24700,6,25000.0,25050.0,25100.0,74.8,62.3,51.65,39.14999999999999,36.0,39.14999999999999,37.19249999999999,39.14999999999999,2642.6249999999995,75,35.95000000000001,2696.250000000001,99.5217439125,2596.728256087501,34.62304341450001,2696.250000000001,-8819.999999999995,TARGET,True,0.0,10.0,0.9,0.95
2025-06-19,2025-06-13,2025-06-13 10:00:00+05:30,2025-06-18 09:15:00+05:30,BULLISH,PE,24633.35,24650,6,24350.0,24300.0,24250.0,94.0,83.4,73.6,33.94999999999999,63.0,63.0,59.849999999999994,63.0,4252.5,75,57.25,4293.75,92.56516940249999,4201.1848305975,56.0157977413,4293.75,-266.2499999999998,TARGET,True,0.0,10.0,0.9,0.95
2025-07-03,2025-06-27,2025-06-27 10:00:00+05:30,2025-07-02 09:15:00+05:30,BULLISH,PE,25548.35,25550,6,25250.0,25200.0,25150.0,56.75,48.0,41.0,24.499999999999993,32.25,32.25,30.6375,32.25,2176.875,75,29.800000000000004,2235.0000000000005,83.41787622000001,2151.5821237800005,28.687761650400006,2235.0000000000005,52.50000000000021,TARGET,True,0.0,10.0,0.9,0.95
2025-07-10,2025-07-04,2025-07-04 10:00:00+05:30,2025-07-09 09:45:00+05:30,BEARISH,CE,25421.65,25400,6,25700.0,25750.0,25800.0,50.5,40.3,32.05,21.849999999999994,20.800000000000004,21.849999999999994,20.757499999999993,21.849999999999994,1474.8749999999998,75,19.849999999999994,1488.7499999999995,82.2105464925,1406.5394535074995,18.753859380099993,1488.7499999999995,-255.00000000000043,TARGET,True,0.0,10.0,0.9,0.95
2025-07-17,2025-07-11,2025-07-11 10:00:00+05:30,2025-07-16 11:41:00+05:30,BULLISH,PE,25276.4,25300,6,25000.0,24950.0,24900.0,33.4,26.75,21.95,12.050000000000004,15.300000000000004,15.300000000000004,14.535000000000004,15.300000000000004,1032.7500000000005,75,13.8,1035.0,79.559518635,955.440481365,12.7392064182,1035.0,-1559.9999999999993,TARGET,True,0.0,10.0,0.9,0.95
2025-07-24,2025-07-18,2025-07-18 10:00:00+05:30,2025-07-22 15:04:00+05:30,BULLISH,PE,25033.1,25050,6,24750.0,24700.0,24650.0,31.6,25.5,20.65,13.300000000000004,14.549999999999997,14.549999999999997,13.822499999999996,14.549999999999997,982.1249999999998,75,13.099999999999994,982.4999999999995,77.836243425,904.6637565749995,12.062183420999993,982.4999999999995,-1196.2500000000002,TARGET,True,0.0,10.0,0.9,0.95
2025-08-07,2025-08-01,2025-08-01 10:00:00+05:30,2025-08-06 10:19:00+05:30,BULLISH,PE,24691.6,24700,6,24400.0,24350.0,24300.0,50.15,41.55,34.65,21.099999999999994,26.04999999999999,26.04999999999999,24.747499999999988,26.04999999999999,1758.3749999999995,75,23.499999999999996,1762.4999999999998,82.61342180999999,1679.8865781899997,22.398487709199994,1762.4999999999998,-1923.7500000000005,TARGET,True,0.0,10.0,0.9,0.95
2025-08-14,2025-08-08,2025-08-08 10:00:00+05:30,2025-08-12 15:30:00+05:30,BEARISH,CE,24469.3,24450,6,24750.0,24800.0,24850.0,43.9,34.6,26.65,17.35,17.15,17.35,16.4825,17.35,1171.1250000000002,75,15.650000000000002,1173.7500000000002,80.8650931425,1092.8849068575003,14.571798758100003,1173.7500000000002,-442.4999999999999,TARGET,True,0.0,10.0,0.9,0.95
2025-08-21,2025-08-14,2025-08-14 10:00:00+05:30,2025-08-19 09:16:00+05:30,BULLISH,PE,24630.45,24650,6,24350.0,24300.0,24250.0,44.8,37.4,31.4,18.60000000000001,24.0,24.0,22.799999999999997,24.0,1620.0,75,21.6,1620.0,80.34136224,1539.65863776,20.5287818368,1620.0,-168.75,TARGET,True,0.0,10.0,0.9,0.95
2025-09-02,2025-08-26,2025-08-26 10:00:00+05:30,2025-09-01 10:27:00+05:30,BULLISH,PE,24781.4,24800,6,24500.0,24450.0,24400.0,39.5,32.9,27.6,18.799999999999997,21.0,21.0,19.95,21.0,1417.5000000000002,75,18.999999999999996,1424.9999999999998,83.986184655,1341.0138153449998,17.880184204599995,1424.9999999999998,-2197.500000000001,TARGET,True,0.0,10.0,0.9,0.95
2025-09-09,2025-09-03,2025-09-03 10:00:00+05:30,2025-09-09 09:15:00+05:30,BULLISH,PE,24591.8,24600,6,24300.0,24250.0,24200.0,27.45,21.7,17.35,10.0,11.599999999999998,11.599999999999998,11.019999999999998,11.599999999999998,782.9999999999998,75,10.750000000000004,806.2500000000002,76.07048885249999,730.1795111475002,9.735726815300003,806.2500000000002,-206.24999999999974,TARGET,True,0.0,10.0,0.9,0.95
2025-09-16,2025-09-10,2025-09-10 10:00:00+05:30,2025-09-16 09:15:00+05:30,BULLISH,PE,25005.3,25000,6,24700.0,24650.0,24600.0,28.65,23.0,18.85,9.950000000000006,13.200000000000003,13.200000000000003,12.540000000000003,13.200000000000003,891.0000000000002,75,12.300000000000004,922.5000000000003,76.48116572999999,846.0188342700003,11.280251123600005,922.5000000000003,-33.74999999999968,TARGET,True,0.0,10.0,0.9,0.95
2025-09-23,2025-09-17,2025-09-17 10:00:00+05:30,2025-09-23 09:15:00+05:30,BULLISH,PE,25316.25,25300,6,25000.0,24950.0,24900.0,19.25,15.55,13.0,8.350000000000001,9.3,9.3,8.835,9.3,627.7500000000001,75,8.75,656.25,74.91731258249999,581.3326874175,7.7511024989,656.25,-33.74999999999994,TARGET,True,0.0,10.0,0.9,0.95
2025-10-07,2025-09-30,2025-09-30 10:00:00+05:30,2025-10-03 12:17:00+05:30,BEARISH,CE,24666.4,24650,6,24950.0,25000.0,25050.0,60.05,48.4,38.55,26.89999999999999,23.800000000000004,26.89999999999999,25.55499999999999,26.89999999999999,1815.7499999999995,75,24.499999999999996,1837.4999999999998,86.89432858499998,1750.6056714149997,23.341408952199995,1837.4999999999998,-63.75000000000011,TARGET,True,0.0,10.0,0.9,0.95
2025-10-14,2025-10-07,2025-10-07 10:00:00+05:30,2025-10-14 09:15:00+05:30,BULLISH,PE,25189.65,25200,6,24900.0,24850.0,24800.0,34.05,28.35,23.95,12.549999999999997,18.25,18.25,17.3375,18.25,1231.875,75,16.850000000000005,1263.7500000000005,77.88495273749999,1185.8650472625004,15.811533963500006,1263.7500000000005,-461.2499999999996,TARGET,True,0.0,10.0,0.9,0.95
2025-11-04,2025-10-29,2025-10-29 10:00:00+05:30,2025-11-03 09:15:00+05:30,BEARISH,CE,25998.65,26000,6,26300.0,26350.0,26400.0,61.55,49.65,39.8,27.89999999999999,19.700000000000003,27.89999999999999,26.504999999999992,27.89999999999999,1883.2499999999993,75,25.75,1931.25,83.02851392250001,1848.2214860775,24.6429531477,1931.25,-1065.0000000000007,TARGET,True,0.0,10.0,0.9,0.95
2025-11-11,2025-11-04,2025-11-04 10:00:00+05:30,2025-11-06 15:07:00+05:30,BEARISH,CE,25712.3,25700,6,26000.0,26050.0,26100.0,64.2,52.0,41.9,29.700000000000003,22.9,29.700000000000003,28.215,29.700000000000003,2004.7500000000002,75,26.749999999999993,2006.2499999999995,84.2505515175,1921.9994484824995,25.626659313099992,2006.2499999999995,-97.50000000000031,TARGET,True,0.0,10.0,0.9,0.95
2025-11-18,2025-11-12,2025-11-12 10:00:00+05:30,2025-11-18 09:15:00+05:30,BULLISH,PE,25859.95,25850,6,25550.0,25500.0,25450.0,37.7,31.35,26.1,15.400000000000006,19.75,19.75,18.7625,19.75,1333.1250000000002,75,18.449999999999996,1383.7499999999998,78.5254604025,1305.2245395974999,17.402993861299997,1383.7499999999998,-176.24999999999957,TARGET,True,0.0,10.0,0.9,0.95
2025-12-02,2025-11-26,2025-11-26 10:00:00+05:30,2025-12-01 10:52:00+05:30,BULLISH,PE,26086.55,26100,6,25800.0,25750.0,25700.0,36.15,29.25,23.85,16.0,16.950000000000003,16.950000000000003,16.102500000000003,16.950000000000003,1144.1250000000002,75,15.300000000000008,1147.5000000000007,78.25302466499998,1069.2469753350008,14.25662633780001,1147.5000000000007,-71.24999999999994,TARGET,True,0.0,10.0,0.9,0.95
2025-12-09,2025-12-03,2025-12-03 10:00:00+05:30,2025-12-08 09:15:00+05:30,BEARISH,CE,25940.75,25950,6,26250.0,26300.0,26350.0,40.6,31.6,24.45,15.449999999999996,15.149999999999991,15.449999999999996,14.677499999999995,15.449999999999996,1042.8749999999998,75,16.0,1200.0,83.64553974,1116.35446026,14.8847261368,1200.0,-386.25000000000017,TARGET,True,0.0,10.0,0.9,0.95
2025-12-16,2025-12-10,2025-12-10 10:00:00+05:30,2025-12-16 09:15:00+05:30,BULLISH,PE,25884.5,25900,6,25600.0,25550.0,25500.0,28.95,22.9,18.1,11.449999999999996,12.05,12.05,11.4475,12.05,813.375,75,11.05,828.75,76.5093624075,752.2406375925,10.0298751679,828.75,-1203.750000000001,TARGET,True,0.0,10.0,0.9,0.95
2025-12-23,2025-12-17,2025-12-17 10:00:00+05:30,2025-12-23 09:33:00+05:30,BULLISH,PE,25865.6,25850,6,25550.0,25500.0,25450.0,25.4,19.95,15.7,10.149999999999991,10.25,10.25,9.737499999999999,10.25,691.875,75,9.249999999999998,693.7499999999999,75.65812284750001,618.0918771524998,8.241225028699997,693.7499999999999,-191.25000000000006,TARGET,True,0.0,10.0,0.9,0.95
2026-01-06,2025-12-31,2025-12-31 10:00:00+05:30,2026-01-06 09:46:00+05:30,BULLISH,PE,25979.3,26000,6,25700.0,25650.0,25600.0,17.0,12.9,10.0,3.450000000000003,5.899999999999999,5.899999999999999,5.604999999999999,5.899999999999999,345.1499999999999,65,5.35,347.75,73.5193534095,274.2306465905,4.218933024469231,347.75,0.0,TARGET,True,0.0,10.0,0.9,0.95
2026-01-13,2026-01-07,2026-01-07 10:00:00+05:30,2026-01-13 09:16:00+05:30,BULLISH,PE,26140.3,26150,6,25850.0,25800.0,25750.0,18.6,13.95,10.7,4.400000000000002,6.049999999999997,6.049999999999997,5.747499999999997,6.049999999999997,353.92499999999984,65,7.099999999999998,461.4999999999999,80.521288902,380.9787110979999,5.861210939969229,461.4999999999999,-13776.750000000004,TARGET,True,0.0,10.0,0.9,0.95
2026-01-20,2026-01-13,2026-01-13 10:00:00+05:30,2026-01-16 15:30:00+05:30,BEARISH,CE,25714.65,25700,6,26000.0,26050.0,26100.0,67.2,55.75,45.5,34.05,30.35,34.05,32.3475,34.05,1991.925,65,30.65,1992.25,84.4285097325,1907.8214902675,29.35109985026923,1992.25,-695.5000000000002,TARGET,True,0.0,10.0,0.9,0.95
2026-02-03,2026-01-29,2026-01-29 10:00:00+05:30,2026-02-03 09:15:00+05:30,BULLISH,PE,25180.45,25200,6,24900.0,24850.0,24800.0,97.8,85.9,75.3,54.10000000000002,63.39999999999999,63.39999999999999,60.22999999999999,63.39999999999999,3708.8999999999996,65,57.8,3757.0,90.41316424600002,3666.586835754,56.40902824236923,3757.0,-11722.75,TARGET,True,0.0,10.0,0.9,0.95
2026-02-10,2026-02-04,2026-02-04 10:00:00+05:30,2026-02-10 09:15:00+05:30,BULLISH,PE,25778.5,25800,6,25500.0,25450.0,25400.0,73.1,62.9,54.2,32.4,44.0,44.0,41.8,44.0,2574.0,65,41.7,2710.5,84.19619032700001,2626.303809673,40.40467399496924,2710.5,-373.74999999999955,TARGET,True,0.0,10.0,0.9,0.95
2026-02-17,2026-02-11,2026-02-11 10:00:00+05:30,2026-02-17 09:19:00+05:30,BULLISH,PE,25929.65,25950,6,25650.0,25600.0,25550.0,37.5,31.3,26.5,11.600000000000001,20.299999999999997,20.299999999999997,19.284999999999997,20.299999999999997,1187.55,65,20.700000000000006,1345.5000000000005,87.03034990200001,1258.4696500980003,19.361071539969235,1345.5000000000005,-7933.250000000001,TARGET,True,0.0,10.0,0.9,0.95
2026-03-02,2026-02-24,2026-02-24 10:00:00+05:30,2026-03-02 15:29:00+05:30,BULLISH,PE,25516.9,25500,6,25200.0,25150.0,25100.0,74.25,64.75,56.15,40.19999999999999,46.650000000000006,46.650000000000006,44.3175,46.650000000000006,2729.0250000000005,65,-136.84999999999997,-8895.249999999998,130.13764413849998,-9025.387644138498,-138.85211760213073,2037.7499999999995,-26750.75,EXPIRY,False,0.0,10.0,0.9,0.95
2026-03-10,2026-03-04,2026-03-04 10:00:00+05:30,2026-03-10 09:15:00+05:30,BULLISH,PE,24315.45,24300,6,24000.0,23950.0,23900.0,202.45,189.85,178.0,134.40000000000003,165.40000000000003,165.40000000000003,157.13000000000002,165.40000000000003,9675.900000000003,65,156.20000000000002,10153.000000000002,114.960516413,10038.039483587001,154.43137667056925,10153.000000000002,-7959.249999999997,TARGET,True,0.0,10.0,0.9,0.95
2026-03-17,2026-03-11,2026-03-11 10:00:00+05:30,2026-03-17 15:29:00+05:30,BULLISH,PE,24146.0,24150,6,23850.0,23800.0,23750.0,149.4,136.45,124.3,87.45000000000002,111.35,111.35,105.78249999999998,111.35,6513.975,65,-7.3500000000000085,-477.75000000000057,135.3389107025,-613.0889107025006,-9.432137087730778,3701.749999999999,-41379.00000000001,EXPIRY,False,0.0,10.0,0.9,0.95
2026-03-24,2026-03-18,2026-03-18 10:00:00+05:30,2026-03-24 15:29:00+05:30,BULLISH,PE,23686.7,23700,6,23400.0,23350.0,23300.0,133.0,121.1,110.45,53.599999999999994,98.55000000000001,98.55000000000001,93.6225,98.55000000000001,5765.175,65,-238.29999999999995,-15489.499999999996,165.12688892900002,-15654.626888928997,-240.84041367583072,2271.75,-45951.74999999999,EXPIRY,False,0.0,10.0,0.9,0.95
2026-04-13,2026-04-07,2026-04-07 10:00:00+05:30,2026-04-08 09:15:00+05:30,BULLISH,PE,22897.8,22900,6,22600.0,22550.0,22500.0,238.55,224.45,208.35,162.85000000000002,194.24999999999994,194.24999999999994,184.53749999999994,194.24999999999994,11363.624999999998,65,177.84999999999997,11560.249999999998,135.7575233775,11424.492476622498,175.7614227172692,11560.249999999998,-604.5000000000007,TARGET,True,0.0,10.0,0.9,0.95
2026-04-21,2026-04-15,2026-04-15 10:00:00+05:30,2026-04-20 15:00:00+05:30,BULLISH,PE,24221.9,24200,6,23900.0,23850.0,23800.0,110.9,99.3,88.7,60.95,77.1,77.1,73.24499999999999,77.1,4510.35,65,69.55,4520.75,100.2630527425,4420.4869472575,68.00749149626924,4520.75,-630.5000000000011,TARGET,True,0.0,10.0,0.9,0.95
2026-05-05,2026-04-28,2026-04-28 10:00:00+05:30,2026-05-04 11:14:00+05:30,BULLISH,PE,24158.6,24150,6,23850.0,23800.0,23750.0,103.0,89.95,79.5,65.15,66.44999999999999,66.44999999999999,63.12749999999998,66.44999999999999,3887.3249999999994,65,59.89999999999999,3893.4999999999995,97.602154847,3795.8978451529997,58.39842838696923,3893.4999999999995,-5742.749999999999,TARGET,True,0.0,10.0,0.9,0.95
2026-05-12,2026-05-06,2026-05-06 10:00:00+05:30,2026-05-12 15:29:00+05:30,BULLISH,PE,24129.25,24150,6,23850.0,23800.0,23750.0,80.75,69.75,60.3,47.85000000000001,49.30000000000001,49.30000000000001,46.83500000000001,49.30000000000001,2884.0500000000006,65,-272.29999999999995,-17699.499999999996,171.36729903999998,-17870.867299039997,-274.9364199852307,2528.5,-18599.75,EXPIRY,False,0.0,10.0,0.9,0.95
2026-05-19,2026-05-13,2026-05-13 10:00:00+05:30,2026-05-19 09:59:00+05:30,BEARISH,CE,23362.45,23350,6,23650.0,23700.0,23750.0,134.9,117.8,102.4,85.29999999999998,78.89999999999998,85.29999999999998,81.03499999999998,85.29999999999998,4990.049999999999,65,77.85,5060.25,114.1284863505,4946.1215136495,76.09417713306924,5060.25,-6837.999999999999,TARGET,True,0.0,10.0,0.9,0.95
2026-07-07,2026-06-29,2026-06-29 10:00:00+05:30,2026-07-02 15:30:00+05:30,BULLISH,PE,24080.8,24100,6,23800.0,23750.0,23700.0,75.15,64.15,54.7,31.55000000000001,43.7,43.7,41.515,43.7,2556.4500000000003,65,37.400000000000006,2431.0000000000005,90.571004214,2340.4289957860005,36.00659993516924,2440.7500000000005,-2765.75,EXPIRY,False,0.0,10.0,0.9,0.95
