expiry,ref_ts,target_return,target_direction,rf_prob,sofnn_prob,sofnn_sent_prob,lstm_prob,lstm_pred_return,ensemble_prob,split
2024-01-11 00:00:00+05:30,2024-01-05 10:00:00+05:30,-0.004378956694681488,0,0.551087370835612,0.5875908427087133,0.5875908427087133,0.5,,0.5462260711814418,validation
2024-01-18 00:00:00+05:30,2024-01-12 10:00:00+05:30,-0.013495175432152933,0,0.49366414561572364,0.5920874820254447,0.5920874820254447,0.5,,0.5285838758803895,validation
2024-01-25 00:00:00+05:30,2024-01-19 10:00:00+05:30,-0.013594038743448066,0,0.513061925520583,0.6098155072961916,0.6098155072961916,0.5,,0.5409591442722582,validation
2024-02-08 00:00:00+05:30,2024-02-02 10:00:00+05:30,-0.00969821485508392,0,0.4889303615855695,0.6046925552458451,0.6046925552458451,0.5,,0.5312076389438048,validation
2024-02-15 00:00:00+05:30,2024-02-09 10:00:00+05:30,0.01135087529872286,1,0.40881338662835326,0.5820705716922053,0.5820705716922053,0.5,,0.49696131944018623,validation
2024-02-22 00:00:00+05:30,2024-02-16 10:00:00+05:30,0.009449273774265136,1,0.5082675636725794,0.5953365368300693,0.5953365368300693,0.5,,0.5345347001675496,validation
2024-02-29 00:00:00+05:30,2024-02-23 10:00:00+05:30,-0.012636581408044635,0,0.4735530509460674,0.6023005033192805,0.6023005033192805,0.5,,0.5252845180884493,validation
2024-03-07 00:00:00+05:30,2024-03-01 10:00:00+05:30,0.014664506689802601,1,0.49352900241654235,0.5930147702718424,0.5930147702718424,0.5,,0.5288479242294616,validation
2024-03-21 00:00:00+05:30,2024-03-15 10:00:00+05:30,0.001152310828653242,1,0.37762573087425166,0.5751558326884059,0.5751558326884059,0.5,,0.48426052118755253,validation
2024-03-28 00:00:00+05:30,2024-03-22 10:00:00+05:30,0.015068008614639599,1,0.445281481893255,0.5880964800290395,0.5880964800290395,0.5,,0.5111259873074315,validation
2024-04-10 00:00:00+05:30,2024-04-04 10:00:00+05:30,0.014872417527806936,1,0.45581540516667945,0.5793079475029408,0.5793079475029408,0.5,,0.5117077842232067,validation
2024-04-18 00:00:00+05:30,2024-04-12 10:00:00+05:30,-0.029495880184682192,0,0.5889972275619341,0.5985683277844249,0.5985683277844249,0.5,,0.5625218517821197,validation
2024-04-25 00:00:00+05:30,2024-04-19 10:00:00+05:30,0.031166959391782573,1,0.4728034684435747,0.5781785295889894,0.5781785295889894,0.5,,0.516993999344188,validation
2024-05-02 00:00:00+05:30,2024-04-26 10:00:00+05:30,0.00285197145018672,1,0.4369321263317152,0.536549092426674,0.536549092426674,0.5,,0.4911604062527964,validation
2024-05-09 00:00:00+05:30,2024-05-03 10:00:00+05:30,-0.0362231175354095,0,0.4975462667667903,0.5524947663224122,0.5524947663224122,0.5,,0.5166803443630675,validation
2024-05-16 00:00:00+05:30,2024-05-10 10:00:00+05:30,0.013227700154117596,1,0.4918709532169485,0.5887843394603887,0.5887843394603887,0.5,,0.5268850975591124,validation
2024-05-23 00:00:00+05:30,2024-05-17 10:00:00+05:30,0.025019048842684775,1,0.4218465915954183,0.5777797448548563,0.5777797448548563,0.5,,0.4998754454834249,validation
2024-05-30 00:00:00+05:30,2024-05-24 10:00:00+05:30,-0.019411373046632707,0,0.34934968305648895,0.5669989869809781,0.5669989869809781,0.5,,0.4721162233458223,validation
2024-06-06 00:00:00+05:30,2024-05-31 10:00:00+05:30,0.011221108239878118,1,0.5228499217589178,0.565280656832209,0.565280656832209,0.5,,0.5293768595303755,validation
2024-06-13 00:00:00+05:30,2024-06-07 10:00:00+05:30,0.018153952277334726,1,0.5424212100445691,0.5539107019616614,0.5539107019616614,0.5,,0.5321106373354102,validation
2024-06-20 00:00:00+05:30,2024-06-14 10:00:00+05:30,0.006220777128977759,1,0.39229725367310647,0.5520891193833726,0.5520891193833726,0.5,,0.4814621243521597,validation
2024-06-27 00:00:00+05:30,2024-06-21 10:00:00+05:30,0.017937371357684227,1,0.474786453432019,0.5790483448652886,0.5790483448652886,0.5,,0.5179449327657691,validation
2024-07-04 00:00:00+05:30,2024-06-28 10:00:00+05:30,0.006765033144475721,1,0.4935271184991796,0.5779935783246906,0.5779935783246906,0.5,,0.5238402322746234,validation
2024-07-11 00:00:00+05:30,2024-07-05 10:00:00+05:30,0.005114647234413297,1,0.5065799355326662,0.5765552847099858,0.5765552847099858,0.5,,0.5277117400808841,validation
2024-07-18 00:00:00+05:30,2024-07-12 10:00:00+05:30,0.016911788058069036,1,0.4063992621213918,0.5704821258656886,0.5704821258656886,0.5,,0.49229379599569345,validation
2024-07-25 00:00:00+05:30,2024-07-19 10:00:00+05:30,-0.012427527841522137,0,0.34253228300023403,0.5632774863329243,0.5632774863329243,0.5,,0.4686032564443861,validation
2024-08-01 00:00:00+05:30,2024-07-26 10:00:00+05:30,0.017409138787329193,1,0.5281576522441924,0.5759282860238983,0.5759282860238983,0.5,,0.5346953127560302,validation
2024-08-08 00:00:00+05:30,2024-08-02 10:00:00+05:30,-0.02558723927989038,0,0.3270025166546875,0.561188195913961,0.561188195913961,0.5,,0.4627302375228828,validation
2024-08-14 00:00:00+05:30,2024-08-08 10:00:00+05:30,-0.0025171503113975017,0,0.47052700758370064,0.5674518474418272,0.5674518474418272,0.5,,0.5126596183418426,validation
2024-08-22 00:00:00+05:30,2024-08-16 10:00:00+05:30,0.02173666489263661,1,0.5950699801003682,0.5954745400747617,0.5954745400747617,0.5,,0.5635148400583766,validation
2024-08-29 00:00:00+05:30,2024-08-23 10:00:00+05:30,0.013549583463206822,1,0.335757433249235,0.5678840433068514,0.5678840433068514,0.5,,0.46788049218536215,validation
2024-09-05 00:00:00+05:30,2024-08-30 10:00:00+05:30,-0.0034717811504962172,0,0.5113728190697483,0.5729144565215234,0.5729144565215234,0.5,,0.5280957585304239,validation
2024-09-12 00:00:00+05:30,2024-09-06 10:00:00+05:30,0.01636868034854628,1,0.549725367185636,0.5706347285477031,0.5706347285477031,0.5,,0.5401200319111131,validation
2024-09-19 00:00:00+05:30,2024-09-13 10:00:00+05:30,0.002698812388413809,1,0.5570129341456501,0.554296215669459,0.554296215669459,0.5,,0.5371030499383697,validation
2024-09-26 00:00:00+05:30,2024-09-20 10:00:00+05:30,0.024303041682634443,1,0.5298033494823419,0.5738765801478712,0.5738765801478712,0.5,,0.5345599765434044,validation
2024-10-03 00:00:00+05:30,2024-09-27 10:00:00+05:30,-0.03911012103290289,0,0.5460307825684855,0.5575038093657587,0.5575038093657587,0.5,,0.534511530644748,validation
2024-10-10 00:00:00+05:30,2024-10-04 10:00:00+05:30,-0.011618962246732015,0,0.409214624424947,0.5664509842357652,0.5664509842357652,0.5,,0.4918885362202374,validation
2024-10-17 00:00:00+05:30,2024-10-11 10:00:00+05:30,-0.009574280278587498,0,0.5246433503575956,0.5677926475389667,0.5677926475389667,0.5,,0.5308119992988541,validation
2024-10-24 00:00:00+05:30,2024-10-18 10:00:00+05:30,-0.009887675182821439,0,0.46242475307332825,0.5664390170173251,0.5664390170173251,0.5,,0.5096212566968844,validation
2024-10-31 00:00:00+05:30,2024-10-25 10:00:00+05:30,-0.002055282860489657,0,0.518899950779425,0.5659568040653802,0.5659568040653802,0.5,,0.5282855849482684,validation
2024-11-14 00:00:00+05:30,2024-11-08 10:00:00+05:30,-0.02686604855688,0,0.4830769993677335,0.5678637326215038,0.5678637326215038,0.5,,0.5169802439964125,validation
2024-11-28 00:00:00+05:30,2024-11-22 10:00:00+05:30,0.017693342017743887,1,0.6220089798319584,0.557058144801431,0.557058144801431,0.5,,0.5596890415444631,validation
2024-12-05 00:00:00+05:30,2024-11-29 10:00:00+05:30,0.02716628688137108,1,0.5381247551181959,0.5317195281056702,0.5317195281056702,0.5,,0.5232814277412887,validation
2024-12-12 00:00:00+05:30,2024-12-06 10:00:00+05:30,-0.005929746029019875,0,0.5201387059664978,0.5626753146873743,0.5626753146873743,0.5,,0.5276046735512907,validation
2024-12-19 00:00:00+05:30,2024-12-13 10:00:00+05:30,-0.017627426374527667,0,0.4782092283430138,0.563726604163326,0.563726604163326,0.5,,0.5139786108354466,validation
2024-12-26 00:00:00+05:30,2024-12-20 10:00:00+05:30,-0.004419655302835797,0,0.559802836211874,0.5657287260178196,0.5657287260178196,0.5,,0.5418438540765645,validation
2025-01-02 00:00:00+05:30,2024-12-27 10:00:00+05:30,0.011425725878058294,1,0.6454035355930908,0.5690833113577354,0.5690833113577354,0.5,,0.5714956156502754,validation
2025-01-09 00:00:00+05:30,2025-01-03 10:00:00+05:30,-0.02284296094147895,0,0.4653800220026495,0.566679372834255,0.566679372834255,0.5,,0.5106864649456347,validation
2025-01-16 00:00:00+05:30,2025-01-10 10:00:00+05:30,-0.002303045213902506,0,0.5205689038532423,0.5698836705875242,0.5698836705875242,0.5,,0.5301508581469222,validation
2025-01-23 00:00:00+05:30,2025-01-17 10:00:00+05:30,-0.0008916380454351213,0,0.3940039297512996,0.5558934176062934,0.5558934176062934,0.5,,0.4832991157858643,validation
2025-01-30 00:00:00+05:30,2025-01-24 10:00:00+05:30,0.004723065423168933,1,0.422437461059416,0.5566128442821673,0.5566128442821673,0.5,,0.49301676844719444,validation
2025-02-06 00:00:00+05:30,2025-01-31 10:00:00+05:30,0.0090009800121713,1,0.49138731406173,0.5617070339961174,0.5617070339961174,0.5,,0.5176981160192825,validation
2025-02-13 00:00:00+05:30,2025-02-07 10:00:00+05:30,-0.02454709545515432,0,0.4752660100069072,0.5638474212554725,0.5638474212554725,0.5,,0.5130378104207932,validation
2025-02-20 00:00:00+05:30,2025-02-14 10:00:00+05:30,-0.006186865074375133,0,0.4658236657331769,0.5581720316620559,0.5581720316620559,0.5,,0.507998565798411,validation
2025-02-27 00:00:00+05:30,2025-02-21 10:00:00+05:30,-0.011466473005667494,0,0.39219182541167963,0.5569745744697512,0.5569745744697512,0.5,,0.4830554666271436,validation
2025-03-06 00:00:00+05:30,2025-02-28 10:00:00+05:30,0.013888600357068626,1,0.3556864179582709,0.5623263956580087,0.5623263956580087,0.5,,0.4726709378720932,validation
2025-03-13 00:00:00+05:30,2025-03-07 10:00:00+05:30,-0.006850111383206682,0,0.3842432602898087,0.553965022877669,0.553965022877669,0.5,,0.47940276105582597,validation
2025-03-27 00:00:00+05:30,2025-03-21 10:00:00+05:30,0.014179003546960604,1,0.6292843571382714,0.5661044866014862,0.5661044866014862,0.5,,0.5651296145799192,validation
2025-04-03 00:00:00+05:30,2025-03-28 10:00:00+05:30,-0.012907678312669564,0,0.5553027765328306,0.5645841065302656,0.5645841065302656,0.5,,0.5399622943543654,validation
2025-04-07 00:00:00+05:30,2025-04-01 10:00:00+05:30,-0.05865425321752869,0,0.5834270718969463,0.5681443612535643,0.5681443612535643,0.5,,0.5505238110501702,validation
2025-04-21 00:00:00+05:30,2025-04-15 10:00:00+05:30,0.03409945847423275,1,0.6572743432088133,0.564513330102873,0.564513330102873,0.5,,0.5739292244372288,validation
2025-04-28 00:00:00+05:30,2025-04-22 10:00:00+05:30,0.006283960758333817,1,0.6264016293264182,0.5611898746647912,0.5611898746647912,0.5,,0.5625305013304032,validation
2025-05-05 00:00:00+05:30,2025-04-29 10:00:00+05:30,0.0036019766860956454,1,0.6313946011306609,0.5623068075797407,0.5623068075797407,0.5,,0.5645671362368005,validation
2025-05-12 00:00:00+05:30,2025-05-06 10:00:00+05:30,0.02180907623459769,1,0.5464814559358857,0.557805768713434,0.557805768713434,0.5,,0.5347624082164399,validation
2025-05-19 00:00:00+05:30,2025-05-13 10:00:00+05:30,0.008579337535120466,1,0.5866356610338244,0.5593689629880954,0.5593689629880954,0.5,,0.5486682080073065,validation
2025-05-26 00:00:00+05:30,2025-05-20 10:00:00+05:30,0.004365313766262517,1,0.5959335985929775,0.558785331066078,0.558785331066078,0.5,,0.5515729765530185,validation
2025-06-02 00:00:00+05:30,2025-05-27 10:00:00+05:30,-0.0018856166226130814,0,0.48084109219652743,0.5622305298236019,0.5622305298236019,0.5,,0.5143572073400431,validation
2025-06-09 00:00:00+05:30,2025-06-03 10:00:00+05:30,0.018914410067472232,1,0.6161605745418888,0.5605591809734072,0.5605591809734072,0.5,,0.5589065851717653,validation
2025-06-16 00:00:00+05:30,2025-06-10 10:00:00+05:30,-0.007388507591986641,0,0.5659753220510867,0.5613722106248665,0.5613722106248665,0.5,,0.5424491775586511,validation
2025-06-23 00:00:00+05:30,2025-06-17 10:00:00+05:30,0.003873839409027704,1,0.5267951131238674,0.5604775795229018,0.5604775795229018,0.5,,0.5290908975489231,validation
2025-06-30 00:00:00+05:30,2025-06-24 10:00:00+05:30,0.012395724548481759,1,0.6253418172165145,0.5612153659825986,0.5612153659825986,0.5,,0.5621857277330377,validation
2025-07-07 00:00:00+05:30,2025-07-01 10:00:00+05:30,-0.004052841356689502,0,0.5831536019792412,0.5607401821348389,0.5607401821348389,0.5,,0.5479645947046934,validation
2025-07-14 00:00:00+05:30,2025-07-08 10:00:00+05:30,-0.01452778429631691,0,0.645000325982478,0.5591482249459006,0.5591482249459006,0.5,,0.5680495169761262,validation
2025-07-21 00:00:00+05:30,2025-07-15 10:00:00+05:30,-0.000557820053750903,0,0.5658940661300511,0.5592460876033526,0.5592460876033526,0.5,,0.5417133845778013,validation
2025-07-28 00:00:00+05:30,2025-07-22 10:00:00+05:30,-0.016678805741370168,0,0.578886129825397,0.5592602023133331,0.5592602023133331,0.5,,0.5460487773795767,validation
2025-08-04 00:00:00+05:30,2025-07-29 10:00:00+05:30,0.0009125315896687464,1,0.5631431652643683,0.5592260875498881,0.5592260875498881,0.5,,0.5407897509380855,validation
2025-08-11 00:00:00+05:30,2025-08-05 10:00:00+05:30,-0.0005022116734557305,0,0.5843642305891097,0.5592604905391462,0.5592604905391462,0.5,,0.5478749070427519,validation
2025-08-18 00:00:00+05:30,2025-08-12 10:00:00+05:30,0.007950498828760115,1,0.5711226626601721,0.5593514860929898,0.5593514860929898,0.5,,0.5434913829177206,validation
2025-08-25 00:00:00+05:30,2025-08-19 10:00:00+05:30,0.0022735119699290453,1,0.6072357351071942,0.5592604905246016,0.5592604905246016,0.5,,0.5554987418772653,validation
2025-09-09 00:00:00+05:30,2025-09-03 10:00:00+05:30,0.01119290947158382,1,0.5520736616894087,0.5592593631345364,0.5592593631345364,0.5,,0.5371110082746484,validation
2025-09-16 00:00:00+05:30,2025-09-10 10:00:00+05:30,0.009306576951673282,1,0.6009340848156921,0.5592599785049077,0.5592599785049077,0.5,,0.5533980211068666,validation
2025-09-23 00:00:00+05:30,2025-09-17 10:00:00+05:30,-0.005813538010692274,0,0.6097493714350429,0.559259332165364,0.559259332165364,0.5,,0.556336234533469,validation
2025-09-30 00:00:00+05:30,2025-09-24 10:00:00+05:30,-0.01936745076171875,0,0.5612255419288469,0.5592604905391441,0.5592604905391441,0.5,,0.5401620108226637,validation
2025-10-07 00:00:00+05:30,2025-10-01 10:00:00+05:30,0.017391672839121634,1,0.5889992267058394,0.5592931107281172,0.5592931107281172,0.5,,0.5494307791446521,validation
2025-10-14 00:00:00+05:30,2025-10-08 10:00:00+05:30,-0.0006619271863396724,0,0.5678027460397791,0.5592604905391466,0.5592604905391466,0.5,,0.5423544121929752,validation
2025-10-21 00:00:00+05:30,2025-10-15 10:00:00+05:30,0.025416338384615926,1,0.60846412011275,0.5592604905382025,0.5592604905382025,0.5,,0.5559082035503174,validation
2025-11-04 00:00:00+05:30,2025-10-29 10:00:00+05:30,-0.015544063199583551,0,0.5585037194883093,0.5592604905386451,0.5592604905386451,0.5,,0.5392547366756515,validation
2025-11-18 00:00:00+05:30,2025-11-12 10:00:00+05:30,0.001935484475177267,1,0.6217120992874392,0.5592604905391466,0.5592604905391466,0.5,,0.560324196608862,validation
2025-11-25 00:00:00+05:30,2025-11-19 10:00:00+05:30,-0.0012721383192017296,0,0.4745438227650494,0.5592604905391466,0.5592604905391466,0.5,,0.511268104434732,validation
2025-12-02 00:00:00+05:30,2025-11-26 10:00:00+05:30,-0.0020856225331982144,0,0.6081604757781897,0.5592604905391466,0.5592604905391466,0.5,,0.5558069887724454,validation
2025-12-09 00:00:00+05:30,2025-12-03 10:00:00+05:30,-0.0039049574151686635,0,0.5301249453442108,0.5592604905391466,0.5592604905391466,0.5,,0.5297951452944525,validation
2025-12-16 00:00:00+05:30,2025-12-10 10:00:00+05:30,-0.0009430936487479061,0,0.5281842897241347,0.5592604905391466,0.5592604905391466,0.5,,0.5291482600877604,validation
2025-12-23 00:00:00+05:30,2025-12-17 10:00:00+05:30,0.011972992271989131,1,0.5378068975862903,0.5592604905391466,0.5592604905391466,0.5,,0.5323557960418123,validation
2025-12-30 00:00:00+05:30,2025-12-24 10:00:00+05:30,-0.010710074190226182,0,0.59267430851064,0.5592604905391466,0.5592604905391466,0.5,,0.5506449330165956,validation
2026-01-06 00:00:00+05:30,2025-12-31 10:00:00+05:30,0.007646035946178461,1,0.5583179713199926,0.5592604905391466,0.5592604905391466,0.5,,0.5391928206197131,validation
2026-01-13 00:00:00+05:30,2026-01-07 10:00:00+05:30,-0.01573117267838078,0,0.3456378054367808,0.5862879059620485,0.5780768638435132,0.5,,0.4745715564267647,holdout
2026-01-20 00:00:00+05:30,2026-01-14 10:00:00+05:30,-0.019441216624801933,0,0.3473135905213756,0.5493196151024272,0.5394034700817069,0.5,,0.46223902020102753,holdout
2026-01-27 00:00:00+05:30,2026-01-21 10:00:00+05:30,0.0009478023915787328,1,0.37061296267762195,0.5730725830900631,0.6171476434330051,0.5,,0.49592020203687565,holdout
2026-02-03 00:00:00+05:30,2026-01-28 10:00:00+05:30,0.016582132577126943,1,0.4431382956800474,0.5932269337887197,0.5842287568120544,0.5,,0.5091223508307007,holdout
2026-02-10 00:00:00+05:30,2026-02-04 10:00:00+05:30,0.006058380297638091,1,0.32698708992583225,0.6647093394039556,0.6772550179860212,0.5,,0.5014140359706177,holdout
2026-02-17 00:00:00+05:30,2026-02-11 10:00:00+05:30,-0.00790827090456987,0,0.2980603012700278,0.5382819897622727,0.5548164622590722,0.5,,0.4509589211763667,holdout
2026-02-24 00:00:00+05:30,2026-02-18 10:00:00+05:30,-0.009091416632241188,0,0.3617369495789096,0.5198751770690535,0.5313385363944901,0.5,,0.4643584953244666,holdout
2026-03-02 00:00:00+05:30,2026-02-24 10:00:00+05:30,-0.025851633952517616,0,0.2458748497363284,0.6349603262500982,0.6169311176220996,0.5,,0.45426865578614267,holdout
2026-03-10 00:00:00+05:30,2026-03-04 10:00:00+05:30,-0.002217097253060749,0,0.4525052569622993,0.5874969405960802,0.6256796304422331,0.5,,0.5260616291348441,holdout
2026-03-17 00:00:00+05:30,2026-03-11 10:00:00+05:30,-0.02367107084600556,0,0.3740563940211984,0.6291340271957208,0.6568309716763616,0.5,,0.5102957885658533,holdout
2026-03-24 00:00:00+05:30,2026-03-18 10:00:00+05:30,-0.03323546045884739,0,0.49199322993035255,0.6240323771001847,0.6272757595187546,0.5,,0.539756329816369,holdout
2026-03-30 00:00:00+05:30,2026-03-24 10:00:00+05:30,-0.018452697223568973,0,0.510334429226718,0.680677869558811,0.6953590975410691,0.5,,0.5685645089225957,holdout
2026-04-07 00:00:00+05:30,2026-04-01 10:00:00+05:30,0.009529054463374683,1,0.45348212278246347,0.6351955001205551,0.6688508532863714,0.5,,0.5407776586896116,holdout
2026-04-13 00:00:00+05:30,2026-04-07 10:00:00+05:30,0.040435157661515744,1,0.4737122394255519,0.6100957567847384,0.6504386203015475,0.5,,0.5413836199090332,holdout
2026-04-21 00:00:00+05:30,2026-04-15 10:00:00+05:30,0.01453758811764958,1,0.47671628961277807,0.5689627212418571,0.6063850685981008,0.5,,0.5277004527369596,holdout
2026-04-28 00:00:00+05:30,2026-04-22 10:00:00+05:30,-0.015207358543874663,0,0.40218171314915757,0.5245357769883144,0.5761223513857445,0.5,,0.49276802151163407,holdout
2026-05-05 00:00:00+05:30,2026-04-29 10:00:00+05:30,-0.006408138046235514,0,0.6114912980385897,0.527128255314276,0.5864496171544908,0.5,,0.5659803050643601,holdout
2026-05-12 00:00:00+05:30,2026-05-06 10:00:00+05:30,-0.03156308887393927,0,0.45203247327648377,0.5374303234154499,0.5780400113574579,0.5,,0.5100241615446471,holdout
2026-05-19 00:00:00+05:30,2026-05-13 10:00:00+05:30,0.010879100581614171,1,0.4574770429914892,0.5584760026260296,0.6327000515978918,0.5,,0.5300590315297936,holdout
2026-06-16 00:00:00+05:30,2026-06-10 10:00:00+05:30,0.02619556624288292,1,0.6031543503398671,0.5359718489692556,0.6089686155607769,0.5,,0.5707076553002146,holdout
2026-06-23 00:00:00+05:30,2026-06-17 10:00:00+05:30,-0.009807317084846464,0,0.5786208230434284,0.5253761510206693,0.6007239380865396,0.5,,0.5597815870433226,holdout
2026-06-30 00:00:00+05:30,2026-06-24 10:00:00+05:30,-6.285137848853008e-06,0,0.46356214457889355,0.5275070084694609,0.6020946446275232,0.5,,0.5218855964021389,holdout
